2026-07-31 00:08:50 WARNING  apscheduler.executors.default  Run time of job "scan_for_entries_s2 (trigger: interval[0:00:30], next run at: 2026-07-31 03:09:16 EDT)" was missed by 0:00:03.796334
2026-07-31 00:08:50 WARNING  apscheduler.executors.default  Run time of job "manage_open_trades (trigger: interval[0:00:30], next run at: 2026-07-31 03:09:16 EDT)" was missed by 0:00:03.971678
2026-07-31 00:08:50 WARNING  apscheduler.executors.default  Run time of job "scan_for_entries (trigger: interval[0:01:00], next run at: 2026-07-31 03:09:16 EDT)" was missed by 0:00:33.972091
2026-07-31 00:08:50 WARNING  apscheduler.executors.default  Run time of job "scan_for_put_scalp (trigger: interval[0:01:00], next run at: 2026-07-31 03:09:16 EDT)" was missed by 0:00:33.972056
2026-07-31 01:02:47 WARNING  apscheduler.executors.default  Run time of job "scan_for_entries (trigger: interval[0:01:00], next run at: 2026-07-31 04:03:16 EDT)" was missed by 0:00:30.813411
2026-07-31 01:02:47 WARNING  apscheduler.executors.default  Run time of job "scan_for_put_scalp (trigger: interval[0:01:00], next run at: 2026-07-31 04:03:16 EDT)" was missed by 0:00:30.835730
2026-07-31 01:09:55 WARNING  apscheduler.executors.default  Run time of job "scan_for_entries_s2 (trigger: interval[0:00:30], next run at: 2026-07-31 04:10:16 EDT)" was missed by 0:00:09.386161
2026-07-31 01:09:55 WARNING  apscheduler.executors.default  Run time of job "manage_open_trades (trigger: interval[0:00:30], next run at: 2026-07-31 04:10:16 EDT)" was missed by 0:00:09.411331
2026-07-31 01:09:55 WARNING  apscheduler.executors.default  Run time of job "scan_for_entries (trigger: interval[0:01:00], next run at: 2026-07-31 04:10:16 EDT)" was missed by 0:00:39.412419
2026-07-31 01:09:55 WARNING  apscheduler.executors.default  Run time of job "scan_for_put_scalp (trigger: interval[0:01:00], next run at: 2026-07-31 04:10:16 EDT)" was missed by 0:00:39.424481
2026-07-31 02:11:01 WARNING  apscheduler.executors.default  Run time of job "scan_for_entries_s2 (trigger: interval[0:00:30], next run at: 2026-07-31 05:11:16 EDT)" was missed by 0:00:15.593196
2026-07-31 02:11:01 WARNING  apscheduler.executors.default  Run time of job "manage_open_trades (trigger: interval[0:00:30], next run at: 2026-07-31 05:11:16 EDT)" was missed by 0:00:15.601366
2026-07-31 02:11:01 WARNING  apscheduler.executors.default  Run time of job "scan_for_entries (trigger: interval[0:01:00], next run at: 2026-07-31 05:11:16 EDT)" was missed by 0:00:45.602005
2026-07-31 02:11:01 WARNING  apscheduler.executors.default  Run time of job "scan_for_put_scalp (trigger: interval[0:01:00], next run at: 2026-07-31 05:11:16 EDT)" was missed by 0:00:45.602578
2026-07-31 03:12:07 WARNING  apscheduler.executors.default  Run time of job "scan_for_entries (trigger: interval[0:01:00], next run at: 2026-07-31 06:12:16 EDT)" was missed by 0:00:51.672120
2026-07-31 03:12:07 WARNING  apscheduler.executors.default  Run time of job "scan_for_entries_s2 (trigger: interval[0:00:30], next run at: 2026-07-31 06:12:16 EDT)" was missed by 0:00:21.680855
2026-07-31 03:12:07 WARNING  apscheduler.executors.default  Run time of job "scan_for_put_scalp (trigger: interval[0:01:00], next run at: 2026-07-31 06:12:16 EDT)" was missed by 0:00:51.684365
2026-07-31 03:12:07 WARNING  apscheduler.executors.default  Run time of job "manage_open_trades (trigger: interval[0:00:30], next run at: 2026-07-31 06:12:16 EDT)" was missed by 0:00:21.684551
2026-07-31 04:13:14 WARNING  apscheduler.executors.default  Run time of job "scan_for_entries (trigger: interval[0:01:00], next run at: 2026-07-31 07:13:16 EDT)" was missed by 0:00:58.737867
2026-07-31 04:13:15 WARNING  apscheduler.executors.default  Run time of job "scan_for_entries_s2 (trigger: interval[0:00:30], next run at: 2026-07-31 07:13:16 EDT)" was missed by 0:00:28.824984
2026-07-31 04:13:15 WARNING  apscheduler.executors.default  Run time of job "scan_for_put_scalp (trigger: interval[0:01:00], next run at: 2026-07-31 07:13:16 EDT)" was missed by 0:00:58.875460
2026-07-31 04:13:15 WARNING  apscheduler.executors.default  Run time of job "manage_open_trades (trigger: interval[0:00:30], next run at: 2026-07-31 07:13:16 EDT)" was missed by 0:00:28.881797
2026-07-31 05:14:21 WARNING  apscheduler.executors.default  Run time of job "scan_for_entries (trigger: interval[0:01:00], next run at: 2026-07-31 08:15:16 EDT)" was missed by 0:00:05.249384
2026-07-31 05:14:21 WARNING  apscheduler.executors.default  Run time of job "scan_for_entries_s2 (trigger: interval[0:00:30], next run at: 2026-07-31 08:14:46 EDT)" was missed by 0:00:05.336622
2026-07-31 05:14:21 WARNING  apscheduler.executors.default  Run time of job "scan_for_put_scalp (trigger: interval[0:01:00], next run at: 2026-07-31 08:15:16 EDT)" was missed by 0:00:05.336957
2026-07-31 05:14:21 WARNING  apscheduler.executors.default  Run time of job "manage_open_trades (trigger: interval[0:00:30], next run at: 2026-07-31 08:14:46 EDT)" was missed by 0:00:05.337046
2026-07-31 06:15:27 WARNING  apscheduler.executors.default  Run time of job "scan_for_entries (trigger: interval[0:01:00], next run at: 2026-07-31 09:16:16 EDT)" was missed by 0:00:11.700179
2026-07-31 06:15:27 WARNING  apscheduler.executors.default  Run time of job "scan_for_entries_s2 (trigger: interval[0:00:30], next run at: 2026-07-31 09:15:46 EDT)" was missed by 0:00:11.751183
2026-07-31 06:15:27 WARNING  apscheduler.executors.default  Run time of job "scan_for_put_scalp (trigger: interval[0:01:00], next run at: 2026-07-31 09:16:16 EDT)" was missed by 0:00:11.751529
2026-07-31 06:15:27 WARNING  apscheduler.executors.default  Run time of job "manage_open_trades (trigger: interval[0:00:30], next run at: 2026-07-31 09:15:46 EDT)" was missed by 0:00:11.757220
2026-07-31 06:25:21 WARNING  apscheduler.executors.default  Run time of job "scan_for_entries (trigger: interval[0:01:00], next run at: 2026-07-31 09:26:16 EDT)" was missed by 0:00:05.365504
2026-07-31 06:25:21 WARNING  apscheduler.executors.default  Run time of job "scan_for_entries_s2 (trigger: interval[0:00:30], next run at: 2026-07-31 09:25:46 EDT)" was missed by 0:00:05.393284
2026-07-31 06:25:21 WARNING  apscheduler.executors.default  Run time of job "scan_for_put_scalp (trigger: interval[0:01:00], next run at: 2026-07-31 09:26:16 EDT)" was missed by 0:00:05.410205
2026-07-31 06:25:21 WARNING  apscheduler.executors.default  Run time of job "manage_open_trades (trigger: interval[0:00:30], next run at: 2026-07-31 09:25:46 EDT)" was missed by 0:00:05.410626
2026-07-31 08:00:18 WARNING  apscheduler.executors.default  Run time of job "scan_for_entries_s2 (trigger: interval[0:00:30], next run at: 2026-07-31 11:00:46 EDT)" was missed by 0:00:02.302048
2026-07-31 08:00:18 WARNING  apscheduler.executors.default  Run time of job "manage_open_trades (trigger: interval[0:00:30], next run at: 2026-07-31 11:00:46 EDT)" was missed by 0:00:02.303042
2026-07-31 08:00:18 WARNING  apscheduler.executors.default  Run time of job "scan_for_entries (trigger: interval[0:01:00], next run at: 2026-07-31 11:01:16 EDT)" was missed by 0:00:02.315949
2026-07-31 08:00:18 WARNING  apscheduler.executors.default  Run time of job "scan_for_put_scalp (trigger: interval[0:01:00], next run at: 2026-07-31 11:01:16 EDT)" was missed by 0:00:02.316109
INFO:     Started server process [11039]
INFO:     Waiting for application startup.
2026-07-31 08:00:40 INFO     app.services.scheduler  Tradier: market data → https://api.tradier.com/v1 | .env orders → https://api.tradier.com/v1 [LIVE] (account 6YB81397)
2026-07-31 08:00:40 INFO     app.services.scheduler  Scheduler started — scan every 60s, manage every 30s, window 10:45–13:30 ET  | regime gate=ON (QQQ) | IV max=175% | cooldown=30m | sym loss cap=2/day
2026-07-31 08:00:40 INFO     app.services.s3.engine  [S3] disabled (S3_ENABLED=0) — engine not started
INFO:     Application startup complete.
INFO:     Uvicorn running on http://0.0.0.0:8000 (Press CTRL+C to quit)
2026-07-31 08:00:40 INFO     app.services.scheduler  [accounts] Primary        ENABLED acct=6YB81397   LIVE → S1, S2 | risk S1 $150 / S2 $120 | slots S1 2 / S2 2 / PS 1
2026-07-31 08:00:40 INFO     app.services.tradier  [accounts] Tradier client created for Primary#1 — orders → LIVE (account 6YB81397)
2026-07-31 08:01:18 WARNING  app.services.tradier  get_intraday_bars(QQQ): ReadTimeout — skipping this cycle
2026-07-31 08:01:20 INFO     app.services.scheduler  [vol-ceiling][AAPL] Symbol too hot — true range 409% of its own ATR(14) (max 250%) — post-event whip risk, blocking entry
2026-07-31 08:01:20 DEBUG    app.services.strategy_ema  [S2-5m-filter][NVDA] CALL OK — EMA9=197.6654 > EMA21=196.9142 close=198.1101 > VWAP=197.6977 slopes both↑
2026-07-31 08:01:20 INFO     app.services.strategy_ema  [S2-freshness][NVDA] No CALL EMA cross found in TODAY's session — trend predates today, blocking
2026-07-31 08:01:21 DEBUG    app.services.strategy_ema  [S2-5m-filter][GOOGL] CALL OK — EMA9=348.9344 > EMA21=345.2733 close=352.3300 > VWAP=345.9909 slopes both↑
2026-07-31 08:01:21 INFO     app.services.strategy_ema  [S2-freshness][GOOGL] No CALL EMA cross found in TODAY's session — trend predates today, blocking
2026-07-31 08:01:22 INFO     app.services.strategy_ema  [S2-5m-filter][INTC] CALL blocked — EMA9=93.1186 EMA21=93.0052 close=93.1050 VWAP=94.2235 EMA9_slope=↓ EMA21_slope=↑
2026-07-31 08:01:23 INFO     app.services.strategy_ema  [S2-5m-filter][NOW] CALL blocked — EMA9=109.6377 EMA21=109.8644 close=109.2750 VWAP=109.9965 EMA9_slope=↓ EMA21_slope=↓
2026-07-31 08:01:23 INFO     app.services.scheduler  [S2][NOW] PUT entries disabled (s2_puts_enabled=0) — skip
2026-07-31 08:01:28 WARNING  app.services.tradier  get_daily_bars(AMZN) failed: ReadTimeout
2026-07-31 08:01:28 DEBUG    app.services.strategy_ema  [S2-5m-filter][AMZN] CALL OK — EMA9=269.8444 > EMA21=264.0720 close=270.8100 > VWAP=268.5008 slopes both↑
2026-07-31 08:01:28 DEBUG    app.services.strategy_ema  [S2-freshness][AMZN] CALL cross 17 bars old — within 40-bar window ✓
2026-07-31 08:01:29 DEBUG    app.services.strategy_ema  [S2-pullback][AMZN] CALL — no pullback: pullback-bar low=270.6600 close=270.8100 EMA9=269.8444 (need low≤EMA9 or close within 0.2698)
2026-07-31 08:01:29 WARNING  app.services.tradier  get_intraday_bars(PLTR): ReadTimeout — skipping this cycle
2026-07-31 08:01:29 INFO     app.services.strategy_ema  [S2-5m-filter][SHOP] CALL blocked — EMA9=117.6487 EMA21=119.0275 close=116.9150 VWAP=119.4213 EMA9_slope=↓ EMA21_slope=↓
2026-07-31 08:01:29 INFO     app.services.scheduler  [S2][SHOP] PUT entries disabled (s2_puts_enabled=0) — skip
2026-07-31 08:01:30 WARNING  app.services.scheduler  [S2][PLTR] Missing 5-min bars — skipping
2026-07-31 08:01:30 INFO     app.services.scheduler  [energy-gate][UBER] Symbol not in play — true range 38% of its own ATR(14) (min 50%) — blocking entry
2026-07-31 08:01:31 INFO     app.services.scheduler  [vol-ceiling][COIN] Symbol too hot — true range 270% of its own ATR(14) (max 250%) — post-event whip risk, blocking entry
2026-07-31 08:01:31 INFO     app.services.strategy_ema  [S2-5m-filter][RIVN] CALL blocked — EMA9=15.7765 EMA21=15.9740 close=15.7300 VWAP=16.0445 EMA9_slope=↓ EMA21_slope=↓
2026-07-31 08:01:31 INFO     app.services.scheduler  [S2][RIVN] PUT entries disabled (s2_puts_enabled=0) — skip
2026-07-31 08:01:31 WARNING  app.services.tradier  get_intraday_bars(NFLX): ReadTimeout — skipping this cycle
2026-07-31 08:01:32 WARNING  app.services.scheduler  [S2][NFLX] Missing 5-min bars — skipping
2026-07-31 08:01:32 INFO     app.services.strategy_ema  [S2-5m-filter][F] CALL blocked — EMA9=14.5281 EMA21=14.5845 close=14.5750 VWAP=14.5807 EMA9_slope=↑ EMA21_slope=↓
2026-07-31 08:01:33 INFO     app.services.strategy_ema  [S2-5m-filter][JOBY] CALL blocked — EMA9=7.0442 EMA21=7.0819 close=7.0719 VWAP=7.0889 EMA9_slope=↑ EMA21_slope=↓
2026-07-31 08:01:34 INFO     app.services.strategy_ema  [S2-5m-filter][CELH] CALL blocked — EMA9=28.8803 EMA21=28.9205 close=28.9450 VWAP=28.9192 EMA9_slope=↑ EMA21_slope=↑
2026-07-31 08:01:35 DEBUG    app.services.strategy_ema  [S2-5m-filter][WMT] CALL OK — EMA9=111.3139 > EMA21=111.2192 close=111.3300 > VWAP=111.0685 slopes both↑
2026-07-31 08:01:35 DEBUG    app.services.strategy_ema  [S2-freshness][WMT] CALL cross 13 bars old — within 40-bar window ✓
2026-07-31 08:01:35 INFO     app.services.strategy_ema  [S2-pullback][WMT] CALL pullback ✓ — pullback-bar low=111.2550 close=111.3300 EMA9=111.3139
2026-07-31 08:01:35 INFO     app.services.strategy_ema  [S2-confirm][WMT] CALL confirmation failed — candle bearish/doji (open=111.3300 close=111.3000) prev_high=111.3300 ema9=111.3139 above_ema9=False
2026-07-31 08:01:36 INFO     app.services.strategy_ema  [S2-5m-filter][FIG] CALL blocked — EMA9=24.0678 EMA21=24.0515 close=23.9000 VWAP=24.2019 EMA9_slope=↓ EMA21_slope=↓
2026-07-31 08:01:37 INFO     app.services.strategy_ema  [S2-5m-filter][FISV] CALL blocked — EMA9=53.0833 EMA21=53.2377 close=52.9500 VWAP=53.1939 EMA9_slope=↓ EMA21_slope=↓
2026-07-31 08:01:37 INFO     app.services.scheduler  [S2][FISV] PUT entries disabled (s2_puts_enabled=0) — skip
2026-07-31 08:01:38 INFO     app.services.strategy_ema  [S2-5m-filter][UBS] CALL blocked — EMA9=52.7892 EMA21=52.8196 close=52.8900 VWAP=52.7044 EMA9_slope=↑ EMA21_slope=↑
2026-07-31 08:01:38 WARNING  app.services.tradier  get_daily_bars(SOFI) failed: ReadTimeout
2026-07-31 08:01:38 INFO     app.services.strategy_ema  [S2-5m-filter][SOFI] CALL blocked — EMA9=16.0993 EMA21=16.1366 close=16.1100 VWAP=16.1547 EMA9_slope=↑ EMA21_slope=↓
2026-07-31 08:01:40 WARNING  apscheduler.scheduler  Execution of job "scan_for_entries_s2 (trigger: interval[0:00:30], next run at: 2026-07-31 11:01:40 EDT)" skipped: maximum number of running instances reached (1)
2026-07-31 08:01:40 INFO     app.services.scheduler  [Primary] [adaptive-band] QQQ → band=0.80% (normal (adaptive off)) | regime=BEARISH
2026-07-31 08:01:41 INFO     app.services.strategy  [NVDA] [L1] CALL rejected — price 197.87 is only 0.086% from VWAP 197.70 (min clearance 0.40% — AT RISK, no directional conviction)
2026-07-31 08:01:41 INFO     app.services.scheduler  [vol-ceiling][AMZN] Symbol too hot — true range 526% of its own ATR(14) (max 250%) — post-event whip risk, blocking entry
2026-07-31 08:01:41 INFO     app.services.strategy  [GOOGL] [L1] CALL rejected — price 353.11 is 1.992% from VWAP 346.21 (band=0.80% — waiting for pullback to VWAP)
2026-07-31 08:01:41 INFO     app.services.scheduler  [vol-ceiling][AAPL] Symbol too hot — true range 409% of its own ATR(14) (max 250%) — post-event whip risk, blocking entry
2026-07-31 08:01:41 INFO     app.services.strategy  [NOW] [L1] PUT entries disabled (s1_puts_enabled=0) — skip
2026-07-31 08:01:41 INFO     app.services.strategy  [INTC] [L1] CALL rejected — price 92.85 is BELOW VWAP 94.32 (wrong side for bullish bounce)
2026-07-31 08:01:41 INFO     app.services.strategy  [PLTR] [L1] PUT entries disabled (s1_puts_enabled=0) — skip
2026-07-31 08:01:42 INFO     app.services.strategy  [NFLX] [L1] PUT entries disabled (s1_puts_enabled=0) — skip
2026-07-31 08:01:42 INFO     app.services.strategy  [IWM] [L1] PUT entries disabled (s1_puts_enabled=0) — skip
2026-07-31 08:01:42 WARNING  app.services.tradier  get_intraday_bars(VTI): ReadTimeout — skipping this cycle
2026-07-31 08:01:43 INFO     app.services.strategy  [CRM] [L1] trend=neutral (price=180.94 vs EMA21) — no signal
2026-07-31 08:01:43 INFO     app.services.strategy  [SOFI] [L1] PUT entries disabled (s1_puts_enabled=0) — skip
2026-07-31 08:01:43 INFO     app.services.scheduler  [vol-ceiling][COIN] Symbol too hot — true range 270% of its own ATR(14) (max 250%) — post-event whip risk, blocking entry
2026-07-31 08:01:44 INFO     app.services.strategy  [F] [L1] PUT entries disabled (s1_puts_enabled=0) — skip
2026-07-31 08:01:44 INFO     app.services.strategy  [CELH] [L1] PUT entries disabled (s1_puts_enabled=0) — skip
2026-07-31 08:01:44 INFO     app.services.strategy  [WMT] [L1] CALL rejected — price 111.30 is only 0.209% from VWAP 111.07 (min clearance 0.40% — AT RISK, no directional conviction)
2026-07-31 08:01:45 INFO     app.services.strategy  [VTI] [L1] CALL rejected — price 366.28 is only 0.018% from VWAP 366.21 (min clearance 0.40% — AT RISK, no directional conviction)
2026-07-31 08:01:45 INFO     app.services.strategy  [FISV] [L1] PUT entries disabled (s1_puts_enabled=0) — skip
2026-07-31 08:01:49 WARNING  app.services.tradier  get_intraday_bars(SHOP): ReadTimeout — skipping this cycle
2026-07-31 08:01:49 WARNING  app.services.scheduler  [SHOP] No 15-min bars returned from Tradier — skipping entry (likely timeout or market closed)
2026-07-31 08:01:50 WARNING  app.services.tradier  get_intraday_bars(VTI): ReadTimeout — skipping this cycle
2026-07-31 08:01:50 WARNING  app.services.scheduler  [S2][VTI] Missing 5-min + 1-min bars — skipping
2026-07-31 08:01:51 WARNING  app.services.tradier  get_intraday_bars(UBER): ReadTimeout — skipping this cycle
2026-07-31 08:01:51 WARNING  app.services.scheduler  [UBER] No 15-min bars returned from Tradier — skipping entry (likely timeout or market closed)
2026-07-31 08:02:11 INFO     app.services.scheduler  [vol-ceiling][AAPL] Symbol too hot — true range 409% of its own ATR(14) (max 250%) — post-event whip risk, blocking entry
2026-07-31 08:02:11 INFO     app.services.strategy_ema  [S2-freshness][NVDA] No CALL EMA cross found in TODAY's session — trend predates today, blocking
2026-07-31 08:02:11 INFO     app.services.strategy_ema  [S2-freshness][GOOGL] No CALL EMA cross found in TODAY's session — trend predates today, blocking
2026-07-31 08:02:12 INFO     app.services.scheduler  [S2][NOW] PUT entries disabled (s2_puts_enabled=0) — skip
2026-07-31 08:02:13 INFO     app.services.strategy_ema  [S2-5m-filter][NFLX] CALL blocked — EMA9=71.4684 EMA21=71.7997 close=71.5850 VWAP=71.7759 EMA9_slope=↑ EMA21_slope=↓
2026-07-31 08:02:14 INFO     app.services.scheduler  [S2][SHOP] PUT entries disabled (s2_puts_enabled=0) — skip
2026-07-31 08:02:16 INFO     app.services.scheduler  [energy-gate][UBER] Symbol not in play — true range 38% of its own ATR(14) (min 50%) — blocking entry
2026-07-31 08:02:16 INFO     app.services.scheduler  [vol-ceiling][COIN] Symbol too hot — true range 270% of its own ATR(14) (max 250%) — post-event whip risk, blocking entry
2026-07-31 08:02:18 INFO     app.services.scheduler  [S2][RIVN] PUT entries disabled (s2_puts_enabled=0) — skip
2026-07-31 08:02:19 WARNING  app.services.tradier  get_intraday_bars(AMZN): ReadTimeout — skipping this cycle
2026-07-31 08:02:20 WARNING  app.services.tradier  get_intraday_bars(PLTR): ReadTimeout — skipping this cycle
2026-07-31 08:02:20 WARNING  app.services.scheduler  [S2][PLTR] Missing 1-min bars — skipping
2026-07-31 08:02:20 WARNING  app.services.scheduler  [S2][AMZN] Missing 5-min bars — skipping
2026-07-31 08:02:21 DEBUG    app.services.strategy_ema  [S2-freshness][WMT] CALL cross 13 bars old — within 40-bar window ✓
2026-07-31 08:02:21 INFO     app.services.strategy_ema  [S2-pullback][WMT] CALL pullback ✓ — pullback-bar low=111.2550 close=111.3000 EMA9=111.3139
2026-07-31 08:02:21 INFO     app.services.strategy_ema  [S2-confirm][WMT] CALL confirmation failed — candle bullish (open=111.2900 close=111.3050) prev_high=111.3400 ema9=111.3139 above_ema9=False
2026-07-31 08:02:22 DEBUG    app.services.strategy_ema  [S2-5m-filter][VTI] CALL OK — EMA9=365.8776 > EMA21=365.8264 close=366.4050 > VWAP=366.2124 slopes both↑
2026-07-31 08:02:22 DEBUG    app.services.strategy_ema  [S2-freshness][VTI] CALL cross 0 bars old — within 40-bar window ✓
2026-07-31 08:02:23 INFO     app.services.strategy_ema  [S2-pullback][VTI] CALL pullback ✓ — pullback-bar low=366.1900 close=366.2100 EMA9=365.8776
2026-07-31 08:02:23 INFO     app.services.strategy_ema  [S2-confirm][VTI] CALL confirmation failed — candle bearish/doji (open=366.1900 close=366.1850) prev_high=366.4000 ema9=365.8776 above_ema9=True
2026-07-31 08:02:24 INFO     app.services.scheduler  [S2][FISV] PUT entries disabled (s2_puts_enabled=0) — skip
2026-07-31 08:02:27 WARNING  app.services.tradier  get_intraday_bars(JOBY): ReadTimeout — skipping this cycle
2026-07-31 08:02:27 WARNING  app.services.scheduler  [S2][JOBY] Missing 1-min bars — skipping
2026-07-31 08:02:41 INFO     app.services.scheduler  [Primary] [adaptive-band] QQQ → band=0.80% (normal (adaptive off)) | regime=BEARISH
2026-07-31 08:02:41 INFO     app.services.scheduler  [vol-ceiling][AAPL] Symbol too hot — true range 409% of its own ATR(14) (max 250%) — post-event whip risk, blocking entry
2026-07-31 08:02:41 INFO     app.services.scheduler  [vol-ceiling][AMZN] Symbol too hot — true range 526% of its own ATR(14) (max 250%) — post-event whip risk, blocking entry
2026-07-31 08:02:42 INFO     app.services.scheduler  [vol-ceiling][AMZN] Symbol too hot — true range 526% of its own ATR(14) (max 250%) — post-event whip risk, blocking entry
2026-07-31 08:02:42 INFO     app.services.scheduler  [vol-ceiling][AAPL] Symbol too hot — true range 409% of its own ATR(14) (max 250%) — post-event whip risk, blocking entry
2026-07-31 08:02:42 INFO     app.services.strategy  [NVDA] [L1] CALL rejected — price 197.75 is only 0.024% from VWAP 197.70 (min clearance 0.40% — AT RISK, no directional conviction)
2026-07-31 08:02:43 INFO     app.services.strategy_ema  [S2-freshness][NVDA] No CALL EMA cross found in TODAY's session — trend predates today, blocking
2026-07-31 08:02:43 INFO     app.services.strategy  [INTC] [L1] CALL rejected — price 93.14 is BELOW VWAP 94.31 (wrong side for bullish bounce)
2026-07-31 08:02:43 INFO     app.services.strategy_ema  [S2-freshness][GOOGL] No CALL EMA cross found in TODAY's session — trend predates today, blocking
2026-07-31 08:02:43 INFO     app.services.strategy  [GOOGL] [L1] CALL rejected — price 353.13 is 1.963% from VWAP 346.34 (band=0.80% — waiting for pullback to VWAP)
2026-07-31 08:02:44 INFO     app.services.scheduler  [S2][NOW] PUT entries disabled (s2_puts_enabled=0) — skip
2026-07-31 08:02:44 INFO     app.services.strategy  [PLTR] [L1] PUT entries disabled (s1_puts_enabled=0) — skip
2026-07-31 08:02:44 INFO     app.services.strategy_ema  [S2-5m-filter][PLTR] CALL blocked — EMA9=120.5310 EMA21=121.0591 close=120.3200 VWAP=121.4951 EMA9_slope=↓ EMA21_slope=↓
2026-07-31 08:02:44 INFO     app.services.scheduler  [S2][PLTR] PUT entries disabled (s2_puts_enabled=0) — skip
2026-07-31 08:02:44 INFO     app.services.strategy  [NOW] [L1] PUT entries disabled (s1_puts_enabled=0) — skip
2026-07-31 08:02:45 INFO     app.services.strategy  [NFLX] [L1] PUT entries disabled (s1_puts_enabled=0) — skip
2026-07-31 08:02:45 INFO     app.services.scheduler  [S2][SHOP] PUT entries disabled (s2_puts_enabled=0) — skip
2026-07-31 08:02:46 INFO     app.services.strategy  [SHOP] [L1] PUT entries disabled (s1_puts_enabled=0) — skip
2026-07-31 08:02:46 INFO     app.services.strategy  [IWM] [L1] PUT entries disabled (s1_puts_enabled=0) — skip
2026-07-31 08:02:46 INFO     app.services.scheduler  [energy-gate][UBER] Symbol not in play — true range 38% of its own ATR(14) (min 50%) — blocking entry
2026-07-31 08:02:47 INFO     app.services.strategy  [CRM] [L1] trend=neutral (price=181.02 vs EMA21) — no signal
2026-07-31 08:02:47 INFO     app.services.scheduler  [S2][RIVN] PUT entries disabled (s2_puts_enabled=0) — skip
2026-07-31 08:02:47 INFO     app.services.scheduler  [vol-ceiling][COIN] Symbol too hot — true range 270% of its own ATR(14) (max 250%) — post-event whip risk, blocking entry
2026-07-31 08:02:47 INFO     app.services.strategy  [UBER] [L1] CALL rejected — price 69.96 is BELOW VWAP 69.99 (wrong side for bullish bounce)
2026-07-31 08:02:48 INFO     app.services.strategy  [SOFI] [L1] PUT entries disabled (s1_puts_enabled=0) — skip
2026-07-31 08:02:48 INFO     app.services.scheduler  [vol-ceiling][COIN] Symbol too hot — true range 270% of its own ATR(14) (max 250%) — post-event whip risk, blocking entry
2026-07-31 08:02:49 INFO     app.services.strategy  [CELH] [L1] PUT entries disabled (s1_puts_enabled=0) — skip
2026-07-31 08:02:49 INFO     app.services.strategy  [F] [L1] PUT entries disabled (s1_puts_enabled=0) — skip
2026-07-31 08:02:50 INFO     app.services.strategy  [WMT] [L1] CALL rejected — price 111.28 is only 0.189% from VWAP 111.07 (min clearance 0.40% — AT RISK, no directional conviction)
2026-07-31 08:02:50 DEBUG    app.services.strategy_ema  [S2-freshness][VTI] CALL cross 0 bars old — within 40-bar window ✓
2026-07-31 08:02:50 DEBUG    app.services.strategy_ema  [S2-freshness][WMT] CALL cross 13 bars old — within 40-bar window ✓
2026-07-31 08:02:50 INFO     app.services.strategy_ema  [S2-pullback][WMT] CALL pullback ✓ — pullback-bar low=111.2550 close=111.3000 EMA9=111.3139
2026-07-31 08:02:50 INFO     app.services.strategy_ema  [S2-confirm][WMT] CALL confirmation failed — candle bullish (open=111.2900 close=111.3050) prev_high=111.3400 ema9=111.3139 above_ema9=False
2026-07-31 08:02:50 INFO     app.services.strategy_ema  [S2-pullback][VTI] CALL pullback ✓ — pullback-bar low=366.1900 close=366.2100 EMA9=365.8776
2026-07-31 08:02:50 INFO     app.services.strategy_ema  [S2-confirm][VTI] CALL confirmation failed — candle bearish/doji (open=366.1900 close=366.1850) prev_high=366.4000 ema9=365.8776 above_ema9=True
2026-07-31 08:02:50 INFO     app.services.strategy  [VTI] [L1] CALL rejected — price 366.23 is only 0.005% from VWAP 366.21 (min clearance 0.40% — AT RISK, no directional conviction)
2026-07-31 08:02:50 INFO     app.services.scheduler  [S2][FISV] PUT entries disabled (s2_puts_enabled=0) — skip
2026-07-31 08:02:51 INFO     app.services.strategy  [FISV] [L1] PUT entries disabled (s1_puts_enabled=0) — skip
2026-07-31 08:03:11 INFO     app.services.scheduler  [vol-ceiling][AMZN] Symbol too hot — true range 526% of its own ATR(14) (max 250%) — post-event whip risk, blocking entry
2026-07-31 08:03:11 INFO     app.services.scheduler  [vol-ceiling][AAPL] Symbol too hot — true range 409% of its own ATR(14) (max 250%) — post-event whip risk, blocking entry
2026-07-31 08:03:11 INFO     app.services.strategy_ema  [S2-freshness][NVDA] No CALL EMA cross found in TODAY's session — trend predates today, blocking
2026-07-31 08:03:12 INFO     app.services.strategy_ema  [S2-freshness][GOOGL] No CALL EMA cross found in TODAY's session — trend predates today, blocking
2026-07-31 08:03:12 INFO     app.services.scheduler  [S2][PLTR] PUT entries disabled (s2_puts_enabled=0) — skip
2026-07-31 08:03:12 INFO     app.services.scheduler  [S2][NOW] PUT entries disabled (s2_puts_enabled=0) — skip
2026-07-31 08:03:13 INFO     app.services.scheduler  [S2][SHOP] PUT entries disabled (s2_puts_enabled=0) — skip
2026-07-31 08:03:13 INFO     app.services.scheduler  [energy-gate][UBER] Symbol not in play — true range 38% of its own ATR(14) (min 50%) — blocking entry
2026-07-31 08:03:14 INFO     app.services.scheduler  [S2][RIVN] PUT entries disabled (s2_puts_enabled=0) — skip
2026-07-31 08:03:14 INFO     app.services.scheduler  [vol-ceiling][COIN] Symbol too hot — true range 270% of its own ATR(14) (max 250%) — post-event whip risk, blocking entry
2026-07-31 08:03:14 DEBUG    app.services.strategy_ema  [S2-freshness][WMT] CALL cross 13 bars old — within 40-bar window ✓
2026-07-31 08:03:14 INFO     app.services.strategy_ema  [S2-pullback][WMT] CALL pullback ✓ — pullback-bar low=111.2300 close=111.3050 EMA9=111.3139
2026-07-31 08:03:14 INFO     app.services.strategy_ema  [S2-confirm][WMT] CALL confirmation failed — candle bearish/doji (open=111.3000 close=111.2700) prev_high=111.3300 ema9=111.3139 above_ema9=False
2026-07-31 08:03:14 DEBUG    app.services.strategy_ema  [S2-freshness][VTI] CALL cross 0 bars old — within 40-bar window ✓
2026-07-31 08:03:14 INFO     app.services.strategy_ema  [S2-pullback][VTI] CALL pullback ✓ — pullback-bar low=366.1800 close=366.1850 EMA9=365.8776
2026-07-31 08:03:14 INFO     app.services.strategy_ema  [S2-confirm][VTI] CALL confirmation failed — candle bullish (open=366.1700 close=366.2299) prev_high=366.3100 ema9=365.8776 above_ema9=True
2026-07-31 08:03:14 INFO     app.services.scheduler  [S2][FISV] PUT entries disabled (s2_puts_enabled=0) — skip
2026-07-31 08:03:40 INFO     app.services.scheduler  [Primary] [adaptive-band] QQQ → band=0.80% (normal (adaptive off)) | regime=BEARISH
2026-07-31 08:03:41 INFO     app.services.strategy_ema  [S2-freshness][NVDA] No CALL EMA cross found in TODAY's session — trend predates today, blocking
2026-07-31 08:03:41 INFO     app.services.scheduler  [vol-ceiling][AAPL] Symbol too hot — true range 409% of its own ATR(14) (max 250%) — post-event whip risk, blocking entry
2026-07-31 08:03:41 INFO     app.services.scheduler  [vol-ceiling][AMZN] Symbol too hot — true range 526% of its own ATR(14) (max 250%) — post-event whip risk, blocking entry
2026-07-31 08:03:41 INFO     app.services.scheduler  [vol-ceiling][AMZN] Symbol too hot — true range 526% of its own ATR(14) (max 250%) — post-event whip risk, blocking entry
2026-07-31 08:03:42 INFO     app.services.strategy  [NVDA] [L1] CALL rejected — price 197.40 is BELOW VWAP 197.70 (wrong side for bullish bounce)
2026-07-31 08:03:42 INFO     app.services.strategy_ema  [S2-freshness][GOOGL] No CALL EMA cross found in TODAY's session — trend predates today, blocking
2026-07-31 08:03:42 INFO     app.services.scheduler  [vol-ceiling][AAPL] Symbol too hot — true range 409% of its own ATR(14) (max 250%) — post-event whip risk, blocking entry
2026-07-31 08:03:42 INFO     app.services.strategy  [INTC] [L1] CALL rejected — price 93.10 is BELOW VWAP 94.31 (wrong side for bullish bounce)
2026-07-31 08:03:43 INFO     app.services.scheduler  [S2][PLTR] PUT entries disabled (s2_puts_enabled=0) — skip
2026-07-31 08:03:44 INFO     app.services.strategy  [GOOGL] [L1] CALL rejected — price 352.79 is 1.841% from VWAP 346.41 (band=0.80% — waiting for pullback to VWAP)
2026-07-31 08:03:44 INFO     app.services.scheduler  [S2][NOW] PUT entries disabled (s2_puts_enabled=0) — skip
2026-07-31 08:03:44 INFO     app.services.strategy  [PLTR] [L1] PUT entries disabled (s1_puts_enabled=0) — skip
2026-07-31 08:03:44 INFO     app.services.scheduler  [S2][SHOP] PUT entries disabled (s2_puts_enabled=0) — skip
2026-07-31 08:03:44 INFO     app.services.strategy  [NOW] [L1] PUT entries disabled (s1_puts_enabled=0) — skip
2026-07-31 08:03:44 INFO     app.services.strategy  [NFLX] [L1] PUT entries disabled (s1_puts_enabled=0) — skip
2026-07-31 08:03:45 INFO     app.services.scheduler  [vol-ceiling][COIN] Symbol too hot — true range 270% of its own ATR(14) (max 250%) — post-event whip risk, blocking entry
2026-07-31 08:03:45 INFO     app.services.strategy  [SHOP] [L1] PUT entries disabled (s1_puts_enabled=0) — skip
2026-07-31 08:03:46 INFO     app.services.strategy  [IWM] [L1] PUT entries disabled (s1_puts_enabled=0) — skip
2026-07-31 08:03:46 INFO     app.services.scheduler  [energy-gate][UBER] Symbol not in play — true range 38% of its own ATR(14) (min 50%) — blocking entry
2026-07-31 08:03:46 INFO     app.services.strategy  [SOFI] [L1] PUT entries disabled (s1_puts_enabled=0) — skip
2026-07-31 08:03:46 INFO     app.services.strategy  [CRM] [L1] trend=neutral (price=181.00 vs EMA21) — no signal
2026-07-31 08:03:46 INFO     app.services.scheduler  [S2][RIVN] PUT entries disabled (s2_puts_enabled=0) — skip
2026-07-31 08:03:47 INFO     app.services.scheduler  [vol-ceiling][COIN] Symbol too hot — true range 270% of its own ATR(14) (max 250%) — post-event whip risk, blocking entry
2026-07-31 08:03:47 INFO     app.services.strategy  [UBER] [L1] CALL rejected — price 69.96 is BELOW VWAP 69.99 (wrong side for bullish bounce)
2026-07-31 08:03:48 INFO     app.services.strategy  [F] [L1] PUT entries disabled (s1_puts_enabled=0) — skip
2026-07-31 08:03:48 DEBUG    app.services.strategy_ema  [S2-freshness][WMT] CALL cross 13 bars old — within 40-bar window ✓
2026-07-31 08:03:48 INFO     app.services.strategy  [CELH] [L1] PUT entries disabled (s1_puts_enabled=0) — skip
2026-07-31 08:03:48 DEBUG    app.services.strategy_ema  [S2-freshness][VTI] CALL cross 0 bars old — within 40-bar window ✓
2026-07-31 08:03:49 INFO     app.services.strategy_ema  [S2-pullback][WMT] CALL pullback ✓ — pullback-bar low=111.2300 close=111.3050 EMA9=111.3139
2026-07-31 08:03:49 INFO     app.services.strategy_ema  [S2-confirm][WMT] CALL confirmation failed — candle bearish/doji (open=111.3000 close=111.2750) prev_high=111.3300 ema9=111.3139 above_ema9=False
2026-07-31 08:03:49 INFO     app.services.strategy  [WMT] [L1] CALL rejected — price 111.25 is only 0.162% from VWAP 111.07 (min clearance 0.40% — AT RISK, no directional conviction)
2026-07-31 08:03:49 INFO     app.services.strategy_ema  [S2-pullback][VTI] CALL pullback ✓ — pullback-bar low=366.1800 close=366.1850 EMA9=365.8776
2026-07-31 08:03:49 INFO     app.services.strategy_ema  [S2-confirm][VTI] CALL confirmation failed — candle bullish (open=366.1700 close=366.2200) prev_high=366.3100 ema9=365.8776 above_ema9=True
2026-07-31 08:03:49 INFO     app.services.strategy  [VTI] [L1] CALL rejected — price 366.08 is BELOW VWAP 366.21 (wrong side for bullish bounce)
2026-07-31 08:03:49 INFO     app.services.scheduler  [S2][FISV] PUT entries disabled (s2_puts_enabled=0) — skip
2026-07-31 08:03:49 INFO     app.services.strategy  [FISV] [L1] PUT entries disabled (s1_puts_enabled=0) — skip
2026-07-31 08:04:11 INFO     app.services.strategy_ema  [S2-freshness][NVDA] No CALL EMA cross found in TODAY's session — trend predates today, blocking
2026-07-31 08:04:11 INFO     app.services.scheduler  [vol-ceiling][AMZN] Symbol too hot — true range 526% of its own ATR(14) (max 250%) — post-event whip risk, blocking entry
2026-07-31 08:04:11 INFO     app.services.strategy_ema  [S2-freshness][GOOGL] No CALL EMA cross found in TODAY's session — trend predates today, blocking
2026-07-31 08:04:11 INFO     app.services.scheduler  [vol-ceiling][AAPL] Symbol too hot — true range 409% of its own ATR(14) (max 250%) — post-event whip risk, blocking entry
2026-07-31 08:04:12 INFO     app.services.scheduler  [S2][PLTR] PUT entries disabled (s2_puts_enabled=0) — skip
2026-07-31 08:04:12 INFO     app.services.scheduler  [S2][NOW] PUT entries disabled (s2_puts_enabled=0) — skip
2026-07-31 08:04:13 INFO     app.services.scheduler  [S2][SHOP] PUT entries disabled (s2_puts_enabled=0) — skip
2026-07-31 08:04:13 INFO     app.services.scheduler  [energy-gate][UBER] Symbol not in play — true range 38% of its own ATR(14) (min 50%) — blocking entry
2026-07-31 08:04:14 INFO     app.services.scheduler  [vol-ceiling][COIN] Symbol too hot — true range 270% of its own ATR(14) (max 250%) — post-event whip risk, blocking entry
2026-07-31 08:04:14 INFO     app.services.scheduler  [S2][RIVN] PUT entries disabled (s2_puts_enabled=0) — skip
2026-07-31 08:04:15 DEBUG    app.services.strategy_ema  [S2-freshness][WMT] CALL cross 13 bars old — within 40-bar window ✓
2026-07-31 08:04:15 INFO     app.services.strategy_ema  [S2-pullback][WMT] CALL pullback ✓ — pullback-bar low=111.2400 close=111.2750 EMA9=111.3139
2026-07-31 08:04:15 INFO     app.services.strategy_ema  [S2-confirm][WMT] CALL confirmation failed — candle bearish/doji (open=111.2600 close=111.2350) prev_high=111.3100 ema9=111.3139 above_ema9=False
2026-07-31 08:04:15 INFO     app.services.scheduler  [S2][FISV] PUT entries disabled (s2_puts_enabled=0) — skip
2026-07-31 08:04:15 DEBUG    app.services.strategy_ema  [S2-freshness][VTI] CALL cross 0 bars old — within 40-bar window ✓
2026-07-31 08:04:16 INFO     app.services.strategy_ema  [S2-pullback][VTI] CALL pullback ✓ — pullback-bar low=366.1100 close=366.2200 EMA9=365.8776
2026-07-31 08:04:16 INFO     app.services.strategy_ema  [S2-confirm][VTI] CALL confirmation failed — candle bearish/doji (open=366.2100 close=366.0500) prev_high=366.3200 ema9=365.8776 above_ema9=True
2026-07-31 08:04:41 INFO     app.services.scheduler  [Primary] [adaptive-band] QQQ → band=0.80% (normal (adaptive off)) | regime=NEUTRAL
2026-07-31 08:04:41 INFO     app.services.strategy_ema  [S2-freshness][NVDA] No CALL EMA cross found in TODAY's session — trend predates today, blocking
2026-07-31 08:04:41 INFO     app.services.scheduler  [vol-ceiling][AAPL] Symbol too hot — true range 409% of its own ATR(14) (max 250%) — post-event whip risk, blocking entry
2026-07-31 08:04:41 INFO     app.services.scheduler  [vol-ceiling][AAPL] Symbol too hot — true range 409% of its own ATR(14) (max 250%) — post-event whip risk, blocking entry
2026-07-31 08:04:42 INFO     app.services.scheduler  [vol-ceiling][AMZN] Symbol too hot — true range 526% of its own ATR(14) (max 250%) — post-event whip risk, blocking entry
2026-07-31 08:04:42 INFO     app.services.strategy_ema  [S2-freshness][GOOGL] No CALL EMA cross found in TODAY's session — trend predates today, blocking
2026-07-31 08:04:42 INFO     app.services.scheduler  [vol-ceiling][AMZN] Symbol too hot — true range 526% of its own ATR(14) (max 250%) — post-event whip risk, blocking entry
2026-07-31 08:04:42 INFO     app.services.strategy  [NVDA] [L1] CALL rejected — price 197.63 is BELOW VWAP 197.70 (wrong side for bullish bounce)
2026-07-31 08:04:43 INFO     app.services.strategy  [GOOGL] [L1] CALL rejected — price 352.55 is 1.748% from VWAP 346.49 (band=0.80% — waiting for pullback to VWAP)
2026-07-31 08:04:43 INFO     app.services.scheduler  [S2][PLTR] PUT entries disabled (s2_puts_enabled=0) — skip
2026-07-31 08:04:43 INFO     app.services.strategy  [INTC] [L1] CALL rejected — price 93.27 is BELOW VWAP 94.30 (wrong side for bullish bounce)
2026-07-31 08:04:44 INFO     app.services.scheduler  [S2][NOW] PUT entries disabled (s2_puts_enabled=0) — skip
2026-07-31 08:04:44 INFO     app.services.strategy  [PLTR] [L1] PUT entries disabled (s1_puts_enabled=0) — skip
2026-07-31 08:04:44 INFO     app.services.strategy  [NOW] [L1] PUT entries disabled (s1_puts_enabled=0) — skip
2026-07-31 08:04:44 INFO     app.services.scheduler  [S2][SHOP] PUT entries disabled (s2_puts_enabled=0) — skip
2026-07-31 08:04:45 INFO     app.services.strategy  [NFLX] [L1] PUT entries disabled (s1_puts_enabled=0) — skip
2026-07-31 08:04:45 INFO     app.services.strategy  [IWM] [L1] PUT entries disabled (s1_puts_enabled=0) — skip
2026-07-31 08:04:45 INFO     app.services.scheduler  [energy-gate][UBER] Symbol not in play — true range 38% of its own ATR(14) (min 50%) — blocking entry
2026-07-31 08:04:45 INFO     app.services.strategy  [SHOP] [L1] PUT entries disabled (s1_puts_enabled=0) — skip
2026-07-31 08:04:46 INFO     app.services.strategy  [UBER] [L1] CALL rejected — price 69.97 is BELOW VWAP 69.99 (wrong side for bullish bounce)
2026-07-31 08:04:46 INFO     app.services.scheduler  [vol-ceiling][COIN] Symbol too hot — true range 270% of its own ATR(14) (max 250%) — post-event whip risk, blocking entry
2026-07-31 08:04:46 INFO     app.services.scheduler  [S2][RIVN] PUT entries disabled (s2_puts_enabled=0) — skip
2026-07-31 08:04:46 INFO     app.services.strategy  [SOFI] [L1] PUT entries disabled (s1_puts_enabled=0) — skip
2026-07-31 08:04:46 INFO     app.services.strategy  [CRM] [L1] trend=neutral (price=181.22 vs EMA21) — no signal
2026-07-31 08:04:47 INFO     app.services.scheduler  [vol-ceiling][COIN] Symbol too hot — true range 270% of its own ATR(14) (max 250%) — post-event whip risk, blocking entry
2026-07-31 08:04:47 INFO     app.services.strategy  [F] [L1] PUT entries disabled (s1_puts_enabled=0) — skip
2026-07-31 08:04:48 INFO     app.services.strategy  [CELH] [L1] PUT entries disabled (s1_puts_enabled=0) — skip
2026-07-31 08:04:48 DEBUG    app.services.strategy_ema  [S2-freshness][WMT] CALL cross 13 bars old — within 40-bar window ✓
2026-07-31 08:04:48 DEBUG    app.services.strategy_ema  [S2-freshness][VTI] CALL cross 0 bars old — within 40-bar window ✓
2026-07-31 08:04:48 INFO     app.services.strategy  [WMT] [L1] CALL rejected — price 111.24 is only 0.152% from VWAP 111.07 (min clearance 0.40% — AT RISK, no directional conviction)
2026-07-31 08:04:49 INFO     app.services.strategy  [VTI] [L1] CALL rejected — price 366.34 is only 0.035% from VWAP 366.21 (min clearance 0.40% — AT RISK, no directional conviction)
2026-07-31 08:04:49 INFO     app.services.strategy_ema  [S2-pullback][VTI] CALL pullback ✓ — pullback-bar low=366.1100 close=366.2200 EMA9=365.8776
2026-07-31 08:04:49 INFO     app.services.strategy_ema  [S2-confirm][VTI] CALL confirmation failed — candle bearish/doji (open=366.2100 close=366.0500) prev_high=366.3200 ema9=365.8776 above_ema9=True
2026-07-31 08:04:49 INFO     app.services.strategy_ema  [S2-pullback][WMT] CALL pullback ✓ — pullback-bar low=111.2400 close=111.2750 EMA9=111.3139
2026-07-31 08:04:49 INFO     app.services.strategy_ema  [S2-confirm][WMT] CALL confirmation failed — candle bearish/doji (open=111.2600 close=111.2350) prev_high=111.3100 ema9=111.3139 above_ema9=False
2026-07-31 08:04:49 INFO     app.services.strategy  [FISV] [L1] PUT entries disabled (s1_puts_enabled=0) — skip
2026-07-31 08:04:49 INFO     app.services.scheduler  [S2][FISV] PUT entries disabled (s2_puts_enabled=0) — skip
2026-07-31 08:05:11 INFO     app.services.scheduler  [vol-ceiling][AAPL] Symbol too hot — true range 409% of its own ATR(14) (max 250%) — post-event whip risk, blocking entry
2026-07-31 08:05:11 INFO     app.services.strategy_ema  [S2-5m-filter][NVDA] CALL blocked — EMA9=197.6683 EMA21=196.9838 close=197.6800 VWAP=197.7002 EMA9_slope=↑ EMA21_slope=↑
2026-07-31 08:05:11 INFO     app.services.scheduler  [vol-ceiling][AMZN] Symbol too hot — true range 526% of its own ATR(14) (max 250%) — post-event whip risk, blocking entry
2026-07-31 08:05:12 INFO     app.services.strategy_ema  [S2-5m-filter][INTC] CALL blocked — EMA9=93.1789 EMA21=93.0429 close=93.4200 VWAP=94.2052 EMA9_slope=↑ EMA21_slope=↑
2026-07-31 08:05:12 DEBUG    app.services.strategy_ema  [S2-5m-filter][GOOGL] CALL OK — EMA9=349.6035 > EMA21=345.9102 close=352.2799 > VWAP=346.4377 slopes both↑
2026-07-31 08:05:12 INFO     app.services.strategy_ema  [S2-freshness][GOOGL] No CALL EMA cross found in TODAY's session — trend predates today, blocking
2026-07-31 08:05:13 INFO     app.services.strategy_ema  [S2-5m-filter][PLTR] CALL blocked — EMA9=120.5628 EMA21=121.0255 close=120.6900 VWAP=121.4620 EMA9_slope=↑ EMA21_slope=↓
2026-07-31 08:05:13 INFO     app.services.strategy_ema  [S2-5m-filter][NFLX] CALL blocked — EMA9=71.5167 EMA21=71.7915 close=71.7100 VWAP=71.7713 EMA9_slope=↑ EMA21_slope=↓
2026-07-31 08:05:13 INFO     app.services.strategy_ema  [S2-5m-filter][NOW] CALL blocked — EMA9=109.5861 EMA21=109.8204 close=109.3800 VWAP=109.9844 EMA9_slope=↓ EMA21_slope=↓
2026-07-31 08:05:13 INFO     app.services.scheduler  [S2][NOW] PUT entries disabled (s2_puts_enabled=0) — skip
2026-07-31 08:05:14 INFO     app.services.scheduler  [energy-gate][UBER] Symbol not in play — true range 38% of its own ATR(14) (min 50%) — blocking entry
2026-07-31 08:05:14 INFO     app.services.strategy_ema  [S2-5m-filter][SHOP] CALL blocked — EMA9=117.5450 EMA21=118.8550 close=117.1300 VWAP=119.3563 EMA9_slope=↓ EMA21_slope=↓
2026-07-31 08:05:14 INFO     app.services.scheduler  [S2][SHOP] PUT entries disabled (s2_puts_enabled=0) — skip
2026-07-31 08:05:14 INFO     app.services.strategy_ema  [S2-5m-filter][SOFI] CALL blocked — EMA9=16.1124 EMA21=16.1392 close=16.1650 VWAP=16.1545 EMA9_slope=↑ EMA21_slope=↑
2026-07-31 08:05:16 INFO     app.services.strategy_ema  [S2-5m-filter][RIVN] CALL blocked — EMA9=15.7602 EMA21=15.9486 close=15.6950 VWAP=16.0382 EMA9_slope=↓ EMA21_slope=↓
2026-07-31 08:05:16 INFO     app.services.scheduler  [S2][RIVN] PUT entries disabled (s2_puts_enabled=0) — skip
2026-07-31 08:05:16 INFO     app.services.scheduler  [vol-ceiling][COIN] Symbol too hot — true range 270% of its own ATR(14) (max 250%) — post-event whip risk, blocking entry
2026-07-31 08:05:16 INFO     app.services.strategy_ema  [S2-5m-filter][F] CALL blocked — EMA9=14.5370 EMA21=14.5835 close=14.5727 VWAP=14.5802 EMA9_slope=↑ EMA21_slope=↓
2026-07-31 08:05:16 INFO     app.services.strategy_ema  [S2-5m-filter][WMT] CALL blocked — EMA9=111.2931 EMA21=111.2183 close=111.2100 VWAP=111.0734 EMA9_slope=↓ EMA21_slope=↓
2026-07-31 08:05:17 INFO     app.services.strategy_ema  [S2-5m-filter][JOBY] CALL blocked — EMA9=7.0503 EMA21=7.0812 close=7.0750 VWAP=7.0878 EMA9_slope=↑ EMA21_slope=↓
2026-07-31 08:05:17 INFO     app.services.strategy_ema  [S2-5m-filter][CELH] CALL blocked — EMA9=28.8793 EMA21=28.9164 close=28.8750 VWAP=28.9177 EMA9_slope=↓ EMA21_slope=↓
2026-07-31 08:05:17 INFO     app.services.scheduler  [S2][CELH] PUT entries disabled (s2_puts_enabled=0) — skip
2026-07-31 08:05:17 INFO     app.services.strategy_ema  [S2-5m-filter][FIG] CALL blocked — EMA9=24.0562 EMA21=24.0477 close=24.0100 VWAP=24.1983 EMA9_slope=↓ EMA21_slope=↓
2026-07-31 08:05:17 INFO     app.services.strategy_ema  [S2-5m-filter][FISV] CALL blocked — EMA9=53.0586 EMA21=53.2124 close=52.9600 VWAP=53.1798 EMA9_slope=↓ EMA21_slope=↓
2026-07-31 08:05:17 INFO     app.services.scheduler  [S2][FISV] PUT entries disabled (s2_puts_enabled=0) — skip
2026-07-31 08:05:17 DEBUG    app.services.strategy_ema  [S2-5m-filter][VTI] CALL OK — EMA9=365.9801 > EMA21=365.8776 close=366.3900 > VWAP=366.2145 slopes both↑
2026-07-31 08:05:17 DEBUG    app.services.strategy_ema  [S2-freshness][VTI] CALL cross 1 bars old — within 40-bar window ✓
2026-07-31 08:05:18 INFO     app.services.strategy_ema  [S2-5m-filter][UBS] CALL blocked — EMA9=52.7964 EMA21=52.8201 close=52.8250 VWAP=52.7117 EMA9_slope=↑ EMA21_slope=↑
2026-07-31 08:05:18 INFO     app.services.strategy_ema  [S2-pullback][VTI] CALL pullback ✓ — pullback-bar low=366.0300 close=366.0500 EMA9=365.9801
2026-07-31 08:05:18 INFO     app.services.strategy_ema  [S2-confirm][VTI] CALL confirmed ✓ — close=366.3900 > prev_high=366.3200 > ema9=365.9801
2026-07-31 08:05:18 INFO     app.services.strategy_ema  [S2-volume][VTI] Volume below threshold — current=5832 < 80% of avg=10756 (20-bar) — skipping (thin order flow)
2026-07-31 08:05:40 INFO     app.services.scheduler  [Primary] [adaptive-band] QQQ → band=0.80% (normal (adaptive off)) | regime=NEUTRAL
2026-07-31 08:05:41 INFO     app.services.strategy  [NVDA] [L1] CALL rejected — price 197.80 is only 0.051% from VWAP 197.70 (min clearance 0.40% — AT RISK, no directional conviction)
2026-07-31 08:05:41 INFO     app.services.scheduler  [vol-ceiling][AMZN] Symbol too hot — true range 526% of its own ATR(14) (max 250%) — post-event whip risk, blocking entry
2026-07-31 08:05:42 INFO     app.services.scheduler  [vol-ceiling][AMZN] Symbol too hot — true range 526% of its own ATR(14) (max 250%) — post-event whip risk, blocking entry
2026-07-31 08:05:42 INFO     app.services.scheduler  [vol-ceiling][AAPL] Symbol too hot — true range 409% of its own ATR(14) (max 250%) — post-event whip risk, blocking entry
2026-07-31 08:05:42 INFO     app.services.scheduler  [vol-ceiling][AAPL] Symbol too hot — true range 409% of its own ATR(14) (max 250%) — post-event whip risk, blocking entry
2026-07-31 08:05:43 INFO     app.services.strategy_ema  [S2-freshness][GOOGL] No CALL EMA cross found in TODAY's session — trend predates today, blocking
2026-07-31 08:05:43 INFO     app.services.strategy  [GOOGL] [L1] CALL rejected — price 352.28 is 1.650% from VWAP 346.56 (band=0.80% — waiting for pullback to VWAP)
2026-07-31 08:05:43 INFO     app.services.strategy  [INTC] [L1] CALL rejected — price 93.57 is BELOW VWAP 94.30 (wrong side for bullish bounce)
2026-07-31 08:05:44 INFO     app.services.strategy  [PLTR] [L1] PUT entries disabled (s1_puts_enabled=0) — skip
2026-07-31 08:05:44 INFO     app.services.scheduler  [S2][NOW] PUT entries disabled (s2_puts_enabled=0) — skip
2026-07-31 08:05:44 INFO     app.services.strategy  [NOW] [L1] PUT entries disabled (s1_puts_enabled=0) — skip
2026-07-31 08:05:44 INFO     app.services.scheduler  [S2][SHOP] PUT entries disabled (s2_puts_enabled=0) — skip
2026-07-31 08:05:45 INFO     app.services.strategy  [SHOP] [L1] PUT entries disabled (s1_puts_enabled=0) — skip
2026-07-31 08:05:45 INFO     app.services.strategy  [NFLX] [L1] PUT entries disabled (s1_puts_enabled=0) — skip
2026-07-31 08:05:46 INFO     app.services.scheduler  [energy-gate][UBER] Symbol not in play — true range 38% of its own ATR(14) (min 50%) — blocking entry
2026-07-31 08:05:46 INFO     app.services.scheduler  [vol-ceiling][COIN] Symbol too hot — true range 270% of its own ATR(14) (max 250%) — post-event whip risk, blocking entry
2026-07-31 08:05:46 INFO     app.services.strategy  [IWM] [L1] PUT entries disabled (s1_puts_enabled=0) — skip
2026-07-31 08:05:46 INFO     app.services.strategy  [CRM] [L1] trend=neutral (price=181.09 vs EMA21) — no signal
2026-07-31 08:05:46 INFO     app.services.strategy  [UBER] [L1] CALL rejected — price 69.96 is BELOW VWAP 69.99 (wrong side for bullish bounce)
2026-07-31 08:05:46 INFO     app.services.strategy  [SOFI] [L1] PUT entries disabled (s1_puts_enabled=0) — skip
2026-07-31 08:05:47 INFO     app.services.scheduler  [vol-ceiling][COIN] Symbol too hot — true range 270% of its own ATR(14) (max 250%) — post-event whip risk, blocking entry
2026-07-31 08:05:47 INFO     app.services.scheduler  [S2][RIVN] PUT entries disabled (s2_puts_enabled=0) — skip
2026-07-31 08:05:47 INFO     app.services.strategy  [F] [L1] PUT entries disabled (s1_puts_enabled=0) — skip
2026-07-31 08:05:48 INFO     app.services.scheduler  [S2][CELH] PUT entries disabled (s2_puts_enabled=0) — skip
2026-07-31 08:05:48 INFO     app.services.strategy  [CELH] [L1] PUT entries disabled (s1_puts_enabled=0) — skip
2026-07-31 08:05:48 INFO     app.services.strategy  [WMT] [L1] CALL rejected — price 111.20 is only 0.120% from VWAP 111.07 (min clearance 0.40% — AT RISK, no directional conviction)
2026-07-31 08:05:48 DEBUG    app.services.strategy_ema  [S2-freshness][VTI] CALL cross 1 bars old — within 40-bar window ✓
2026-07-31 08:05:49 INFO     app.services.strategy_ema  [S2-pullback][VTI] CALL pullback ✓ — pullback-bar low=366.0300 close=366.0500 EMA9=365.9801
2026-07-31 08:05:49 INFO     app.services.strategy_ema  [S2-confirm][VTI] CALL confirmed ✓ — close=366.3900 > prev_high=366.3200 > ema9=365.9801
2026-07-31 08:05:49 INFO     app.services.strategy_ema  [S2-volume][VTI] Volume below threshold — current=5832 < 80% of avg=10756 (20-bar) — skipping (thin order flow)
2026-07-31 08:05:49 INFO     app.services.strategy  [VTI] [L1] CALL rejected — price 366.47 is only 0.070% from VWAP 366.21 (min clearance 0.40% — AT RISK, no directional conviction)
2026-07-31 08:05:49 INFO     app.services.strategy  [FISV] [L1] PUT entries disabled (s1_puts_enabled=0) — skip
2026-07-31 08:05:49 INFO     app.services.scheduler  [S2][FISV] PUT entries disabled (s2_puts_enabled=0) — skip
2026-07-31 08:06:10 INFO     app.services.scheduler  [vol-ceiling][AMZN] Symbol too hot — true range 526% of its own ATR(14) (max 250%) — post-event whip risk, blocking entry
2026-07-31 08:06:11 INFO     app.services.scheduler  [vol-ceiling][AAPL] Symbol too hot — true range 409% of its own ATR(14) (max 250%) — post-event whip risk, blocking entry
2026-07-31 08:06:11 INFO     app.services.strategy_ema  [S2-freshness][GOOGL] No CALL EMA cross found in TODAY's session — trend predates today, blocking
2026-07-31 08:06:12 INFO     app.services.scheduler  [S2][NOW] PUT entries disabled (s2_puts_enabled=0) — skip
2026-07-31 08:06:12 INFO     app.services.scheduler  [S2][SHOP] PUT entries disabled (s2_puts_enabled=0) — skip
2026-07-31 08:06:13 INFO     app.services.scheduler  [energy-gate][UBER] Symbol not in play — true range 38% of its own ATR(14) (min 50%) — blocking entry
2026-07-31 08:06:13 INFO     app.services.scheduler  [vol-ceiling][COIN] Symbol too hot — true range 270% of its own ATR(14) (max 250%) — post-event whip risk, blocking entry
2026-07-31 08:06:13 INFO     app.services.scheduler  [S2][RIVN] PUT entries disabled (s2_puts_enabled=0) — skip
2026-07-31 08:06:13 INFO     app.services.scheduler  [S2][CELH] PUT entries disabled (s2_puts_enabled=0) — skip
2026-07-31 08:06:14 DEBUG    app.services.strategy_ema  [S2-freshness][VTI] CALL cross 1 bars old — within 40-bar window ✓
2026-07-31 08:06:14 INFO     app.services.scheduler  [S2][FISV] PUT entries disabled (s2_puts_enabled=0) — skip
2026-07-31 08:06:14 DEBUG    app.services.strategy_ema  [S2-pullback][VTI] CALL — no pullback: pullback-bar low=366.0900 close=366.3900 EMA9=365.9801 (need low≤EMA9 or close within 0.3660)
2026-07-31 08:06:40 INFO     app.services.scheduler  [Primary] [adaptive-band] QQQ → band=0.80% (normal (adaptive off)) | regime=NEUTRAL
2026-07-31 08:06:41 INFO     app.services.scheduler  [vol-ceiling][AAPL] Symbol too hot — true range 409% of its own ATR(14) (max 250%) — post-event whip risk, blocking entry
2026-07-31 08:06:41 INFO     app.services.strategy  [NVDA] [L1] CALL rejected — price 197.56 is BELOW VWAP 197.70 (wrong side for bullish bounce)
2026-07-31 08:06:42 INFO     app.services.strategy_ema  [S2-freshness][GOOGL] No CALL EMA cross found in TODAY's session — trend predates today, blocking
2026-07-31 08:06:42 INFO     app.services.scheduler  [vol-ceiling][AMZN] Symbol too hot — true range 526% of its own ATR(14) (max 250%) — post-event whip risk, blocking entry
2026-07-31 08:06:42 INFO     app.services.scheduler  [vol-ceiling][AAPL] Symbol too hot — true range 409% of its own ATR(14) (max 250%) — post-event whip risk, blocking entry
2026-07-31 08:06:42 INFO     app.services.scheduler  [vol-ceiling][AMZN] Symbol too hot — true range 526% of its own ATR(14) (max 250%) — post-event whip risk, blocking entry
2026-07-31 08:06:43 INFO     app.services.strategy  [GOOGL] [L1] CALL rejected — price 351.70 is 1.468% from VWAP 346.62 (band=0.80% — waiting for pullback to VWAP)
2026-07-31 08:06:43 INFO     app.services.strategy  [PLTR] [L1] PUT entries disabled (s1_puts_enabled=0) — skip
2026-07-31 08:06:43 INFO     app.services.scheduler  [S2][NOW] PUT entries disabled (s2_puts_enabled=0) — skip
2026-07-31 08:06:43 INFO     app.services.strategy  [INTC] [L1] CALL rejected — price 93.39 is BELOW VWAP 94.30 (wrong side for bullish bounce)
2026-07-31 08:06:44 INFO     app.services.strategy  [NOW] [L1] PUT entries disabled (s1_puts_enabled=0) — skip
2026-07-31 08:06:45 INFO     app.services.scheduler  [S2][SHOP] PUT entries disabled (s2_puts_enabled=0) — skip
2026-07-31 08:06:45 INFO     app.services.strategy  [SHOP] [L1] PUT entries disabled (s1_puts_enabled=0) — skip
2026-07-31 08:06:45 INFO     app.services.strategy  [NFLX] [L1] PUT entries disabled (s1_puts_enabled=0) — skip
2026-07-31 08:06:45 INFO     app.services.scheduler  [energy-gate][UBER] Symbol not in play — true range 38% of its own ATR(14) (min 50%) — blocking entry
2026-07-31 08:06:46 INFO     app.services.scheduler  [vol-ceiling][COIN] Symbol too hot — true range 270% of its own ATR(14) (max 250%) — post-event whip risk, blocking entry
2026-07-31 08:06:46 INFO     app.services.strategy  [IWM] [L1] PUT entries disabled (s1_puts_enabled=0) — skip
2026-07-31 08:06:46 INFO     app.services.strategy  [CRM] [L1] trend=neutral (price=180.81 vs EMA21) — no signal
2026-07-31 08:06:46 INFO     app.services.scheduler  [S2][RIVN] PUT entries disabled (s2_puts_enabled=0) — skip
2026-07-31 08:06:46 INFO     app.services.strategy  [UBER] [L1] CALL rejected — price 69.96 is BELOW VWAP 69.99 (wrong side for bullish bounce)
2026-07-31 08:06:46 INFO     app.services.strategy  [SOFI] [L1] PUT entries disabled (s1_puts_enabled=0) — skip
2026-07-31 08:06:47 INFO     app.services.scheduler  [vol-ceiling][COIN] Symbol too hot — true range 270% of its own ATR(14) (max 250%) — post-event whip risk, blocking entry
2026-07-31 08:06:47 INFO     app.services.strategy  [F] [L1] PUT entries disabled (s1_puts_enabled=0) — skip
2026-07-31 08:06:47 INFO     app.services.scheduler  [S2][CELH] PUT entries disabled (s2_puts_enabled=0) — skip
2026-07-31 08:06:48 INFO     app.services.strategy  [CELH] [L1] PUT entries disabled (s1_puts_enabled=0) — skip
2026-07-31 08:06:48 INFO     app.services.strategy  [WMT] [L1] CALL rejected — price 111.16 is only 0.079% from VWAP 111.07 (min clearance 0.40% — AT RISK, no directional conviction)
2026-07-31 08:06:49 INFO     app.services.strategy  [VTI] [L1] CALL rejected — price 366.34 is only 0.034% from VWAP 366.21 (min clearance 0.40% — AT RISK, no directional conviction)
2026-07-31 08:06:49 INFO     app.services.strategy  [FISV] [L1] PUT entries disabled (s1_puts_enabled=0) — skip
2026-07-31 08:06:49 DEBUG    app.services.strategy_ema  [S2-freshness][VTI] CALL cross 1 bars old — within 40-bar window ✓
2026-07-31 08:06:49 DEBUG    app.services.strategy_ema  [S2-pullback][VTI] CALL — no pullback: pullback-bar low=366.0900 close=366.3900 EMA9=365.9801 (need low≤EMA9 or close within 0.3660)
2026-07-31 08:06:49 INFO     app.services.scheduler  [S2][FISV] PUT entries disabled (s2_puts_enabled=0) — skip
2026-07-31 08:07:11 INFO     app.services.scheduler  [vol-ceiling][AAPL] Symbol too hot — true range 409% of its own ATR(14) (max 250%) — post-event whip risk, blocking entry
2026-07-31 08:07:11 INFO     app.services.scheduler  [vol-ceiling][AMZN] Symbol too hot — true range 526% of its own ATR(14) (max 250%) — post-event whip risk, blocking entry
2026-07-31 08:07:11 INFO     app.services.strategy_ema  [S2-freshness][GOOGL] No CALL EMA cross found in TODAY's session — trend predates today, blocking
2026-07-31 08:07:12 INFO     app.services.scheduler  [S2][NOW] PUT entries disabled (s2_puts_enabled=0) — skip
2026-07-31 08:07:12 INFO     app.services.scheduler  [S2][SHOP] PUT entries disabled (s2_puts_enabled=0) — skip
2026-07-31 08:07:12 INFO     app.services.scheduler  [energy-gate][UBER] Symbol not in play — true range 38% of its own ATR(14) (min 50%) — blocking entry
2026-07-31 08:07:13 INFO     app.services.scheduler  [vol-ceiling][COIN] Symbol too hot — true range 270% of its own ATR(14) (max 250%) — post-event whip risk, blocking entry
2026-07-31 08:07:13 INFO     app.services.scheduler  [S2][RIVN] PUT entries disabled (s2_puts_enabled=0) — skip
2026-07-31 08:07:13 DEBUG    app.services.strategy_ema  [S2-freshness][VTI] CALL cross 1 bars old — within 40-bar window ✓
2026-07-31 08:07:13 DEBUG    app.services.strategy_ema  [S2-pullback][VTI] CALL — no pullback: pullback-bar low=366.3950 close=366.4100 EMA9=365.9801 (need low≤EMA9 or close within 0.3660)
2026-07-31 08:07:13 INFO     app.services.scheduler  [S2][CELH] PUT entries disabled (s2_puts_enabled=0) — skip
2026-07-31 08:07:13 INFO     app.services.scheduler  [S2][FISV] PUT entries disabled (s2_puts_enabled=0) — skip
2026-07-31 08:07:40 INFO     app.services.scheduler  [Primary] [adaptive-band] QQQ → band=0.80% (normal (adaptive off)) | regime=NEUTRAL
2026-07-31 08:07:41 INFO     app.services.scheduler  [vol-ceiling][AMZN] Symbol too hot — true range 526% of its own ATR(14) (max 250%) — post-event whip risk, blocking entry
2026-07-31 08:07:41 INFO     app.services.scheduler  [vol-ceiling][AAPL] Symbol too hot — true range 409% of its own ATR(14) (max 250%) — post-event whip risk, blocking entry
2026-07-31 08:07:42 INFO     app.services.scheduler  [vol-ceiling][AAPL] Symbol too hot — true range 409% of its own ATR(14) (max 250%) — post-event whip risk, blocking entry
2026-07-31 08:07:42 INFO     app.services.scheduler  [vol-ceiling][AMZN] Symbol too hot — true range 526% of its own ATR(14) (max 250%) — post-event whip risk, blocking entry
2026-07-31 08:07:42 INFO     app.services.strategy  [NVDA] [L1] CALL rejected — price 197.46 is BELOW VWAP 197.70 (wrong side for bullish bounce)
2026-07-31 08:07:43 INFO     app.services.strategy_ema  [S2-freshness][GOOGL] No CALL EMA cross found in TODAY's session — trend predates today, blocking
2026-07-31 08:07:43 INFO     app.services.strategy  [GOOGL] [L1] CALL rejected — price 351.84 is 1.498% from VWAP 346.65 (band=0.80% — waiting for pullback to VWAP)
2026-07-31 08:07:43 INFO     app.services.strategy  [INTC] [L1] CALL rejected — price 93.33 is BELOW VWAP 94.29 (wrong side for bullish bounce)
2026-07-31 08:07:43 INFO     app.services.strategy  [PLTR] [L1] PUT entries disabled (s1_puts_enabled=0) — skip
2026-07-31 08:07:43 INFO     app.services.scheduler  [S2][NOW] PUT entries disabled (s2_puts_enabled=0) — skip
2026-07-31 08:07:44 INFO     app.services.scheduler  [S2][SHOP] PUT entries disabled (s2_puts_enabled=0) — skip
2026-07-31 08:07:44 INFO     app.services.strategy  [NOW] [L1] PUT entries disabled (s1_puts_enabled=0) — skip
2026-07-31 08:07:44 INFO     app.services.strategy  [NFLX] [L1] PUT entries disabled (s1_puts_enabled=0) — skip
2026-07-31 08:07:44 INFO     app.services.scheduler  [energy-gate][UBER] Symbol not in play — true range 38% of its own ATR(14) (min 50%) — blocking entry
2026-07-31 08:07:44 INFO     app.services.strategy  [SHOP] [L1] PUT entries disabled (s1_puts_enabled=0) — skip
2026-07-31 08:07:45 INFO     app.services.scheduler  [vol-ceiling][COIN] Symbol too hot — true range 270% of its own ATR(14) (max 250%) — post-event whip risk, blocking entry
2026-07-31 08:07:45 INFO     app.services.strategy  [IWM] [L1] PUT entries disabled (s1_puts_enabled=0) — skip
2026-07-31 08:07:45 INFO     app.services.strategy  [CRM] [L1] trend=neutral (price=180.56 vs EMA21) — no signal
2026-07-31 08:07:46 INFO     app.services.strategy  [SOFI] [L1] PUT entries disabled (s1_puts_enabled=0) — skip
2026-07-31 08:07:46 INFO     app.services.scheduler  [S2][RIVN] PUT entries disabled (s2_puts_enabled=0) — skip
2026-07-31 08:07:46 INFO     app.services.strategy  [UBER] [L1] CALL rejected — price 69.90 is BELOW VWAP 69.99 (wrong side for bullish bounce)
2026-07-31 08:07:46 INFO     app.services.scheduler  [vol-ceiling][COIN] Symbol too hot — true range 270% of its own ATR(14) (max 250%) — post-event whip risk, blocking entry
2026-07-31 08:07:47 INFO     app.services.strategy  [WMT] [L1] CALL rejected — price 111.17 is only 0.092% from VWAP 111.07 (min clearance 0.40% — AT RISK, no directional conviction)
2026-07-31 08:07:47 INFO     app.services.strategy  [F] [L1] PUT entries disabled (s1_puts_enabled=0) — skip
2026-07-31 08:07:47 INFO     app.services.scheduler  [S2][CELH] PUT entries disabled (s2_puts_enabled=0) — skip
2026-07-31 08:07:47 INFO     app.services.strategy  [CELH] [L1] PUT entries disabled (s1_puts_enabled=0) — skip
2026-07-31 08:07:48 INFO     app.services.scheduler  [S2][FISV] PUT entries disabled (s2_puts_enabled=0) — skip
2026-07-31 08:07:48 INFO     app.services.strategy  [VTI] [L1] CALL rejected — price 366.17 is BELOW VWAP 366.21 (wrong side for bullish bounce)
2026-07-31 08:07:48 INFO     app.services.strategy  [FISV] [L1] PUT entries disabled (s1_puts_enabled=0) — skip
2026-07-31 08:07:48 DEBUG    app.services.strategy_ema  [S2-freshness][VTI] CALL cross 1 bars old — within 40-bar window ✓
2026-07-31 08:07:48 DEBUG    app.services.strategy_ema  [S2-pullback][VTI] CALL — no pullback: pullback-bar low=366.3950 close=366.4100 EMA9=365.9801 (need low≤EMA9 or close within 0.3660)
2026-07-31 08:08:10 INFO     app.services.scheduler  [vol-ceiling][AAPL] Symbol too hot — true range 409% of its own ATR(14) (max 250%) — post-event whip risk, blocking entry
2026-07-31 08:08:11 INFO     app.services.scheduler  [vol-ceiling][AMZN] Symbol too hot — true range 526% of its own ATR(14) (max 250%) — post-event whip risk, blocking entry
2026-07-31 08:08:11 INFO     app.services.strategy_ema  [S2-freshness][GOOGL] No CALL EMA cross found in TODAY's session — trend predates today, blocking
2026-07-31 08:08:11 INFO     app.services.scheduler  [S2][NOW] PUT entries disabled (s2_puts_enabled=0) — skip
2026-07-31 08:08:12 INFO     app.services.scheduler  [S2][SHOP] PUT entries disabled (s2_puts_enabled=0) — skip
2026-07-31 08:08:12 INFO     app.services.scheduler  [energy-gate][UBER] Symbol not in play — true range 38% of its own ATR(14) (min 50%) — blocking entry
2026-07-31 08:08:12 INFO     app.services.scheduler  [vol-ceiling][COIN] Symbol too hot — true range 270% of its own ATR(14) (max 250%) — post-event whip risk, blocking entry
2026-07-31 08:08:12 INFO     app.services.scheduler  [S2][RIVN] PUT entries disabled (s2_puts_enabled=0) — skip
2026-07-31 08:08:13 DEBUG    app.services.strategy_ema  [S2-freshness][VTI] CALL cross 1 bars old — within 40-bar window ✓
2026-07-31 08:08:13 DEBUG    app.services.strategy_ema  [S2-pullback][VTI] CALL — no pullback: pullback-bar low=366.3400 close=366.3700 EMA9=365.9801 (need low≤EMA9 or close within 0.3660)
2026-07-31 08:08:13 INFO     app.services.scheduler  [S2][CELH] PUT entries disabled (s2_puts_enabled=0) — skip
2026-07-31 08:08:13 INFO     app.services.scheduler  [S2][FISV] PUT entries disabled (s2_puts_enabled=0) — skip
2026-07-31 08:08:40 INFO     app.services.scheduler  [Primary] [adaptive-band] QQQ → band=0.80% (normal (adaptive off)) | regime=BEARISH
2026-07-31 08:08:41 INFO     app.services.scheduler  [vol-ceiling][AAPL] Symbol too hot — true range 409% of its own ATR(14) (max 250%) — post-event whip risk, blocking entry
2026-07-31 08:08:41 INFO     app.services.strategy  [NVDA] [L1] CALL rejected — price 197.40 is BELOW VWAP 197.70 (wrong side for bullish bounce)
2026-07-31 08:08:42 INFO     app.services.scheduler  [vol-ceiling][AMZN] Symbol too hot — true range 526% of its own ATR(14) (max 250%) — post-event whip risk, blocking entry
2026-07-31 08:08:42 INFO     app.services.scheduler  [vol-ceiling][AAPL] Symbol too hot — true range 409% of its own ATR(14) (max 250%) — post-event whip risk, blocking entry
2026-07-31 08:08:42 INFO     app.services.scheduler  [vol-ceiling][AMZN] Symbol too hot — true range 526% of its own ATR(14) (max 250%) — post-event whip risk, blocking entry
2026-07-31 08:08:43 INFO     app.services.strategy  [GOOGL] [L1] CALL rejected — price 351.39 is 1.356% from VWAP 346.69 (band=0.80% — waiting for pullback to VWAP)
2026-07-31 08:08:43 INFO     app.services.strategy_ema  [S2-freshness][GOOGL] No CALL EMA cross found in TODAY's session — trend predates today, blocking
2026-07-31 08:08:43 INFO     app.services.strategy  [INTC] [L1] CALL rejected — price 93.19 is BELOW VWAP 94.29 (wrong side for bullish bounce)
2026-07-31 08:08:43 INFO     app.services.strategy  [PLTR] [L1] PUT entries disabled (s1_puts_enabled=0) — skip
2026-07-31 08:08:43 INFO     app.services.scheduler  [S2][NOW] PUT entries disabled (s2_puts_enabled=0) — skip
2026-07-31 08:08:44 INFO     app.services.strategy  [NFLX] [L1] PUT entries disabled (s1_puts_enabled=0) — skip
2026-07-31 08:08:44 INFO     app.services.strategy  [NOW] [L1] PUT entries disabled (s1_puts_enabled=0) — skip
2026-07-31 08:08:44 INFO     app.services.strategy  [SHOP] [L1] PUT entries disabled (s1_puts_enabled=0) — skip
2026-07-31 08:08:45 INFO     app.services.scheduler  [S2][SHOP] PUT entries disabled (s2_puts_enabled=0) — skip
2026-07-31 08:08:45 INFO     app.services.scheduler  [energy-gate][UBER] Symbol not in play — true range 38% of its own ATR(14) (min 50%) — blocking entry
2026-07-31 08:08:45 INFO     app.services.strategy  [CRM] [L1] trend=neutral (price=180.49 vs EMA21) — no signal
2026-07-31 08:08:45 INFO     app.services.strategy  [IWM] [L1] PUT entries disabled (s1_puts_enabled=0) — skip
2026-07-31 08:08:45 INFO     app.services.scheduler  [vol-ceiling][COIN] Symbol too hot — true range 270% of its own ATR(14) (max 250%) — post-event whip risk, blocking entry
2026-07-31 08:08:46 INFO     app.services.strategy  [SOFI] [L1] PUT entries disabled (s1_puts_enabled=0) — skip
2026-07-31 08:08:46 INFO     app.services.strategy  [UBER] [L1] CALL rejected — price 69.78 is BELOW VWAP 69.99 (wrong side for bullish bounce)
2026-07-31 08:08:46 INFO     app.services.scheduler  [S2][RIVN] PUT entries disabled (s2_puts_enabled=0) — skip
2026-07-31 08:08:46 INFO     app.services.scheduler  [vol-ceiling][COIN] Symbol too hot — true range 270% of its own ATR(14) (max 250%) — post-event whip risk, blocking entry
2026-07-31 08:08:46 INFO     app.services.strategy  [F] [L1] PUT entries disabled (s1_puts_enabled=0) — skip
2026-07-31 08:08:47 INFO     app.services.scheduler  [S2][CELH] PUT entries disabled (s2_puts_enabled=0) — skip
2026-07-31 08:08:47 INFO     app.services.strategy  [CELH] [L1] PUT entries disabled (s1_puts_enabled=0) — skip
2026-07-31 08:08:48 INFO     app.services.strategy  [WMT] [L1] CALL rejected — price 111.20 is only 0.118% from VWAP 111.07 (min clearance 0.40% — AT RISK, no directional conviction)
2026-07-31 08:08:48 INFO     app.services.strategy  [VTI] [L1] CALL rejected — price 366.10 is BELOW VWAP 366.21 (wrong side for bullish bounce)
2026-07-31 08:08:48 INFO     app.services.strategy  [FISV] [L1] PUT entries disabled (s1_puts_enabled=0) — skip
2026-07-31 08:08:48 INFO     app.services.scheduler  [S2][FISV] PUT entries disabled (s2_puts_enabled=0) — skip
2026-07-31 08:08:48 DEBUG    app.services.strategy_ema  [S2-freshness][VTI] CALL cross 1 bars old — within 40-bar window ✓
2026-07-31 08:08:48 DEBUG    app.services.strategy_ema  [S2-pullback][VTI] CALL — no pullback: pullback-bar low=366.3400 close=366.3700 EMA9=365.9801 (need low≤EMA9 or close within 0.3660)
2026-07-31 08:09:11 INFO     app.services.scheduler  [vol-ceiling][AAPL] Symbol too hot — true range 409% of its own ATR(14) (max 250%) — post-event whip risk, blocking entry
2026-07-31 08:09:12 INFO     app.services.scheduler  [vol-ceiling][AMZN] Symbol too hot — true range 526% of its own ATR(14) (max 250%) — post-event whip risk, blocking entry
2026-07-31 08:09:12 INFO     app.services.strategy_ema  [S2-freshness][GOOGL] No CALL EMA cross found in TODAY's session — trend predates today, blocking
2026-07-31 08:09:12 INFO     app.services.scheduler  [S2][NOW] PUT entries disabled (s2_puts_enabled=0) — skip
2026-07-31 08:09:14 INFO     app.services.scheduler  [S2][SHOP] PUT entries disabled (s2_puts_enabled=0) — skip
2026-07-31 08:09:14 INFO     app.services.scheduler  [energy-gate][UBER] Symbol not in play — true range 38% of its own ATR(14) (min 50%) — blocking entry
2026-07-31 08:09:14 INFO     app.services.scheduler  [S2][RIVN] PUT entries disabled (s2_puts_enabled=0) — skip
2026-07-31 08:09:14 INFO     app.services.scheduler  [vol-ceiling][COIN] Symbol too hot — true range 270% of its own ATR(14) (max 250%) — post-event whip risk, blocking entry
2026-07-31 08:09:16 DEBUG    app.services.strategy_ema  [S2-freshness][VTI] CALL cross 1 bars old — within 40-bar window ✓
2026-07-31 08:09:16 INFO     app.services.scheduler  [S2][CELH] PUT entries disabled (s2_puts_enabled=0) — skip
2026-07-31 08:09:16 INFO     app.services.strategy_ema  [S2-pullback][VTI] CALL pullback ✓ — pullback-bar low=366.1000 close=366.2300 EMA9=365.9801
2026-07-31 08:09:16 INFO     app.services.strategy_ema  [S2-confirm][VTI] CALL confirmation failed — candle bearish/doji (open=366.2300 close=366.0750) prev_high=366.3100 ema9=365.9801 above_ema9=True
2026-07-31 08:09:16 INFO     app.services.scheduler  [S2][FISV] PUT entries disabled (s2_puts_enabled=0) — skip
2026-07-31 08:09:41 INFO     app.services.scheduler  [Primary] [adaptive-band] QQQ → band=0.80% (normal (adaptive off)) | regime=BEARISH
2026-07-31 08:09:41 INFO     app.services.scheduler  [vol-ceiling][AAPL] Symbol too hot — true range 409% of its own ATR(14) (max 250%) — post-event whip risk, blocking entry
2026-07-31 08:09:41 INFO     app.services.scheduler  [vol-ceiling][AMZN] Symbol too hot — true range 526% of its own ATR(14) (max 250%) — post-event whip risk, blocking entry
2026-07-31 08:09:42 INFO     app.services.scheduler  [vol-ceiling][AAPL] Symbol too hot — true range 409% of its own ATR(14) (max 250%) — post-event whip risk, blocking entry
2026-07-31 08:09:42 INFO     app.services.scheduler  [vol-ceiling][AMZN] Symbol too hot — true range 526% of its own ATR(14) (max 250%) — post-event whip risk, blocking entry
2026-07-31 08:09:42 INFO     app.services.strategy_ema  [S2-freshness][GOOGL] No CALL EMA cross found in TODAY's session — trend predates today, blocking
2026-07-31 08:09:42 INFO     app.services.strategy  [NVDA] [L1] CALL rejected — price 197.41 is BELOW VWAP 197.69 (wrong side for bullish bounce)
2026-07-31 08:09:43 INFO     app.services.strategy  [GOOGL] [L1] CALL rejected — price 351.07 is 1.256% from VWAP 346.71 (band=0.80% — waiting for pullback to VWAP)
2026-07-31 08:09:43 INFO     app.services.strategy  [INTC] [L1] CALL rejected — price 92.94 is BELOW VWAP 94.28 (wrong side for bullish bounce)
2026-07-31 08:09:44 INFO     app.services.scheduler  [S2][SHOP] PUT entries disabled (s2_puts_enabled=0) — skip
2026-07-31 08:09:44 INFO     app.services.strategy  [PLTR] [L1] PUT entries disabled (s1_puts_enabled=0) — skip
2026-07-31 08:09:44 INFO     app.services.scheduler  [S2][NOW] PUT entries disabled (s2_puts_enabled=0) — skip
2026-07-31 08:09:44 INFO     app.services.strategy  [NOW] [L1] PUT entries disabled (s1_puts_enabled=0) — skip
2026-07-31 08:09:44 INFO     app.services.strategy  [NFLX] [L1] PUT entries disabled (s1_puts_enabled=0) — skip
2026-07-31 08:09:44 INFO     app.services.strategy  [SHOP] [L1] PUT entries disabled (s1_puts_enabled=0) — skip
2026-07-31 08:09:45 INFO     app.services.scheduler  [energy-gate][UBER] Symbol not in play — true range 38% of its own ATR(14) (min 50%) — blocking entry
2026-07-31 08:09:45 INFO     app.services.strategy  [IWM] [L1] PUT entries disabled (s1_puts_enabled=0) — skip
2026-07-31 08:09:45 INFO     app.services.scheduler  [vol-ceiling][COIN] Symbol too hot — true range 270% of its own ATR(14) (max 250%) — post-event whip risk, blocking entry
2026-07-31 08:09:46 INFO     app.services.strategy  [CRM] [L1] trend=neutral (price=180.42 vs EMA21) — no signal
2026-07-31 08:09:46 INFO     app.services.strategy  [UBER] [L1] CALL rejected — price 69.76 is BELOW VWAP 69.99 (wrong side for bullish bounce)
2026-07-31 08:09:46 INFO     app.services.strategy  [SOFI] [L1] PUT entries disabled (s1_puts_enabled=0) — skip
2026-07-31 08:09:46 INFO     app.services.scheduler  [vol-ceiling][COIN] Symbol too hot — true range 270% of its own ATR(14) (max 250%) — post-event whip risk, blocking entry
2026-07-31 08:09:46 INFO     app.services.scheduler  [S2][RIVN] PUT entries disabled (s2_puts_enabled=0) — skip
2026-07-31 08:09:47 INFO     app.services.scheduler  [S2][CELH] PUT entries disabled (s2_puts_enabled=0) — skip
2026-07-31 08:09:47 INFO     app.services.strategy  [WMT] [L1] CALL rejected — price 111.17 is only 0.087% from VWAP 111.07 (min clearance 0.40% — AT RISK, no directional conviction)
2026-07-31 08:09:47 INFO     app.services.strategy  [F] [L1] PUT entries disabled (s1_puts_enabled=0) — skip
2026-07-31 08:09:48 INFO     app.services.strategy  [CELH] [L1] PUT entries disabled (s1_puts_enabled=0) — skip
2026-07-31 08:09:48 DEBUG    app.services.strategy_ema  [S2-freshness][VTI] CALL cross 1 bars old — within 40-bar window ✓
2026-07-31 08:09:48 INFO     app.services.scheduler  [S2][FISV] PUT entries disabled (s2_puts_enabled=0) — skip
2026-07-31 08:09:48 INFO     app.services.strategy_ema  [S2-pullback][VTI] CALL pullback ✓ — pullback-bar low=366.1000 close=366.2300 EMA9=365.9801
2026-07-31 08:09:48 INFO     app.services.strategy_ema  [S2-confirm][VTI] CALL confirmation failed — candle bearish/doji (open=366.2300 close=366.0750) prev_high=366.3100 ema9=365.9801 above_ema9=True
2026-07-31 08:09:49 INFO     app.services.strategy  [VTI] [L1] CALL rejected — price 365.94 is BELOW VWAP 366.21 (wrong side for bullish bounce)
2026-07-31 08:09:49 INFO     app.services.strategy  [FISV] [L1] PUT entries disabled (s1_puts_enabled=0) — skip
2026-07-31 08:10:12 INFO     app.services.strategy_ema  [S2-5m-filter][NVDA] CALL blocked — EMA9=197.6347 EMA21=197.0307 close=197.5000 VWAP=197.6957 EMA9_slope=↓ EMA21_slope=↑
2026-07-31 08:10:12 INFO     app.services.scheduler  [vol-ceiling][AMZN] Symbol too hot — true range 526% of its own ATR(14) (max 250%) — post-event whip risk, blocking entry
2026-07-31 08:10:13 INFO     app.services.strategy_ema  [S2-5m-filter][INTC] CALL blocked — EMA9=93.1271 EMA21=93.0317 close=92.9200 VWAP=94.1828 EMA9_slope=↓ EMA21_slope=↓
2026-07-31 08:10:13 DEBUG    app.services.strategy_ema  [S2-5m-filter][GOOGL] CALL OK — EMA9=349.8948 > EMA21=346.3784 close=351.0600 > VWAP=346.6294 slopes both↑
2026-07-31 08:10:13 INFO     app.services.strategy_ema  [S2-freshness][GOOGL] No CALL EMA cross found in TODAY's session — trend predates today, blocking
2026-07-31 08:10:13 INFO     app.services.scheduler  [vol-ceiling][AAPL] Symbol too hot — true range 409% of its own ATR(14) (max 250%) — post-event whip risk, blocking entry
2026-07-31 08:10:13 INFO     app.services.strategy_ema  [S2-5m-filter][NFLX] CALL blocked — EMA9=71.5413 EMA21=71.7778 close=71.6400 VWAP=71.7677 EMA9_slope=↑ EMA21_slope=↓
2026-07-31 08:10:13 INFO     app.services.strategy_ema  [S2-5m-filter][PLTR] CALL blocked — EMA9=120.4902 EMA21=120.9505 close=120.2000 VWAP=121.4057 EMA9_slope=↓ EMA21_slope=↓
2026-07-31 08:10:13 INFO     app.services.scheduler  [S2][PLTR] PUT entries disabled (s2_puts_enabled=0) — skip
2026-07-31 08:10:14 INFO     app.services.strategy_ema  [S2-5m-filter][NOW] CALL blocked — EMA9=109.4829 EMA21=109.7522 close=109.0700 VWAP=109.9634 EMA9_slope=↓ EMA21_slope=↓
2026-07-31 08:10:14 INFO     app.services.scheduler  [S2][NOW] PUT entries disabled (s2_puts_enabled=0) — skip
2026-07-31 08:10:14 INFO     app.services.scheduler  [energy-gate][UBER] Symbol not in play — true range 38% of its own ATR(14) (min 50%) — blocking entry
2026-07-31 08:10:14 INFO     app.services.strategy_ema  [S2-5m-filter][SHOP] CALL blocked — EMA9=117.4100 EMA21=118.6746 close=116.8700 VWAP=119.2717 EMA9_slope=↓ EMA21_slope=↓
2026-07-31 08:10:14 INFO     app.services.scheduler  [S2][SHOP] PUT entries disabled (s2_puts_enabled=0) — skip
2026-07-31 08:10:14 INFO     app.services.strategy_ema  [S2-5m-filter][SOFI] CALL blocked — EMA9=16.1149 EMA21=16.1379 close=16.1250 VWAP=16.1543 EMA9_slope=↑ EMA21_slope=↓
2026-07-31 08:10:15 INFO     app.services.scheduler  [vol-ceiling][COIN] Symbol too hot — true range 270% of its own ATR(14) (max 250%) — post-event whip risk, blocking entry
2026-07-31 08:10:15 INFO     app.services.strategy_ema  [S2-5m-filter][RIVN] CALL blocked — EMA9=15.7151 EMA21=15.9110 close=15.5350 VWAP=16.0265 EMA9_slope=↓ EMA21_slope=↓
2026-07-31 08:10:15 INFO     app.services.scheduler  [S2][RIVN] PUT entries disabled (s2_puts_enabled=0) — skip
2026-07-31 08:10:16 INFO     app.services.strategy_ema  [S2-5m-filter][F] CALL blocked — EMA9=14.5426 EMA21=14.5818 close=14.5650 VWAP=14.5801 EMA9_slope=↑ EMA21_slope=↓
2026-07-31 08:10:16 INFO     app.services.strategy_ema  [S2-5m-filter][JOBY] CALL blocked — EMA9=7.0513 EMA21=7.0789 close=7.0550 VWAP=7.0864 EMA9_slope=↑ EMA21_slope=↓
2026-07-31 08:10:16 INFO     app.services.strategy_ema  [S2-5m-filter][CELH] CALL blocked — EMA9=28.8804 EMA21=28.9135 close=28.8850 VWAP=28.9153 EMA9_slope=↑ EMA21_slope=↓
2026-07-31 08:10:17 INFO     app.services.strategy_ema  [S2-5m-filter][WMT] CALL blocked — EMA9=111.2765 EMA21=111.2176 close=111.2100 VWAP=111.0766 EMA9_slope=↓ EMA21_slope=↓
2026-07-31 08:10:17 INFO     app.services.strategy_ema  [S2-5m-filter][FIG] CALL blocked — EMA9=24.0270 EMA21=24.0352 close=23.9100 VWAP=24.1935 EMA9_slope=↓ EMA21_slope=↓
2026-07-31 08:10:17 INFO     app.services.scheduler  [S2][FIG] PUT entries disabled (s2_puts_enabled=0) — skip
2026-07-31 08:10:17 INFO     app.services.strategy_ema  [S2-5m-filter][VTI] CALL blocked — EMA9=365.9881 EMA21=365.8905 close=366.0200 VWAP=366.2121 EMA9_slope=↑ EMA21_slope=↑
2026-07-31 08:10:17 INFO     app.services.strategy_ema  [S2-5m-filter][UBS] CALL blocked — EMA9=52.8101 EMA21=52.8242 close=52.8650 VWAP=52.7257 EMA9_slope=↑ EMA21_slope=↑
2026-07-31 08:10:18 INFO     app.services.strategy_ema  [S2-5m-filter][FISV] CALL blocked — EMA9=53.0299 EMA21=53.1854 close=52.9150 VWAP=53.1726 EMA9_slope=↓ EMA21_slope=↓
2026-07-31 08:10:18 INFO     app.services.scheduler  [S2][FISV] PUT entries disabled (s2_puts_enabled=0) — skip
2026-07-31 08:10:40 INFO     app.services.scheduler  [Primary] [adaptive-band] QQQ → band=0.80% (normal (adaptive off)) | regime=BEARISH
2026-07-31 08:10:40 INFO     app.services.scheduler  [vol-ceiling][AAPL] Symbol too hot — true range 409% of its own ATR(14) (max 250%) — post-event whip risk, blocking entry
2026-07-31 08:10:41 INFO     app.services.scheduler  [vol-ceiling][AAPL] Symbol too hot — true range 409% of its own ATR(14) (max 250%) — post-event whip risk, blocking entry
2026-07-31 08:10:42 INFO     app.services.scheduler  [vol-ceiling][AMZN] Symbol too hot — true range 526% of its own ATR(14) (max 250%) — post-event whip risk, blocking entry
2026-07-31 08:10:42 INFO     app.services.scheduler  [vol-ceiling][AMZN] Symbol too hot — true range 526% of its own ATR(14) (max 250%) — post-event whip risk, blocking entry
2026-07-31 08:10:42 INFO     app.services.strategy  [NVDA] [L1] CALL rejected — price 197.37 is BELOW VWAP 197.69 (wrong side for bullish bounce)
2026-07-31 08:10:42 INFO     app.services.strategy  [GOOGL] [L1] CALL rejected — price 351.24 is 1.299% from VWAP 346.73 (band=0.80% — waiting for pullback to VWAP)
2026-07-31 08:10:42 INFO     app.services.strategy_ema  [S2-freshness][GOOGL] No CALL EMA cross found in TODAY's session — trend predates today, blocking
2026-07-31 08:10:43 INFO     app.services.scheduler  [S2][PLTR] PUT entries disabled (s2_puts_enabled=0) — skip
2026-07-31 08:10:44 INFO     app.services.strategy  [PLTR] [L1] PUT entries disabled (s1_puts_enabled=0) — skip
2026-07-31 08:10:44 INFO     app.services.strategy  [NOW] [L1] PUT entries disabled (s1_puts_enabled=0) — skip
2026-07-31 08:10:44 INFO     app.services.scheduler  [S2][NOW] PUT entries disabled (s2_puts_enabled=0) — skip
2026-07-31 08:10:44 INFO     app.services.strategy  [INTC] [L1] CALL rejected — price 92.69 is BELOW VWAP 94.27 (wrong side for bullish bounce)
2026-07-31 08:10:45 INFO     app.services.strategy  [NFLX] [L1] PUT entries disabled (s1_puts_enabled=0) — skip
2026-07-31 08:10:45 INFO     app.services.strategy  [IWM] [L1] PUT entries disabled (s1_puts_enabled=0) — skip
2026-07-31 08:10:45 INFO     app.services.scheduler  [S2][SHOP] PUT entries disabled (s2_puts_enabled=0) — skip
2026-07-31 08:10:45 INFO     app.services.strategy  [SHOP] [L1] PUT entries disabled (s1_puts_enabled=0) — skip
2026-07-31 08:10:45 INFO     app.services.strategy  [SOFI] [L1] PUT entries disabled (s1_puts_enabled=0) — skip
2026-07-31 08:10:46 INFO     app.services.strategy  [CRM] [L1] trend=neutral (price=180.87 vs EMA21) — no signal
2026-07-31 08:10:46 INFO     app.services.scheduler  [energy-gate][UBER] Symbol not in play — true range 38% of its own ATR(14) (min 50%) — blocking entry
2026-07-31 08:10:46 INFO     app.services.strategy  [UBER] [L1] CALL rejected — price 69.89 is BELOW VWAP 69.99 (wrong side for bullish bounce)
2026-07-31 08:10:47 INFO     app.services.scheduler  [S2][RIVN] PUT entries disabled (s2_puts_enabled=0) — skip
2026-07-31 08:10:47 INFO     app.services.scheduler  [vol-ceiling][COIN] Symbol too hot — true range 270% of its own ATR(14) (max 250%) — post-event whip risk, blocking entry
2026-07-31 08:10:47 INFO     app.services.scheduler  [vol-ceiling][COIN] Symbol too hot — true range 270% of its own ATR(14) (max 250%) — post-event whip risk, blocking entry
2026-07-31 08:10:47 INFO     app.services.strategy  [F] [L1] PUT entries disabled (s1_puts_enabled=0) — skip
2026-07-31 08:10:48 INFO     app.services.strategy  [CELH] [L1] PUT entries disabled (s1_puts_enabled=0) — skip
2026-07-31 08:10:48 INFO     app.services.strategy  [WMT] [L1] CALL rejected — price 111.25 is only 0.158% from VWAP 111.07 (min clearance 0.40% — AT RISK, no directional conviction)
2026-07-31 08:10:49 INFO     app.services.scheduler  [S2][FIG] PUT entries disabled (s2_puts_enabled=0) — skip
2026-07-31 08:10:49 INFO     app.services.strategy  [FISV] [L1] PUT entries disabled (s1_puts_enabled=0) — skip
2026-07-31 08:10:49 INFO     app.services.strategy  [VTI] [L1] CALL rejected — price 366.01 is BELOW VWAP 366.21 (wrong side for bullish bounce)
2026-07-31 08:10:49 INFO     app.services.scheduler  [S2][FISV] PUT entries disabled (s2_puts_enabled=0) — skip
2026-07-31 08:11:11 INFO     app.services.scheduler  [vol-ceiling][AMZN] Symbol too hot — true range 526% of its own ATR(14) (max 250%) — post-event whip risk, blocking entry
2026-07-31 08:11:11 INFO     app.services.scheduler  [vol-ceiling][AAPL] Symbol too hot — true range 409% of its own ATR(14) (max 250%) — post-event whip risk, blocking entry
2026-07-31 08:11:11 INFO     app.services.strategy_ema  [S2-freshness][GOOGL] No CALL EMA cross found in TODAY's session — trend predates today, blocking
2026-07-31 08:11:12 INFO     app.services.scheduler  [S2][PLTR] PUT entries disabled (s2_puts_enabled=0) — skip
2026-07-31 08:11:12 INFO     app.services.scheduler  [S2][NOW] PUT entries disabled (s2_puts_enabled=0) — skip
2026-07-31 08:11:12 INFO     app.services.scheduler  [S2][SHOP] PUT entries disabled (s2_puts_enabled=0) — skip
2026-07-31 08:11:13 INFO     app.services.scheduler  [energy-gate][UBER] Symbol not in play — true range 38% of its own ATR(14) (min 50%) — blocking entry
2026-07-31 08:11:13 INFO     app.services.scheduler  [vol-ceiling][COIN] Symbol too hot — true range 270% of its own ATR(14) (max 250%) — post-event whip risk, blocking entry
2026-07-31 08:11:13 INFO     app.services.scheduler  [S2][RIVN] PUT entries disabled (s2_puts_enabled=0) — skip
2026-07-31 08:11:14 INFO     app.services.scheduler  [S2][FISV] PUT entries disabled (s2_puts_enabled=0) — skip
2026-07-31 08:11:14 INFO     app.services.scheduler  [S2][FIG] PUT entries disabled (s2_puts_enabled=0) — skip
2026-07-31 08:11:41 INFO     app.services.scheduler  [Primary] [adaptive-band] QQQ → band=0.80% (normal (adaptive off)) | regime=BEARISH
2026-07-31 08:11:41 INFO     app.services.scheduler  [vol-ceiling][AAPL] Symbol too hot — true range 409% of its own ATR(14) (max 250%) — post-event whip risk, blocking entry
2026-07-31 08:11:42 INFO     app.services.strategy  [NVDA] [L1] CALL rejected — price 196.91 is BELOW VWAP 197.69 (wrong side for bullish bounce)
2026-07-31 08:11:42 INFO     app.services.scheduler  [vol-ceiling][AAPL] Symbol too hot — true range 409% of its own ATR(14) (max 250%) — post-event whip risk, blocking entry
2026-07-31 08:11:42 INFO     app.services.scheduler  [vol-ceiling][AMZN] Symbol too hot — true range 526% of its own ATR(14) (max 250%) — post-event whip risk, blocking entry
2026-07-31 08:11:44 INFO     app.services.strategy  [PLTR] [L1] PUT entries disabled (s1_puts_enabled=0) — skip
2026-07-31 08:11:44 INFO     app.services.strategy_ema  [S2-freshness][GOOGL] No CALL EMA cross found in TODAY's session — trend predates today, blocking
2026-07-31 08:11:44 INFO     app.services.scheduler  [vol-ceiling][AMZN] Symbol too hot — true range 526% of its own ATR(14) (max 250%) — post-event whip risk, blocking entry
2026-07-31 08:11:44 INFO     app.services.scheduler  [S2][NOW] PUT entries disabled (s2_puts_enabled=0) — skip
2026-07-31 08:11:44 INFO     app.services.scheduler  [S2][PLTR] PUT entries disabled (s2_puts_enabled=0) — skip
2026-07-31 08:11:44 INFO     app.services.strategy  [GOOGL] [L1] CALL rejected — price 349.67 is 0.841% from VWAP 346.75 (band=0.80% — waiting for pullback to VWAP)
2026-07-31 08:11:45 INFO     app.services.strategy  [INTC] [L1] CALL rejected — price 92.44 is BELOW VWAP 94.26 (wrong side for bullish bounce)
2026-07-31 08:11:45 INFO     app.services.strategy  [NOW] [L1] PUT entries disabled (s1_puts_enabled=0) — skip
2026-07-31 08:11:46 INFO     app.services.scheduler  [S2][SHOP] PUT entries disabled (s2_puts_enabled=0) — skip
2026-07-31 08:11:46 INFO     app.services.strategy  [NFLX] [L1] PUT entries disabled (s1_puts_enabled=0) — skip
2026-07-31 08:11:46 INFO     app.services.strategy  [SHOP] [L1] PUT entries disabled (s1_puts_enabled=0) — skip
2026-07-31 08:11:46 INFO     app.services.strategy  [IWM] [L1] PUT entries disabled (s1_puts_enabled=0) — skip
2026-07-31 08:11:47 INFO     app.services.strategy  [SOFI] [L1] PUT entries disabled (s1_puts_enabled=0) — skip
2026-07-31 08:11:47 INFO     app.services.scheduler  [energy-gate][UBER] Symbol not in play — true range 38% of its own ATR(14) (min 50%) — blocking entry
2026-07-31 08:11:47 INFO     app.services.scheduler  [S2][RIVN] PUT entries disabled (s2_puts_enabled=0) — skip
2026-07-31 08:11:47 INFO     app.services.strategy  [CRM] [L1] trend=neutral (price=181.06 vs EMA21) — no signal
2026-07-31 08:11:47 INFO     app.services.scheduler  [vol-ceiling][COIN] Symbol too hot — true range 270% of its own ATR(14) (max 250%) — post-event whip risk, blocking entry
2026-07-31 08:11:48 INFO     app.services.strategy  [UBER] [L1] CALL rejected — price 69.83 is BELOW VWAP 69.99 (wrong side for bullish bounce)
2026-07-31 08:11:48 INFO     app.services.scheduler  [vol-ceiling][COIN] Symbol too hot — true range 270% of its own ATR(14) (max 250%) — post-event whip risk, blocking entry
2026-07-31 08:11:48 INFO     app.services.strategy  [F] [L1] PUT entries disabled (s1_puts_enabled=0) — skip
2026-07-31 08:11:49 INFO     app.services.strategy  [CELH] [L1] PUT entries disabled (s1_puts_enabled=0) — skip
2026-07-31 08:11:49 INFO     app.services.strategy  [VTI] [L1] CALL rejected — price 365.77 is BELOW VWAP 366.21 (wrong side for bullish bounce)
2026-07-31 08:11:50 INFO     app.services.strategy  [WMT] [L1] CALL rejected — price 111.36 is only 0.256% from VWAP 111.08 (min clearance 0.40% — AT RISK, no directional conviction)
2026-07-31 08:11:50 INFO     app.services.scheduler  [S2][FIG] PUT entries disabled (s2_puts_enabled=0) — skip
2026-07-31 08:11:50 INFO     app.services.scheduler  [S2][FISV] PUT entries disabled (s2_puts_enabled=0) — skip
2026-07-31 08:11:50 INFO     app.services.strategy  [FISV] [L1] PUT entries disabled (s1_puts_enabled=0) — skip
2026-07-31 08:12:11 INFO     app.services.scheduler  [vol-ceiling][AAPL] Symbol too hot — true range 409% of its own ATR(14) (max 250%) — post-event whip risk, blocking entry
2026-07-31 08:12:11 INFO     app.services.strategy_ema  [S2-freshness][GOOGL] No CALL EMA cross found in TODAY's session — trend predates today, blocking
2026-07-31 08:12:11 INFO     app.services.scheduler  [vol-ceiling][AMZN] Symbol too hot — true range 526% of its own ATR(14) (max 250%) — post-event whip risk, blocking entry
2026-07-31 08:12:12 INFO     app.services.scheduler  [S2][PLTR] PUT entries disabled (s2_puts_enabled=0) — skip
2026-07-31 08:12:12 INFO     app.services.scheduler  [S2][NOW] PUT entries disabled (s2_puts_enabled=0) — skip
2026-07-31 08:12:13 INFO     app.services.scheduler  [S2][SHOP] PUT entries disabled (s2_puts_enabled=0) — skip
2026-07-31 08:12:13 INFO     app.services.scheduler  [energy-gate][UBER] Symbol not in play — true range 38% of its own ATR(14) (min 50%) — blocking entry
2026-07-31 08:12:13 INFO     app.services.scheduler  [vol-ceiling][COIN] Symbol too hot — true range 270% of its own ATR(14) (max 250%) — post-event whip risk, blocking entry
2026-07-31 08:12:14 INFO     app.services.scheduler  [S2][RIVN] PUT entries disabled (s2_puts_enabled=0) — skip
2026-07-31 08:12:15 INFO     app.services.scheduler  [S2][FIG] PUT entries disabled (s2_puts_enabled=0) — skip
2026-07-31 08:12:16 INFO     app.services.scheduler  [S2][FISV] PUT entries disabled (s2_puts_enabled=0) — skip
2026-07-31 08:12:41 INFO     app.services.scheduler  [Primary] [adaptive-band] QQQ → band=0.80% (normal (adaptive off)) | regime=BEARISH
2026-07-31 08:12:41 INFO     app.services.scheduler  [vol-ceiling][AAPL] Symbol too hot — true range 409% of its own ATR(14) (max 250%) — post-event whip risk, blocking entry
2026-07-31 08:12:41 INFO     app.services.scheduler  [vol-ceiling][AAPL] Symbol too hot — true range 409% of its own ATR(14) (max 250%) — post-event whip risk, blocking entry
2026-07-31 08:12:41 INFO     app.services.strategy  [NVDA] [L1] CALL rejected — price 196.79 is BELOW VWAP 197.68 (wrong side for bullish bounce)
2026-07-31 08:12:41 INFO     app.services.scheduler  [vol-ceiling][AMZN] Symbol too hot — true range 526% of its own ATR(14) (max 250%) — post-event whip risk, blocking entry
2026-07-31 08:12:42 INFO     app.services.strategy_ema  [S2-freshness][GOOGL] No CALL EMA cross found in TODAY's session — trend predates today, blocking
2026-07-31 08:12:42 INFO     app.services.scheduler  [vol-ceiling][AMZN] Symbol too hot — true range 526% of its own ATR(14) (max 250%) — post-event whip risk, blocking entry
2026-07-31 08:12:42 INFO     app.services.strategy  [GOOGL] [L1] Signal: CALL  price=349.48  vwap=346.77  distance=0.781%  trend=bullish
2026-07-31 08:12:42 INFO     app.services.strategy  [L2] Directional bounce NOT confirmed for CALL — closes not rising. Last closes: [349.54]
2026-07-31 08:12:43 INFO     app.services.scheduler  [S2][PLTR] PUT entries disabled (s2_puts_enabled=0) — skip
2026-07-31 08:12:43 INFO     app.services.strategy  [INTC] [L1] CALL rejected — price 92.52 is BELOW VWAP 94.25 (wrong side for bullish bounce)
2026-07-31 08:12:43 INFO     app.services.scheduler  [S2][NOW] PUT entries disabled (s2_puts_enabled=0) — skip
2026-07-31 08:12:44 INFO     app.services.scheduler  [S2][SHOP] PUT entries disabled (s2_puts_enabled=0) — skip
2026-07-31 08:12:44 INFO     app.services.strategy  [NOW] [L1] PUT entries disabled (s1_puts_enabled=0) — skip
2026-07-31 08:12:45 INFO     app.services.strategy  [SHOP] [L1] PUT entries disabled (s1_puts_enabled=0) — skip
2026-07-31 08:12:45 INFO     app.services.strategy  [NFLX] [L1] PUT entries disabled (s1_puts_enabled=0) — skip
2026-07-31 08:12:45 INFO     app.services.strategy  [PLTR] [L1] PUT entries disabled (s1_puts_enabled=0) — skip
2026-07-31 08:12:45 INFO     app.services.scheduler  [vol-ceiling][COIN] Symbol too hot — true range 270% of its own ATR(14) (max 250%) — post-event whip risk, blocking entry
2026-07-31 08:12:45 INFO     app.services.scheduler  [energy-gate][UBER] Symbol not in play — true range 38% of its own ATR(14) (min 50%) — blocking entry
2026-07-31 08:12:46 INFO     app.services.strategy  [IWM] [L1] PUT entries disabled (s1_puts_enabled=0) — skip
2026-07-31 08:12:46 INFO     app.services.strategy  [CRM] [L1] trend=neutral (price=181.08 vs EMA21) — no signal
2026-07-31 08:12:46 INFO     app.services.strategy  [SOFI] [L1] PUT entries disabled (s1_puts_enabled=0) — skip
2026-07-31 08:12:47 INFO     app.services.scheduler  [S2][RIVN] PUT entries disabled (s2_puts_enabled=0) — skip
2026-07-31 08:12:47 INFO     app.services.strategy  [UBER] [L1] CALL rejected — price 69.83 is BELOW VWAP 69.99 (wrong side for bullish bounce)
2026-07-31 08:12:47 INFO     app.services.scheduler  [vol-ceiling][COIN] Symbol too hot — true range 270% of its own ATR(14) (max 250%) — post-event whip risk, blocking entry
2026-07-31 08:12:48 INFO     app.services.strategy  [CELH] [L1] PUT entries disabled (s1_puts_enabled=0) — skip
2026-07-31 08:12:48 INFO     app.services.strategy  [F] [L1] PUT entries disabled (s1_puts_enabled=0) — skip
2026-07-31 08:12:48 INFO     app.services.strategy  [WMT] [L1] CALL rejected — price 111.37 is only 0.263% from VWAP 111.08 (min clearance 0.40% — AT RISK, no directional conviction)
2026-07-31 08:12:48 INFO     app.services.scheduler  [S2][FIG] PUT entries disabled (s2_puts_enabled=0) — skip
2026-07-31 08:12:49 INFO     app.services.scheduler  [S2][FISV] PUT entries disabled (s2_puts_enabled=0) — skip
2026-07-31 08:12:49 INFO     app.services.strategy  [VTI] [L1] CALL rejected — price 365.94 is BELOW VWAP 366.21 (wrong side for bullish bounce)
2026-07-31 08:12:49 INFO     app.services.strategy  [FISV] [L1] PUT entries disabled (s1_puts_enabled=0) — skip
2026-07-31 08:13:11 INFO     app.services.scheduler  [vol-ceiling][AMZN] Symbol too hot — true range 526% of its own ATR(14) (max 250%) — post-event whip risk, blocking entry
2026-07-31 08:13:11 INFO     app.services.scheduler  [vol-ceiling][AAPL] Symbol too hot — true range 409% of its own ATR(14) (max 250%) — post-event whip risk, blocking entry
2026-07-31 08:13:12 INFO     app.services.strategy_ema  [S2-freshness][GOOGL] No CALL EMA cross found in TODAY's session — trend predates today, blocking
2026-07-31 08:13:12 INFO     app.services.scheduler  [S2][PLTR] PUT entries disabled (s2_puts_enabled=0) — skip
2026-07-31 08:13:12 INFO     app.services.scheduler  [S2][NOW] PUT entries disabled (s2_puts_enabled=0) — skip
2026-07-31 08:13:12 INFO     app.services.scheduler  [S2][SHOP] PUT entries disabled (s2_puts_enabled=0) — skip
2026-07-31 08:13:13 INFO     app.services.scheduler  [energy-gate][UBER] Symbol not in play — true range 38% of its own ATR(14) (min 50%) — blocking entry
2026-07-31 08:13:13 INFO     app.services.scheduler  [S2][RIVN] PUT entries disabled (s2_puts_enabled=0) — skip
2026-07-31 08:13:13 INFO     app.services.scheduler  [vol-ceiling][COIN] Symbol too hot — true range 270% of its own ATR(14) (max 250%) — post-event whip risk, blocking entry
2026-07-31 08:13:14 INFO     app.services.scheduler  [S2][FIG] PUT entries disabled (s2_puts_enabled=0) — skip
2026-07-31 08:13:15 INFO     app.services.scheduler  [S2][FISV] PUT entries disabled (s2_puts_enabled=0) — skip
2026-07-31 08:13:40 INFO     app.services.scheduler  [Primary] [adaptive-band] QQQ → band=0.80% (normal (adaptive off)) | regime=BEARISH
2026-07-31 08:13:41 INFO     app.services.scheduler  [vol-ceiling][AMZN] Symbol too hot — true range 526% of its own ATR(14) (max 250%) — post-event whip risk, blocking entry
2026-07-31 08:13:41 INFO     app.services.strategy  [NVDA] [L1] CALL rejected — price 197.19 is BELOW VWAP 197.68 (wrong side for bullish bounce)
2026-07-31 08:13:41 INFO     app.services.scheduler  [vol-ceiling][AMZN] Symbol too hot — true range 526% of its own ATR(14) (max 250%) — post-event whip risk, blocking entry
2026-07-31 08:13:42 INFO     app.services.scheduler  [vol-ceiling][AAPL] Symbol too hot — true range 409% of its own ATR(14) (max 250%) — post-event whip risk, blocking entry
2026-07-31 08:13:42 INFO     app.services.scheduler  [vol-ceiling][AAPL] Symbol too hot — true range 409% of its own ATR(14) (max 250%) — post-event whip risk, blocking entry
2026-07-31 08:13:42 INFO     app.services.strategy_ema  [S2-freshness][GOOGL] No CALL EMA cross found in TODAY's session — trend predates today, blocking
2026-07-31 08:13:42 INFO     app.services.strategy  [GOOGL] [L1] CALL rejected — price 349.92 is 0.904% from VWAP 346.78 (band=0.80% — waiting for pullback to VWAP)
2026-07-31 08:13:43 INFO     app.services.strategy  [INTC] [L1] CALL rejected — price 92.72 is BELOW VWAP 94.24 (wrong side for bullish bounce)
2026-07-31 08:13:43 INFO     app.services.strategy  [PLTR] [L1] PUT entries disabled (s1_puts_enabled=0) — skip
2026-07-31 08:13:43 INFO     app.services.scheduler  [S2][PLTR] PUT entries disabled (s2_puts_enabled=0) — skip
2026-07-31 08:13:44 INFO     app.services.scheduler  [S2][NOW] PUT entries disabled (s2_puts_enabled=0) — skip
2026-07-31 08:13:44 INFO     app.services.strategy  [NOW] [L1] PUT entries disabled (s1_puts_enabled=0) — skip
2026-07-31 08:13:44 INFO     app.services.strategy  [SHOP] [L1] PUT entries disabled (s1_puts_enabled=0) — skip
2026-07-31 08:13:45 INFO     app.services.scheduler  [S2][SHOP] PUT entries disabled (s2_puts_enabled=0) — skip
2026-07-31 08:13:45 INFO     app.services.strategy  [NFLX] [L1] PUT entries disabled (s1_puts_enabled=0) — skip
2026-07-31 08:13:46 INFO     app.services.strategy  [IWM] [L1] PUT entries disabled (s1_puts_enabled=0) — skip
2026-07-31 08:13:46 INFO     app.services.scheduler  [energy-gate][UBER] Symbol not in play — true range 38% of its own ATR(14) (min 50%) — blocking entry
2026-07-31 08:13:46 INFO     app.services.strategy  [CRM] [L1] trend=neutral (price=181.26 vs EMA21) — no signal
2026-07-31 08:13:46 INFO     app.services.scheduler  [vol-ceiling][COIN] Symbol too hot — true range 270% of its own ATR(14) (max 250%) — post-event whip risk, blocking entry
2026-07-31 08:13:46 INFO     app.services.strategy  [UBER] [L1] CALL rejected — price 69.93 is BELOW VWAP 69.99 (wrong side for bullish bounce)
2026-07-31 08:13:46 INFO     app.services.strategy  [SOFI] [L1] PUT entries disabled (s1_puts_enabled=0) — skip
2026-07-31 08:13:47 INFO     app.services.scheduler  [S2][RIVN] PUT entries disabled (s2_puts_enabled=0) — skip
2026-07-31 08:13:47 INFO     app.services.scheduler  [vol-ceiling][COIN] Symbol too hot — true range 270% of its own ATR(14) (max 250%) — post-event whip risk, blocking entry
2026-07-31 08:13:48 INFO     app.services.strategy  [F] [L1] PUT entries disabled (s1_puts_enabled=0) — skip
2026-07-31 08:13:48 INFO     app.services.strategy  [CELH] [L1] PUT entries disabled (s1_puts_enabled=0) — skip
2026-07-31 08:13:49 INFO     app.services.strategy  [WMT] [L1] CALL rejected — price 111.36 is only 0.249% from VWAP 111.08 (min clearance 0.40% — AT RISK, no directional conviction)
2026-07-31 08:13:49 INFO     app.services.strategy  [VTI] [L1] CALL rejected — price 366.11 is BELOW VWAP 366.21 (wrong side for bullish bounce)
2026-07-31 08:13:49 INFO     app.services.scheduler  [S2][FIG] PUT entries disabled (s2_puts_enabled=0) — skip
2026-07-31 08:13:49 INFO     app.services.strategy  [FISV] [L1] PUT entries disabled (s1_puts_enabled=0) — skip
2026-07-31 08:13:50 INFO     app.services.scheduler  [S2][FISV] PUT entries disabled (s2_puts_enabled=0) — skip
2026-07-31 08:14:11 INFO     app.services.scheduler  [vol-ceiling][AAPL] Symbol too hot — true range 409% of its own ATR(14) (max 250%) — post-event whip risk, blocking entry
2026-07-31 08:14:11 INFO     app.services.scheduler  [vol-ceiling][AMZN] Symbol too hot — true range 526% of its own ATR(14) (max 250%) — post-event whip risk, blocking entry
2026-07-31 08:14:12 INFO     app.services.strategy_ema  [S2-freshness][GOOGL] No CALL EMA cross found in TODAY's session — trend predates today, blocking
2026-07-31 08:14:12 INFO     app.services.scheduler  [S2][PLTR] PUT entries disabled (s2_puts_enabled=0) — skip
2026-07-31 08:14:12 INFO     app.services.scheduler  [S2][NOW] PUT entries disabled (s2_puts_enabled=0) — skip
2026-07-31 08:14:12 INFO     app.services.scheduler  [S2][SHOP] PUT entries disabled (s2_puts_enabled=0) — skip
2026-07-31 08:14:12 INFO     app.services.scheduler  [energy-gate][UBER] Symbol not in play — true range 38% of its own ATR(14) (min 50%) — blocking entry
2026-07-31 08:14:13 INFO     app.services.scheduler  [vol-ceiling][COIN] Symbol too hot — true range 270% of its own ATR(14) (max 250%) — post-event whip risk, blocking entry
2026-07-31 08:14:13 INFO     app.services.scheduler  [S2][FIG] PUT entries disabled (s2_puts_enabled=0) — skip
2026-07-31 08:14:13 INFO     app.services.scheduler  [S2][FISV] PUT entries disabled (s2_puts_enabled=0) — skip
2026-07-31 08:14:13 INFO     app.services.scheduler  [S2][RIVN] PUT entries disabled (s2_puts_enabled=0) — skip
2026-07-31 08:14:40 INFO     app.services.scheduler  [Primary] [adaptive-band] QQQ → band=0.80% (normal (adaptive off)) | regime=BEARISH
2026-07-31 08:14:41 INFO     app.services.scheduler  [vol-ceiling][AAPL] Symbol too hot — true range 409% of its own ATR(14) (max 250%) — post-event whip risk, blocking entry
2026-07-31 08:14:41 INFO     app.services.scheduler  [vol-ceiling][AAPL] Symbol too hot — true range 409% of its own ATR(14) (max 250%) — post-event whip risk, blocking entry
2026-07-31 08:14:41 INFO     app.services.strategy  [NVDA] [L1] CALL rejected — price 197.33 is BELOW VWAP 197.68 (wrong side for bullish bounce)
2026-07-31 08:14:41 INFO     app.services.scheduler  [vol-ceiling][AMZN] Symbol too hot — true range 526% of its own ATR(14) (max 250%) — post-event whip risk, blocking entry
2026-07-31 08:14:42 INFO     app.services.scheduler  [vol-ceiling][AMZN] Symbol too hot — true range 526% of its own ATR(14) (max 250%) — post-event whip risk, blocking entry
2026-07-31 08:14:43 INFO     app.services.scheduler  [S2][PLTR] PUT entries disabled (s2_puts_enabled=0) — skip
2026-07-31 08:14:43 INFO     app.services.strategy  [GOOGL] [L1] CALL rejected — price 350.01 is 0.927% from VWAP 346.79 (band=0.80% — waiting for pullback to VWAP)
2026-07-31 08:14:43 INFO     app.services.strategy  [INTC] [L1] CALL rejected — price 92.80 is BELOW VWAP 94.24 (wrong side for bullish bounce)
2026-07-31 08:14:43 INFO     app.services.strategy_ema  [S2-freshness][GOOGL] No CALL EMA cross found in TODAY's session — trend predates today, blocking
2026-07-31 08:14:44 INFO     app.services.scheduler  [S2][NOW] PUT entries disabled (s2_puts_enabled=0) — skip
2026-07-31 08:14:44 INFO     app.services.strategy  [PLTR] [L1] PUT entries disabled (s1_puts_enabled=0) — skip
2026-07-31 08:14:44 INFO     app.services.strategy  [NOW] [L1] PUT entries disabled (s1_puts_enabled=0) — skip
2026-07-31 08:14:45 INFO     app.services.strategy  [SHOP] [L1] PUT entries disabled (s1_puts_enabled=0) — skip
2026-07-31 08:14:45 INFO     app.services.scheduler  [S2][SHOP] PUT entries disabled (s2_puts_enabled=0) — skip
2026-07-31 08:14:45 INFO     app.services.strategy  [NFLX] [L1] PUT entries disabled (s1_puts_enabled=0) — skip
2026-07-31 08:14:46 INFO     app.services.strategy  [IWM] [L1] PUT entries disabled (s1_puts_enabled=0) — skip
2026-07-31 08:14:46 INFO     app.services.strategy  [CRM] [L1] trend=neutral (price=181.19 vs EMA21) — no signal
2026-07-31 08:14:46 INFO     app.services.strategy  [SOFI] [L1] PUT entries disabled (s1_puts_enabled=0) — skip
2026-07-31 08:14:46 INFO     app.services.scheduler  [energy-gate][UBER] Symbol not in play — true range 38% of its own ATR(14) (min 50%) — blocking entry
2026-07-31 08:14:46 INFO     app.services.scheduler  [S2][RIVN] PUT entries disabled (s2_puts_enabled=0) — skip
2026-07-31 08:14:46 INFO     app.services.scheduler  [vol-ceiling][COIN] Symbol too hot — true range 270% of its own ATR(14) (max 250%) — post-event whip risk, blocking entry
2026-07-31 08:14:46 INFO     app.services.strategy  [F] [L1] PUT entries disabled (s1_puts_enabled=0) — skip
2026-07-31 08:14:47 INFO     app.services.strategy  [UBER] [L1] CALL rejected — price 69.89 is BELOW VWAP 69.99 (wrong side for bullish bounce)
2026-07-31 08:14:47 INFO     app.services.scheduler  [vol-ceiling][COIN] Symbol too hot — true range 270% of its own ATR(14) (max 250%) — post-event whip risk, blocking entry
2026-07-31 08:14:48 INFO     app.services.strategy  [WMT] [L1] CALL rejected — price 111.36 is only 0.252% from VWAP 111.08 (min clearance 0.40% — AT RISK, no directional conviction)
2026-07-31 08:14:48 INFO     app.services.strategy  [CELH] [L1] PUT entries disabled (s1_puts_enabled=0) — skip
2026-07-31 08:14:48 INFO     app.services.strategy  [VTI] [L1] CALL rejected — price 366.25 is only 0.011% from VWAP 366.21 (min clearance 0.40% — AT RISK, no directional conviction)
2026-07-31 08:14:48 INFO     app.services.scheduler  [S2][FISV] PUT entries disabled (s2_puts_enabled=0) — skip
2026-07-31 08:14:48 INFO     app.services.strategy  [FISV] [L1] PUT entries disabled (s1_puts_enabled=0) — skip
2026-07-31 08:14:49 INFO     app.services.scheduler  [S2][FIG] PUT entries disabled (s2_puts_enabled=0) — skip
2026-07-31 08:15:11 INFO     app.services.scheduler  [vol-ceiling][AAPL] Symbol too hot — true range 409% of its own ATR(14) (max 250%) — post-event whip risk, blocking entry
2026-07-31 08:15:11 INFO     app.services.strategy_ema  [S2-5m-filter][NVDA] CALL blocked — EMA9=197.5477 EMA21=197.0461 close=197.1999 VWAP=197.6793 EMA9_slope=↓ EMA21_slope=↑
2026-07-31 08:15:12 INFO     app.services.strategy_ema  [S2-5m-filter][INTC] CALL blocked — EMA9=93.0417 EMA21=93.0016 close=92.7000 VWAP=94.1410 EMA9_slope=↓ EMA21_slope=↓
2026-07-31 08:15:13 INFO     app.services.strategy_ema  [S2-5m-filter][PLTR] CALL blocked — EMA9=120.4722 EMA21=120.9005 close=120.4000 VWAP=121.3713 EMA9_slope=↓ EMA21_slope=↓
2026-07-31 08:15:13 INFO     app.services.scheduler  [S2][PLTR] PUT entries disabled (s2_puts_enabled=0) — skip
2026-07-31 08:15:13 INFO     app.services.scheduler  [vol-ceiling][AMZN] Symbol too hot — true range 526% of its own ATR(14) (max 250%) — post-event whip risk, blocking entry
2026-07-31 08:15:14 INFO     app.services.strategy_ema  [S2-5m-filter][GOOGL] CALL blocked — EMA9=349.8639 EMA21=346.6840 close=349.7400 VWAP=346.7138 EMA9_slope=↓ EMA21_slope=↑
2026-07-31 08:15:14 INFO     app.services.strategy_ema  [S2-5m-filter][NOW] CALL blocked — EMA9=109.5043 EMA21=109.7374 close=109.5900 VWAP=109.9553 EMA9_slope=↑ EMA21_slope=↓
2026-07-31 08:15:14 INFO     app.services.strategy_ema  [S2-5m-filter][NFLX] CALL blocked — EMA9=71.5571 EMA21=71.7634 close=71.6200 VWAP=71.7650 EMA9_slope=↑ EMA21_slope=↓
2026-07-31 08:15:14 INFO     app.services.strategy_ema  [S2-5m-filter][SOFI] CALL blocked — EMA9=16.1220 EMA21=16.1390 close=16.1502 VWAP=16.1538 EMA9_slope=↑ EMA21_slope=↑
2026-07-31 08:15:15 INFO     app.services.strategy_ema  [S2-5m-filter][SHOP] CALL blocked — EMA9=117.2960 EMA21=118.5078 close=116.8400 VWAP=119.1544 EMA9_slope=↓ EMA21_slope=↓
2026-07-31 08:15:15 INFO     app.services.scheduler  [S2][SHOP] PUT entries disabled (s2_puts_enabled=0) — skip
2026-07-31 08:15:15 INFO     app.services.strategy_ema  [S2-5m-filter][RIVN] CALL blocked — EMA9=15.6851 EMA21=15.8796 close=15.5650 VWAP=16.0071 EMA9_slope=↓ EMA21_slope=↓
2026-07-31 08:15:15 INFO     app.services.scheduler  [S2][RIVN] PUT entries disabled (s2_puts_enabled=0) — skip
2026-07-31 08:15:16 INFO     app.services.scheduler  [energy-gate][UBER] Symbol not in play — true range 38% of its own ATR(14) (min 50%) — blocking entry
2026-07-31 08:15:16 INFO     app.services.strategy_ema  [S2-5m-filter][F] CALL blocked — EMA9=14.5411 EMA21=14.5775 close=14.5350 VWAP=14.5782 EMA9_slope=↓ EMA21_slope=↓
2026-07-31 08:15:16 INFO     app.services.scheduler  [S2][F] PUT entries disabled (s2_puts_enabled=0) — skip
2026-07-31 08:15:16 INFO     app.services.scheduler  [vol-ceiling][COIN] Symbol too hot — true range 270% of its own ATR(14) (max 250%) — post-event whip risk, blocking entry
2026-07-31 08:15:16 INFO     app.services.strategy_ema  [S2-5m-filter][JOBY] CALL blocked — EMA9=7.0540 EMA21=7.0776 close=7.0650 VWAP=7.0855 EMA9_slope=↑ EMA21_slope=↓
2026-07-31 08:15:17 DEBUG    app.services.strategy_ema  [S2-5m-filter][WMT] CALL OK — EMA9=111.2932 > EMA21=111.2305 close=111.3600 > VWAP=111.0824 slopes both↑
2026-07-31 08:15:17 DEBUG    app.services.strategy_ema  [S2-freshness][WMT] CALL cross 16 bars old — within 40-bar window ✓
2026-07-31 08:15:17 INFO     app.services.strategy_ema  [S2-pullback][WMT] CALL pullback ✓ — pullback-bar low=111.3250 close=111.3450 EMA9=111.2932
2026-07-31 08:15:17 INFO     app.services.strategy_ema  [S2-confirm][WMT] CALL confirmation failed — candle bullish (open=111.3400 close=111.3600) prev_high=111.3700 ema9=111.2932 above_ema9=True
2026-07-31 08:15:17 DEBUG    app.services.strategy_ema  [S2-5m-filter][VTI] CALL OK — EMA9=366.0355 > EMA21=365.9210 close=366.2250 > VWAP=366.2092 slopes both↑
2026-07-31 08:15:17 DEBUG    app.services.strategy_ema  [S2-freshness][VTI] CALL cross 3 bars old — within 40-bar window ✓
2026-07-31 08:15:17 INFO     app.services.strategy_ema  [S2-pullback][VTI] CALL pullback ✓ — pullback-bar low=365.9900 close=366.2150 EMA9=366.0355
2026-07-31 08:15:17 INFO     app.services.strategy_ema  [S2-confirm][VTI] CALL confirmation failed — candle bearish/doji (open=366.2300 close=366.2250) prev_high=366.2150 ema9=366.0355 above_ema9=True
2026-07-31 08:15:17 INFO     app.services.strategy_ema  [S2-5m-filter][CELH] CALL blocked — EMA9=28.9103 EMA21=28.9241 close=29.0300 VWAP=28.9214 EMA9_slope=↑ EMA21_slope=↑
2026-07-31 08:15:17 INFO     app.services.strategy_ema  [S2-5m-filter][FISV] CALL blocked — EMA9=53.0209 EMA21=53.1672 close=52.9850 VWAP=53.1648 EMA9_slope=↓ EMA21_slope=↓
2026-07-31 08:15:17 INFO     app.services.scheduler  [S2][FISV] PUT entries disabled (s2_puts_enabled=0) — skip
2026-07-31 08:15:18 INFO     app.services.strategy_ema  [S2-5m-filter][UBS] CALL blocked — EMA9=52.8141 EMA21=52.8247 close=52.8300 VWAP=52.7331 EMA9_slope=↑ EMA21_slope=↑
2026-07-31 08:15:18 INFO     app.services.strategy_ema  [S2-5m-filter][FIG] CALL blocked — EMA9=24.0246 EMA21=24.0333 close=24.0150 VWAP=24.1906 EMA9_slope=↓ EMA21_slope=↓
2026-07-31 08:15:18 INFO     app.services.scheduler  [S2][FIG] PUT entries disabled (s2_puts_enabled=0) — skip
2026-07-31 08:15:40 INFO     app.services.scheduler  [Primary] [adaptive-band] QQQ → band=0.80% (normal (adaptive off)) | regime=NEUTRAL
2026-07-31 08:15:41 INFO     app.services.scheduler  [vol-ceiling][AMZN] Symbol too hot — true range 526% of its own ATR(14) (max 250%) — post-event whip risk, blocking entry
2026-07-31 08:15:42 INFO     app.services.scheduler  [vol-ceiling][AAPL] Symbol too hot — true range 409% of its own ATR(14) (max 250%) — post-event whip risk, blocking entry
2026-07-31 08:15:42 INFO     app.services.strategy  [GOOGL] [L1] CALL rejected — price 350.70 is 1.121% from VWAP 346.82 (band=0.80% — waiting for pullback to VWAP)
2026-07-31 08:15:44 INFO     app.services.strategy  [INTC] [L1] CALL rejected — price 93.22 is BELOW VWAP 94.23 (wrong side for bullish bounce)
2026-07-31 08:15:44 INFO     app.services.strategy  [PLTR] [L1] PUT entries disabled (s1_puts_enabled=0) — skip
2026-07-31 08:15:46 INFO     app.services.strategy  [NOW] [L1] PUT entries disabled (s1_puts_enabled=0) — skip
2026-07-31 08:15:48 INFO     app.services.strategy  [SHOP] [L1] PUT entries disabled (s1_puts_enabled=0) — skip
2026-07-31 08:15:48 WARNING  app.services.tradier  get_intraday_bars(AAPL): ReadTimeout — skipping this cycle
2026-07-31 08:15:48 WARNING  app.services.scheduler  [S2][AAPL] Missing 5-min bars — skipping
2026-07-31 08:15:48 WARNING  app.services.tradier  get_intraday_bars(AMZN): ReadTimeout — skipping this cycle
2026-07-31 08:15:48 WARNING  app.services.scheduler  [S2][AMZN] Missing 5-min bars — skipping
2026-07-31 08:15:49 WARNING  app.services.tradier  get_intraday_bars(NVDA): ReadTimeout — skipping this cycle
2026-07-31 08:15:49 INFO     app.services.scheduler  [S2][PLTR] PUT entries disabled (s2_puts_enabled=0) — skip
2026-07-31 08:15:49 WARNING  app.services.scheduler  [NVDA] No 1-min bars returned from Tradier — skipping entry (likely timeout or market closed)
2026-07-31 08:15:49 INFO     app.services.strategy  [IWM] [L1] PUT entries disabled (s1_puts_enabled=0) — skip
2026-07-31 08:15:50 INFO     app.services.scheduler  [S2][SHOP] PUT entries disabled (s2_puts_enabled=0) — skip
2026-07-31 08:15:51 INFO     app.services.strategy  [SOFI] [L1] EMA trend 'bullish' not yet confirmed for 2 consecutive bars — skipping
2026-07-31 08:15:51 INFO     app.services.strategy  [CRM] [L1] EMA trend 'bullish' not yet confirmed for 2 consecutive bars — skipping
2026-07-31 08:15:51 INFO     app.services.scheduler  [energy-gate][UBER] Symbol not in play — true range 38% of its own ATR(14) (min 50%) — blocking entry
2026-07-31 08:15:52 INFO     app.services.scheduler  [vol-ceiling][COIN] Symbol too hot — true range 270% of its own ATR(14) (max 250%) — post-event whip risk, blocking entry
2026-07-31 08:15:52 WARNING  app.services.tradier  get_intraday_bars(NFLX): ReadTimeout — skipping this cycle
2026-07-31 08:15:53 INFO     app.services.strategy  [UBER] [L1] CALL rejected — price 69.82 is BELOW VWAP 69.98 (wrong side for bullish bounce)
2026-07-31 08:15:53 INFO     app.services.scheduler  [S2][RIVN] PUT entries disabled (s2_puts_enabled=0) — skip
2026-07-31 08:15:53 WARNING  app.services.scheduler  [NFLX] No 1-min bars returned from Tradier — skipping entry (likely timeout or market closed)
2026-07-31 08:15:53 INFO     app.services.scheduler  [S2][F] PUT entries disabled (s2_puts_enabled=0) — skip
2026-07-31 08:15:54 INFO     app.services.strategy  [CELH] [L1] EMA trend 'bullish' not yet confirmed for 2 consecutive bars — skipping
2026-07-31 08:15:54 INFO     app.services.scheduler  [vol-ceiling][COIN] Symbol too hot — true range 270% of its own ATR(14) (max 250%) — post-event whip risk, blocking entry
2026-07-31 08:15:54 INFO     app.services.strategy  [F] [L1] PUT entries disabled (s1_puts_enabled=0) — skip
2026-07-31 08:15:54 INFO     app.services.strategy  [WMT] [L1] CALL rejected — price 111.19 is only 0.098% from VWAP 111.08 (min clearance 0.40% — AT RISK, no directional conviction)
2026-07-31 08:15:54 DEBUG    app.services.strategy_ema  [S2-freshness][WMT] CALL cross 16 bars old — within 40-bar window ✓
2026-07-31 08:15:54 INFO     app.services.strategy_ema  [S2-pullback][WMT] CALL pullback ✓ — pullback-bar low=111.3250 close=111.3450 EMA9=111.2932
2026-07-31 08:15:54 INFO     app.services.strategy_ema  [S2-confirm][WMT] CALL confirmation failed — candle bullish (open=111.3400 close=111.3600) prev_high=111.3700 ema9=111.2932 above_ema9=True
2026-07-31 08:15:55 DEBUG    app.services.strategy_ema  [S2-freshness][VTI] CALL cross 3 bars old — within 40-bar window ✓
2026-07-31 08:15:55 INFO     app.services.strategy_ema  [S2-pullback][VTI] CALL pullback ✓ — pullback-bar low=365.9900 close=366.2150 EMA9=366.0355
2026-07-31 08:15:55 INFO     app.services.strategy_ema  [S2-confirm][VTI] CALL confirmation failed — candle bearish/doji (open=366.2300 close=366.2250) prev_high=366.2150 ema9=366.0355 above_ema9=True
2026-07-31 08:15:55 INFO     app.services.scheduler  [S2][FIG] PUT entries disabled (s2_puts_enabled=0) — skip
2026-07-31 08:15:55 INFO     app.services.scheduler  [S2][FISV] PUT entries disabled (s2_puts_enabled=0) — skip
2026-07-31 08:15:55 INFO     app.services.strategy  [VTI] [L1] CALL rejected — price 366.42 is only 0.056% from VWAP 366.21 (min clearance 0.40% — AT RISK, no directional conviction)
2026-07-31 08:15:56 INFO     app.services.strategy  [FISV] [L1] PUT entries disabled (s1_puts_enabled=0) — skip
2026-07-31 08:16:11 INFO     app.services.scheduler  [vol-ceiling][AAPL] Symbol too hot — true range 409% of its own ATR(14) (max 250%) — post-event whip risk, blocking entry
2026-07-31 08:16:11 INFO     app.services.scheduler  [vol-ceiling][AMZN] Symbol too hot — true range 526% of its own ATR(14) (max 250%) — post-event whip risk, blocking entry
2026-07-31 08:16:12 INFO     app.services.scheduler  [S2][PLTR] PUT entries disabled (s2_puts_enabled=0) — skip
2026-07-31 08:16:12 INFO     app.services.scheduler  [S2][SHOP] PUT entries disabled (s2_puts_enabled=0) — skip
2026-07-31 08:16:12 INFO     app.services.scheduler  [energy-gate][UBER] Symbol not in play — true range 38% of its own ATR(14) (min 50%) — blocking entry
2026-07-31 08:16:12 INFO     app.services.scheduler  [vol-ceiling][COIN] Symbol too hot — true range 270% of its own ATR(14) (max 250%) — post-event whip risk, blocking entry
2026-07-31 08:16:12 INFO     app.services.scheduler  [S2][RIVN] PUT entries disabled (s2_puts_enabled=0) — skip
2026-07-31 08:16:12 INFO     app.services.scheduler  [S2][F] PUT entries disabled (s2_puts_enabled=0) — skip
2026-07-31 08:16:12 DEBUG    app.services.strategy_ema  [S2-freshness][WMT] CALL cross 16 bars old — within 40-bar window ✓
2026-07-31 08:16:12 INFO     app.services.strategy_ema  [S2-pullback][WMT] CALL pullback ✓ — pullback-bar low=111.3226 close=111.3600 EMA9=111.2932
2026-07-31 08:16:12 INFO     app.services.strategy_ema  [S2-confirm][WMT] CALL confirmation failed — candle bearish/doji (open=111.3700 close=111.1900) prev_high=111.3900 ema9=111.2932 above_ema9=False
2026-07-31 08:16:12 DEBUG    app.services.strategy_ema  [S2-freshness][VTI] CALL cross 3 bars old — within 40-bar window ✓
2026-07-31 08:16:12 INFO     app.services.strategy_ema  [S2-pullback][VTI] CALL pullback ✓ — pullback-bar low=366.1750 close=366.2250 EMA9=366.0355
2026-07-31 08:16:12 INFO     app.services.strategy_ema  [S2-confirm][VTI] CALL confirmed ✓ — close=366.4100 > prev_high=366.3473 > ema9=366.0355
2026-07-31 08:16:12 INFO     app.services.scheduler  [S2][FIG] PUT entries disabled (s2_puts_enabled=0) — skip
2026-07-31 08:16:12 INFO     app.services.scheduler  [S2][FISV] PUT entries disabled (s2_puts_enabled=0) — skip
2026-07-31 08:16:13 INFO     app.services.strategy_ema  [S2-spread][VTI] Spread too wide — bid=2.60 ask=3.50 spread=29.5% > max 12.0%
2026-07-31 08:16:41 INFO     app.services.scheduler  [Primary] [adaptive-band] QQQ → band=0.80% (normal (adaptive off)) | regime=BEARISH
2026-07-31 08:16:41 INFO     app.services.scheduler  [vol-ceiling][AMZN] Symbol too hot — true range 526% of its own ATR(14) (max 250%) — post-event whip risk, blocking entry
2026-07-31 08:16:41 INFO     app.services.scheduler  [vol-ceiling][AAPL] Symbol too hot — true range 409% of its own ATR(14) (max 250%) — post-event whip risk, blocking entry
2026-07-31 08:16:41 INFO     app.services.scheduler  [vol-ceiling][AAPL] Symbol too hot — true range 409% of its own ATR(14) (max 250%) — post-event whip risk, blocking entry
2026-07-31 08:16:42 INFO     app.services.strategy  [NVDA] [L1] CALL rejected — price 197.08 is BELOW VWAP 197.67 (wrong side for bullish bounce)
2026-07-31 08:16:42 INFO     app.services.scheduler  [vol-ceiling][AMZN] Symbol too hot — true range 526% of its own ATR(14) (max 250%) — post-event whip risk, blocking entry
2026-07-31 08:16:42 INFO     app.services.strategy  [GOOGL] [L1] CALL rejected — price 350.00 is 0.915% from VWAP 346.83 (band=0.80% — waiting for pullback to VWAP)
2026-07-31 08:16:43 INFO     app.services.strategy  [PLTR] [L1] PUT entries disabled (s1_puts_enabled=0) — skip
2026-07-31 08:16:43 INFO     app.services.strategy  [INTC] [L1] CALL rejected — price 92.72 is BELOW VWAP 94.22 (wrong side for bullish bounce)
2026-07-31 08:16:44 INFO     app.services.scheduler  [S2][PLTR] PUT entries disabled (s2_puts_enabled=0) — skip
2026-07-31 08:16:44 INFO     app.services.strategy  [NOW] [L1] PUT entries disabled (s1_puts_enabled=0) — skip
2026-07-31 08:16:45 INFO     app.services.scheduler  [S2][SHOP] PUT entries disabled (s2_puts_enabled=0) — skip
2026-07-31 08:16:45 INFO     app.services.strategy  [NFLX] [L1] PUT entries disabled (s1_puts_enabled=0) — skip
2026-07-31 08:16:45 INFO     app.services.strategy  [SHOP] [L1] PUT entries disabled (s1_puts_enabled=0) — skip
2026-07-31 08:16:46 INFO     app.services.scheduler  [energy-gate][UBER] Symbol not in play — true range 38% of its own ATR(14) (min 50%) — blocking entry
2026-07-31 08:16:46 INFO     app.services.strategy  [IWM] [L1] PUT entries disabled (s1_puts_enabled=0) — skip
2026-07-31 08:16:46 INFO     app.services.strategy  [SOFI] [L1] EMA trend 'bullish' not yet confirmed for 2 consecutive bars — skipping
2026-07-31 08:16:46 INFO     app.services.strategy  [CRM] [L1] EMA trend 'bullish' not yet confirmed for 2 consecutive bars — skipping
2026-07-31 08:16:47 INFO     app.services.strategy  [UBER] [L1] CALL rejected — price 69.81 is BELOW VWAP 69.98 (wrong side for bullish bounce)
2026-07-31 08:16:47 INFO     app.services.scheduler  [vol-ceiling][COIN] Symbol too hot — true range 270% of its own ATR(14) (max 250%) — post-event whip risk, blocking entry
2026-07-31 08:16:47 INFO     app.services.scheduler  [S2][RIVN] PUT entries disabled (s2_puts_enabled=0) — skip
2026-07-31 08:16:47 INFO     app.services.scheduler  [S2][F] PUT entries disabled (s2_puts_enabled=0) — skip
2026-07-31 08:16:47 INFO     app.services.scheduler  [vol-ceiling][COIN] Symbol too hot — true range 270% of its own ATR(14) (max 250%) — post-event whip risk, blocking entry
2026-07-31 08:16:48 INFO     app.services.strategy  [F] [L1] PUT entries disabled (s1_puts_enabled=0) — skip
2026-07-31 08:16:48 INFO     app.services.strategy  [CELH] [L1] EMA trend 'bullish' not yet confirmed for 2 consecutive bars — skipping
2026-07-31 08:16:49 DEBUG    app.services.strategy_ema  [S2-freshness][WMT] CALL cross 16 bars old — within 40-bar window ✓
2026-07-31 08:16:49 DEBUG    app.services.strategy_ema  [S2-freshness][VTI] CALL cross 3 bars old — within 40-bar window ✓
2026-07-31 08:16:49 INFO     app.services.strategy_ema  [S2-pullback][WMT] CALL pullback ✓ — pullback-bar low=111.3226 close=111.3600 EMA9=111.2932
2026-07-31 08:16:49 INFO     app.services.strategy_ema  [S2-confirm][WMT] CALL confirmation failed — candle bearish/doji (open=111.3700 close=111.1999) prev_high=111.3900 ema9=111.2932 above_ema9=False
2026-07-31 08:16:49 INFO     app.services.strategy  [FISV] [L1] PUT entries disabled (s1_puts_enabled=0) — skip
2026-07-31 08:16:49 INFO     app.services.strategy_ema  [S2-pullback][VTI] CALL pullback ✓ — pullback-bar low=366.1750 close=366.2250 EMA9=366.0355
2026-07-31 08:16:49 INFO     app.services.strategy_ema  [S2-confirm][VTI] CALL confirmed ✓ — close=366.3800 > prev_high=366.3473 > ema9=366.0355
2026-07-31 08:16:49 INFO     app.services.strategy  [WMT] [L1] CALL rejected — price 111.31 is only 0.210% from VWAP 111.08 (min clearance 0.40% — AT RISK, no directional conviction)
2026-07-31 08:16:50 INFO     app.services.strategy  [VTI] [L1] CALL rejected — price 366.02 is BELOW VWAP 366.21 (wrong side for bullish bounce)
2026-07-31 08:16:50 INFO     app.services.scheduler  [S2][FIG] PUT entries disabled (s2_puts_enabled=0) — skip
2026-07-31 08:16:50 INFO     app.services.strategy_ema  [S2-spread][VTI] Spread too wide — bid=2.60 ask=3.50 spread=29.5% > max 12.0%
2026-07-31 08:16:50 INFO     app.services.scheduler  [S2][FISV] PUT entries disabled (s2_puts_enabled=0) — skip
2026-07-31 08:17:11 INFO     app.services.scheduler  [vol-ceiling][AAPL] Symbol too hot — true range 409% of its own ATR(14) (max 250%) — post-event whip risk, blocking entry
2026-07-31 08:17:11 INFO     app.services.scheduler  [vol-ceiling][AMZN] Symbol too hot — true range 526% of its own ATR(14) (max 250%) — post-event whip risk, blocking entry
2026-07-31 08:17:11 INFO     app.services.scheduler  [S2][PLTR] PUT entries disabled (s2_puts_enabled=0) — skip
2026-07-31 08:17:12 INFO     app.services.scheduler  [S2][SHOP] PUT entries disabled (s2_puts_enabled=0) — skip
2026-07-31 08:17:12 INFO     app.services.scheduler  [vol-ceiling][COIN] Symbol too hot — true range 270% of its own ATR(14) (max 250%) — post-event whip risk, blocking entry
2026-07-31 08:17:12 INFO     app.services.scheduler  [energy-gate][UBER] Symbol not in play — true range 38% of its own ATR(14) (min 50%) — blocking entry
2026-07-31 08:17:12 DEBUG    app.services.strategy_ema  [S2-freshness][WMT] CALL cross 16 bars old — within 40-bar window ✓
2026-07-31 08:17:12 INFO     app.services.strategy_ema  [S2-pullback][WMT] CALL pullback ✓ — pullback-bar low=111.0800 close=111.1999 EMA9=111.2932
2026-07-31 08:17:12 INFO     app.services.strategy_ema  [S2-confirm][WMT] CALL confirmation failed — candle bullish (open=111.1900 close=111.3150) prev_high=111.3799 ema9=111.2932 above_ema9=True
2026-07-31 08:17:12 DEBUG    app.services.strategy_ema  [S2-freshness][VTI] CALL cross 3 bars old — within 40-bar window ✓
2026-07-31 08:17:12 INFO     app.services.strategy_ema  [S2-pullback][VTI] CALL pullback ✓ — pullback-bar low=366.2000 close=366.3800 EMA9=366.0355
2026-07-31 08:17:12 INFO     app.services.strategy_ema  [S2-confirm][VTI] CALL confirmation failed — candle bearish/doji (open=366.3600 close=366.0200) prev_high=366.6700 ema9=366.0355 above_ema9=False
2026-07-31 08:17:12 INFO     app.services.scheduler  [S2][FIG] PUT entries disabled (s2_puts_enabled=0) — skip
2026-07-31 08:17:12 INFO     app.services.scheduler  [S2][FISV] PUT entries disabled (s2_puts_enabled=0) — skip
2026-07-31 08:17:13 INFO     app.services.scheduler  [S2][RIVN] PUT entries disabled (s2_puts_enabled=0) — skip
2026-07-31 08:17:13 INFO     app.services.scheduler  [S2][F] PUT entries disabled (s2_puts_enabled=0) — skip
2026-07-31 08:17:40 INFO     app.services.scheduler  [Primary] [adaptive-band] QQQ → band=0.80% (normal (adaptive off)) | regime=BEARISH
2026-07-31 08:17:41 INFO     app.services.scheduler  [vol-ceiling][AAPL] Symbol too hot — true range 409% of its own ATR(14) (max 250%) — post-event whip risk, blocking entry
2026-07-31 08:17:41 INFO     app.services.scheduler  [vol-ceiling][AMZN] Symbol too hot — true range 526% of its own ATR(14) (max 250%) — post-event whip risk, blocking entry
2026-07-31 08:17:41 INFO     app.services.strategy  [NVDA] [L1] CALL rejected — price 196.78 is BELOW VWAP 197.67 (wrong side for bullish bounce)
2026-07-31 08:17:42 INFO     app.services.scheduler  [vol-ceiling][AMZN] Symbol too hot — true range 526% of its own ATR(14) (max 250%) — post-event whip risk, blocking entry
2026-07-31 08:17:42 INFO     app.services.scheduler  [vol-ceiling][AAPL] Symbol too hot — true range 409% of its own ATR(14) (max 250%) — post-event whip risk, blocking entry
2026-07-31 08:17:43 INFO     app.services.scheduler  [S2][PLTR] PUT entries disabled (s2_puts_enabled=0) — skip
2026-07-31 08:17:43 INFO     app.services.strategy  [GOOGL] [L1] CALL rejected — price 349.63 is 0.807% from VWAP 346.84 (band=0.80% — waiting for pullback to VWAP)
2026-07-31 08:17:43 INFO     app.services.strategy  [INTC] [L1] CALL rejected — price 92.71 is BELOW VWAP 94.22 (wrong side for bullish bounce)
2026-07-31 08:17:43 INFO     app.services.strategy  [PLTR] [L1] PUT entries disabled (s1_puts_enabled=0) — skip
2026-07-31 08:17:44 INFO     app.services.strategy  [NFLX] [L1] PUT entries disabled (s1_puts_enabled=0) — skip
2026-07-31 08:17:44 INFO     app.services.strategy  [SHOP] [L1] PUT entries disabled (s1_puts_enabled=0) — skip
2026-07-31 08:17:45 INFO     app.services.strategy  [NOW] [L1] PUT entries disabled (s1_puts_enabled=0) — skip
2026-07-31 08:17:45 INFO     app.services.scheduler  [S2][SHOP] PUT entries disabled (s2_puts_enabled=0) — skip
2026-07-31 08:17:46 INFO     app.services.strategy  [IWM] [L1] PUT entries disabled (s1_puts_enabled=0) — skip
2026-07-31 08:17:46 INFO     app.services.scheduler  [energy-gate][UBER] Symbol not in play — true range 38% of its own ATR(14) (min 50%) — blocking entry
2026-07-31 08:17:46 INFO     app.services.scheduler  [vol-ceiling][COIN] Symbol too hot — true range 270% of its own ATR(14) (max 250%) — post-event whip risk, blocking entry
2026-07-31 08:17:46 INFO     app.services.strategy  [CRM] [L1] EMA trend 'bullish' not yet confirmed for 2 consecutive bars — skipping
2026-07-31 08:17:46 INFO     app.services.scheduler  [S2][RIVN] PUT entries disabled (s2_puts_enabled=0) — skip
2026-07-31 08:17:47 INFO     app.services.strategy  [SOFI] [L1] EMA trend 'bullish' not yet confirmed for 2 consecutive bars — skipping
2026-07-31 08:17:47 INFO     app.services.scheduler  [vol-ceiling][COIN] Symbol too hot — true range 270% of its own ATR(14) (max 250%) — post-event whip risk, blocking entry
2026-07-31 08:17:47 INFO     app.services.strategy  [UBER] [L1] CALL rejected — price 69.77 is BELOW VWAP 69.98 (wrong side for bullish bounce)
2026-07-31 08:17:47 INFO     app.services.scheduler  [S2][F] PUT entries disabled (s2_puts_enabled=0) — skip
2026-07-31 08:17:48 INFO     app.services.strategy  [F] [L1] PUT entries disabled (s1_puts_enabled=0) — skip
2026-07-31 08:17:48 INFO     app.services.strategy  [CELH] [L1] EMA trend 'bullish' not yet confirmed for 2 consecutive bars — skipping
2026-07-31 08:17:48 DEBUG    app.services.strategy_ema  [S2-freshness][WMT] CALL cross 16 bars old — within 40-bar window ✓
2026-07-31 08:17:48 INFO     app.services.strategy_ema  [S2-pullback][WMT] CALL pullback ✓ — pullback-bar low=111.0800 close=111.1999 EMA9=111.2932
2026-07-31 08:17:48 INFO     app.services.strategy_ema  [S2-confirm][WMT] CALL confirmation failed — candle bullish (open=111.1900 close=111.3050) prev_high=111.3799 ema9=111.2932 above_ema9=True
2026-07-31 08:17:48 INFO     app.services.strategy  [WMT] [L1] CALL rejected — price 111.22 is only 0.124% from VWAP 111.08 (min clearance 0.40% — AT RISK, no directional conviction)
2026-07-31 08:17:48 INFO     app.services.scheduler  [S2][FIG] PUT entries disabled (s2_puts_enabled=0) — skip
2026-07-31 08:17:48 INFO     app.services.strategy  [VTI] [L1] CALL rejected — price 365.95 is BELOW VWAP 366.21 (wrong side for bullish bounce)
2026-07-31 08:17:49 DEBUG    app.services.strategy_ema  [S2-freshness][VTI] CALL cross 3 bars old — within 40-bar window ✓
2026-07-31 08:17:49 INFO     app.services.strategy_ema  [S2-pullback][VTI] CALL pullback ✓ — pullback-bar low=366.2000 close=366.3800 EMA9=366.0355
2026-07-31 08:17:49 INFO     app.services.strategy_ema  [S2-confirm][VTI] CALL confirmation failed — candle bearish/doji (open=366.3600 close=366.0650) prev_high=366.6700 ema9=366.0355 above_ema9=True
2026-07-31 08:17:49 INFO     app.services.strategy  [FISV] [L1] PUT entries disabled (s1_puts_enabled=0) — skip
2026-07-31 08:17:49 INFO     app.services.scheduler  [S2][FISV] PUT entries disabled (s2_puts_enabled=0) — skip
INFO:     Started server process [11393]
INFO:     Waiting for application startup.
2026-07-31 08:18:16 INFO     app.services.scheduler  Tradier: market data → https://api.tradier.com/v1 | .env orders → https://api.tradier.com/v1 [LIVE] (account 6YB81397)
2026-07-31 08:18:16 INFO     app.services.scheduler  Scheduler started — scan every 60s, manage every 30s, window 10:45–13:30 ET  | regime gate=ON (QQQ) | IV max=175% | cooldown=30m | sym loss cap=2/day
2026-07-31 08:18:16 INFO     app.services.s3.engine  [S3] disabled (S3_ENABLED=0) — engine not started
INFO:     Application startup complete.
INFO:     Uvicorn running on http://0.0.0.0:8000 (Press CTRL+C to quit)
2026-07-31 08:18:16 INFO     app.services.scheduler  [accounts] Primary        ENABLED acct=6YB81397   LIVE → S1, S2 | risk S1 $150 / S2 $120 | slots S1 2 / S2 2 / PS 1
2026-07-31 08:18:16 INFO     app.services.tradier  [accounts] Tradier client created for Primary#1 — orders → LIVE (account 6YB81397)
2026-07-31 08:18:48 INFO     app.services.scheduler  [vol-ceiling][AAPL] Symbol too hot — true range 409% of its own ATR(14) (max 250%) — post-event whip risk, blocking entry
2026-07-31 08:18:48 INFO     app.services.scheduler  [vol-ceiling][AMZN] Symbol too hot — true range 526% of its own ATR(14) (max 250%) — post-event whip risk, blocking entry
2026-07-31 08:18:49 INFO     app.services.strategy_ema  [S2-5m-filter][NVDA] CALL blocked — EMA9=197.5477 EMA21=197.0461 close=197.1999 VWAP=197.6793 EMA9_slope=↓ EMA21_slope=↑
2026-07-31 08:18:49 INFO     app.services.strategy_ema  [S2-5m-filter][GOOGL] CALL blocked — EMA9=349.8639 EMA21=346.6840 close=349.7400 VWAP=346.7138 EMA9_slope=↓ EMA21_slope=↑
2026-07-31 08:18:49 INFO     app.services.strategy_ema  [S2-5m-filter][INTC] CALL blocked — EMA9=93.0417 EMA21=93.0016 close=92.7000 VWAP=94.1410 EMA9_slope=↓ EMA21_slope=↓
2026-07-31 08:18:49 INFO     app.services.strategy_ema  [S2-5m-filter][PLTR] CALL blocked — EMA9=120.4722 EMA21=120.9005 close=120.4000 VWAP=121.3713 EMA9_slope=↓ EMA21_slope=↓
2026-07-31 08:18:49 INFO     app.services.scheduler  [S2][PLTR] PUT entries disabled (s2_puts_enabled=0) — skip
2026-07-31 08:18:50 INFO     app.services.strategy_ema  [S2-5m-filter][SHOP] CALL blocked — EMA9=117.2960 EMA21=118.5078 close=116.8400 VWAP=119.1544 EMA9_slope=↓ EMA21_slope=↓
2026-07-31 08:18:50 INFO     app.services.scheduler  [S2][SHOP] PUT entries disabled (s2_puts_enabled=0) — skip
2026-07-31 08:18:50 INFO     app.services.strategy_ema  [S2-5m-filter][NFLX] CALL blocked — EMA9=71.5571 EMA21=71.7634 close=71.6200 VWAP=71.7650 EMA9_slope=↑ EMA21_slope=↓
2026-07-31 08:18:50 INFO     app.services.strategy_ema  [S2-5m-filter][NOW] CALL blocked — EMA9=109.5043 EMA21=109.7374 close=109.5900 VWAP=109.9553 EMA9_slope=↑ EMA21_slope=↓
2026-07-31 08:18:51 INFO     app.services.scheduler  [energy-gate][UBER] Symbol not in play — true range 38% of its own ATR(14) (min 50%) — blocking entry
2026-07-31 08:18:51 DEBUG    app.services.strategy_ema  [S2-5m-filter][WMT] CALL OK — EMA9=111.2932 > EMA21=111.2305 close=111.3600 > VWAP=111.0824 slopes both↑
2026-07-31 08:18:51 DEBUG    app.services.strategy_ema  [S2-freshness][WMT] CALL cross 16 bars old — within 40-bar window ✓
2026-07-31 08:18:51 INFO     app.services.strategy_ema  [S2-pullback][WMT] CALL pullback ✓ — pullback-bar low=111.1900 close=111.3050 EMA9=111.2932
2026-07-31 08:18:51 INFO     app.services.strategy_ema  [S2-confirm][WMT] CALL confirmation failed — candle bearish/doji (open=111.3050 close=111.2150) prev_high=111.3400 ema9=111.2932 above_ema9=False
2026-07-31 08:18:51 INFO     app.services.scheduler  [vol-ceiling][COIN] Symbol too hot — true range 270% of its own ATR(14) (max 250%) — post-event whip risk, blocking entry
2026-07-31 08:18:52 INFO     app.services.strategy_ema  [S2-5m-filter][FIG] CALL blocked — EMA9=24.0246 EMA21=24.0333 close=24.0150 VWAP=24.1906 EMA9_slope=↓ EMA21_slope=↓
2026-07-31 08:18:52 INFO     app.services.scheduler  [S2][FIG] PUT entries disabled (s2_puts_enabled=0) — skip
2026-07-31 08:18:52 INFO     app.services.strategy_ema  [S2-5m-filter][QCOM] CALL blocked — EMA9=148.6283 EMA21=148.9743 close=148.2000 VWAP=148.8675 EMA9_slope=↓ EMA21_slope=↓
2026-07-31 08:18:52 INFO     app.services.scheduler  [S2][QCOM] PUT entries disabled (s2_puts_enabled=0) — skip
2026-07-31 08:18:52 INFO     app.services.strategy_ema  [S2-5m-filter][FISV] CALL blocked — EMA9=53.0209 EMA21=53.1672 close=52.9850 VWAP=53.1648 EMA9_slope=↓ EMA21_slope=↓
2026-07-31 08:18:52 INFO     app.services.scheduler  [S2][FISV] PUT entries disabled (s2_puts_enabled=0) — skip
2026-07-31 08:18:52 DEBUG    app.services.strategy_ema  [S2-5m-filter][TSLA] CALL OK — EMA9=307.4103 > EMA21=307.1746 close=307.6950 > VWAP=307.2637 slopes both↑
2026-07-31 08:18:52 DEBUG    app.services.strategy_ema  [S2-freshness][TSLA] CALL cross 3 bars old — within 40-bar window ✓
2026-07-31 08:18:52 INFO     app.services.strategy_ema  [S2-5m-filter][MSFT] CALL blocked — EMA9=454.1002 EMA21=455.1346 close=454.8050 VWAP=457.0075 EMA9_slope=↑ EMA21_slope=↓
2026-07-31 08:18:53 INFO     app.services.strategy_ema  [S2-pullback][TSLA] CALL pullback ✓ — pullback-bar low=307.3900 close=307.6600 EMA9=307.4103
2026-07-31 08:18:53 INFO     app.services.strategy_ema  [S2-confirm][TSLA] CALL confirmation failed — candle bearish/doji (open=307.6100 close=307.3200) prev_high=308.5550 ema9=307.4103 above_ema9=False
2026-07-31 08:18:53 INFO     app.services.strategy_ema  [S2-5m-filter][META] CALL blocked — EMA9=549.1523 EMA21=546.9408 close=547.6800 VWAP=549.2795 EMA9_slope=↓ EMA21_slope=↑
2026-07-31 08:19:17 INFO     app.services.scheduler  [Primary] [adaptive-band] QQQ → band=0.80% (normal (adaptive off)) | regime=BEARISH
2026-07-31 08:19:17 INFO     app.services.scheduler  [vol-ceiling][AAPL] Symbol too hot — true range 409% of its own ATR(14) (max 250%) — post-event whip risk, blocking entry
2026-07-31 08:19:17 INFO     app.services.strategy  [NVDA] [L1] CALL rejected — price 196.81 is BELOW VWAP 197.66 (wrong side for bullish bounce)
2026-07-31 08:19:18 INFO     app.services.scheduler  [vol-ceiling][AMZN] Symbol too hot — true range 526% of its own ATR(14) (max 250%) — post-event whip risk, blocking entry
2026-07-31 08:19:18 INFO     app.services.scheduler  [vol-ceiling][AMZN] Symbol too hot — true range 526% of its own ATR(14) (max 250%) — post-event whip risk, blocking entry
2026-07-31 08:19:18 INFO     app.services.scheduler  [vol-ceiling][AAPL] Symbol too hot — true range 409% of its own ATR(14) (max 250%) — post-event whip risk, blocking entry
2026-07-31 08:19:19 INFO     app.services.strategy  [INTC] [L1] CALL rejected — price 92.79 is BELOW VWAP 94.21 (wrong side for bullish bounce)
2026-07-31 08:19:19 INFO     app.services.strategy  [GOOGL] [L1] CALL rejected — price 350.32 is 0.998% from VWAP 346.86 (band=0.80% — waiting for pullback to VWAP)
2026-07-31 08:19:19 INFO     app.services.strategy  [PLTR] [L1] PUT entries disabled (s1_puts_enabled=0) — skip
2026-07-31 08:19:19 INFO     app.services.scheduler  [S2][PLTR] PUT entries disabled (s2_puts_enabled=0) — skip
2026-07-31 08:19:20 INFO     app.services.scheduler  [S2][SHOP] PUT entries disabled (s2_puts_enabled=0) — skip
2026-07-31 08:19:20 INFO     app.services.strategy  [NFLX] [L1] PUT entries disabled (s1_puts_enabled=0) — skip
2026-07-31 08:19:20 INFO     app.services.strategy  [NOW] [L1] PUT entries disabled (s1_puts_enabled=0) — skip
2026-07-31 08:19:20 INFO     app.services.strategy  [SHOP] [L1] PUT entries disabled (s1_puts_enabled=0) — skip
2026-07-31 08:19:20 DEBUG    app.services.strategy_ema  [S2-freshness][WMT] CALL cross 16 bars old — within 40-bar window ✓
2026-07-31 08:19:21 INFO     app.services.scheduler  [energy-gate][UBER] Symbol not in play — true range 38% of its own ATR(14) (min 50%) — blocking entry
2026-07-31 08:19:21 INFO     app.services.scheduler  [vol-ceiling][COIN] Symbol too hot — true range 270% of its own ATR(14) (max 250%) — post-event whip risk, blocking entry
2026-07-31 08:19:21 INFO     app.services.strategy_ema  [S2-pullback][WMT] CALL pullback ✓ — pullback-bar low=111.2150 close=111.2150 EMA9=111.2932
2026-07-31 08:19:21 INFO     app.services.strategy_ema  [S2-confirm][WMT] CALL confirmation failed — candle bearish/doji (open=111.2200 close=111.1850) prev_high=111.3200 ema9=111.2932 above_ema9=False
2026-07-31 08:19:22 INFO     app.services.strategy  [UBER] [L1] CALL rejected — price 69.76 is BELOW VWAP 69.98 (wrong side for bullish bounce)
2026-07-31 08:19:22 INFO     app.services.strategy  [IWM] [L1] PUT entries disabled (s1_puts_enabled=0) — skip
2026-07-31 08:19:22 INFO     app.services.strategy  [WMT] [L1] CALL rejected — price 111.22 is only 0.123% from VWAP 111.08 (min clearance 0.40% — AT RISK, no directional conviction)
2026-07-31 08:19:22 INFO     app.services.scheduler  [S2][FIG] PUT entries disabled (s2_puts_enabled=0) — skip
2026-07-31 08:19:22 INFO     app.services.strategy  [CRM] [L1] EMA trend 'bullish' not yet confirmed for 2 consecutive bars — skipping
2026-07-31 08:19:22 INFO     app.services.scheduler  [vol-ceiling][COIN] Symbol too hot — true range 270% of its own ATR(14) (max 250%) — post-event whip risk, blocking entry
2026-07-31 08:19:22 INFO     app.services.scheduler  [S2][FISV] PUT entries disabled (s2_puts_enabled=0) — skip
2026-07-31 08:19:22 INFO     app.services.scheduler  [S2][QCOM] PUT entries disabled (s2_puts_enabled=0) — skip
2026-07-31 08:19:23 INFO     app.services.strategy  [FISV] [L1] PUT entries disabled (s1_puts_enabled=0) — skip
2026-07-31 08:19:23 DEBUG    app.services.strategy_ema  [S2-freshness][TSLA] CALL cross 3 bars old — within 40-bar window ✓
2026-07-31 08:19:23 INFO     app.services.strategy  [QCOM] [L1] PUT entries disabled (s1_puts_enabled=0) — skip
2026-07-31 08:19:23 INFO     app.services.strategy  [TSLA] [L1] CALL rejected — price 307.21 is BELOW VWAP 307.31 (wrong side for bullish bounce)
2026-07-31 08:19:23 INFO     app.services.strategy_ema  [S2-pullback][TSLA] CALL pullback ✓ — pullback-bar low=306.9100 close=307.3200 EMA9=307.4103
2026-07-31 08:19:23 INFO     app.services.strategy_ema  [S2-confirm][TSLA] CALL confirmation failed — candle bearish/doji (open=307.2700 close=307.1600) prev_high=307.6900 ema9=307.4103 above_ema9=False
2026-07-31 08:19:24 INFO     app.services.strategy  [MSFT] [L1] EMA trend 'bullish' not yet confirmed for 2 consecutive bars — skipping
2026-07-31 08:19:24 INFO     app.services.strategy  [META] [L1] CALL rejected — price 546.19 is BELOW VWAP 549.41 (wrong side for bullish bounce)
2026-07-31 08:19:47 INFO     app.services.scheduler  [vol-ceiling][AAPL] Symbol too hot — true range 409% of its own ATR(14) (max 250%) — post-event whip risk, blocking entry
2026-07-31 08:19:47 INFO     app.services.scheduler  [vol-ceiling][AMZN] Symbol too hot — true range 526% of its own ATR(14) (max 250%) — post-event whip risk, blocking entry
2026-07-31 08:19:48 INFO     app.services.scheduler  [S2][PLTR] PUT entries disabled (s2_puts_enabled=0) — skip
2026-07-31 08:19:48 INFO     app.services.scheduler  [S2][SHOP] PUT entries disabled (s2_puts_enabled=0) — skip
2026-07-31 08:19:48 INFO     app.services.scheduler  [energy-gate][UBER] Symbol not in play — true range 38% of its own ATR(14) (min 50%) — blocking entry
2026-07-31 08:19:48 INFO     app.services.scheduler  [vol-ceiling][COIN] Symbol too hot — true range 270% of its own ATR(14) (max 250%) — post-event whip risk, blocking entry
2026-07-31 08:19:49 DEBUG    app.services.strategy_ema  [S2-freshness][WMT] CALL cross 16 bars old — within 40-bar window ✓
2026-07-31 08:19:49 INFO     app.services.scheduler  [S2][FIG] PUT entries disabled (s2_puts_enabled=0) — skip
2026-07-31 08:19:49 INFO     app.services.strategy_ema  [S2-pullback][WMT] CALL pullback ✓ — pullback-bar low=111.2150 close=111.2150 EMA9=111.2932
2026-07-31 08:19:49 INFO     app.services.strategy_ema  [S2-confirm][WMT] CALL confirmation failed — candle bearish/doji (open=111.2200 close=111.1850) prev_high=111.3200 ema9=111.2932 above_ema9=False
2026-07-31 08:19:49 INFO     app.services.scheduler  [S2][FISV] PUT entries disabled (s2_puts_enabled=0) — skip
2026-07-31 08:19:49 DEBUG    app.services.strategy_ema  [S2-freshness][TSLA] CALL cross 3 bars old — within 40-bar window ✓
2026-07-31 08:19:49 INFO     app.services.strategy_ema  [S2-pullback][TSLA] CALL pullback ✓ — pullback-bar low=306.9100 close=307.3200 EMA9=307.4103
2026-07-31 08:19:49 INFO     app.services.strategy_ema  [S2-confirm][TSLA] CALL confirmation failed — candle bearish/doji (open=307.2700 close=307.1600) prev_high=307.6900 ema9=307.4103 above_ema9=False
2026-07-31 08:19:50 INFO     app.services.scheduler  [S2][QCOM] PUT entries disabled (s2_puts_enabled=0) — skip
2026-07-31 08:20:17 INFO     app.services.scheduler  [Primary] [adaptive-band] QQQ → band=0.80% (normal (adaptive off)) | regime=BEARISH
2026-07-31 08:20:18 INFO     app.services.scheduler  [vol-ceiling][AAPL] Symbol too hot — true range 409% of its own ATR(14) (max 250%) — post-event whip risk, blocking entry
2026-07-31 08:20:18 INFO     app.services.scheduler  [vol-ceiling][AMZN] Symbol too hot — true range 526% of its own ATR(14) (max 250%) — post-event whip risk, blocking entry
2026-07-31 08:20:18 INFO     app.services.strategy_ema  [S2-5m-filter][NVDA] CALL blocked — EMA9=197.3695 EMA21=197.0107 close=196.6565 VWAP=197.6622 EMA9_slope=↓ EMA21_slope=↓
2026-07-31 08:20:18 INFO     app.services.strategy  [NVDA] [L1] CALL rejected — price 196.62 is BELOW VWAP 197.66 (wrong side for bullish bounce)
2026-07-31 08:20:19 INFO     app.services.scheduler  [vol-ceiling][AMZN] Symbol too hot — true range 526% of its own ATR(14) (max 250%) — post-event whip risk, blocking entry
2026-07-31 08:20:19 INFO     app.services.scheduler  [vol-ceiling][AAPL] Symbol too hot — true range 409% of its own ATR(14) (max 250%) — post-event whip risk, blocking entry
2026-07-31 08:20:19 DEBUG    app.services.strategy_ema  [S2-5m-filter][GOOGL] CALL OK — EMA9=349.9521 > EMA21=347.0132 close=350.3050 > VWAP=346.7858 slopes both↑
2026-07-31 08:20:19 INFO     app.services.strategy_ema  [S2-freshness][GOOGL] No CALL EMA cross found in TODAY's session — trend predates today, blocking
2026-07-31 08:20:19 INFO     app.services.strategy_ema  [S2-5m-filter][INTC] CALL blocked — EMA9=92.9673 EMA21=92.9714 close=92.6700 VWAP=94.1185 EMA9_slope=↓ EMA21_slope=↓
2026-07-31 08:20:19 INFO     app.services.scheduler  [S2][INTC] PUT entries disabled (s2_puts_enabled=0) — skip
2026-07-31 08:20:20 INFO     app.services.strategy_ema  [S2-5m-filter][PLTR] CALL blocked — EMA9=120.4518 EMA21=120.8522 close=120.3700 VWAP=121.2395 EMA9_slope=↓ EMA21_slope=↓
2026-07-31 08:20:20 INFO     app.services.scheduler  [S2][PLTR] PUT entries disabled (s2_puts_enabled=0) — skip
2026-07-31 08:20:21 INFO     app.services.strategy  [GOOGL] [L1] CALL rejected — price 350.26 is 0.977% from VWAP 346.87 (band=0.80% — waiting for pullback to VWAP)
2026-07-31 08:20:21 INFO     app.services.strategy  [INTC] [L1] CALL rejected — price 92.64 is BELOW VWAP 94.21 (wrong side for bullish bounce)
2026-07-31 08:20:21 INFO     app.services.strategy_ema  [S2-5m-filter][NOW] CALL blocked — EMA9=109.5375 EMA21=109.7313 close=109.6700 VWAP=109.9473 EMA9_slope=↑ EMA21_slope=↓
2026-07-31 08:20:21 INFO     app.services.strategy  [PLTR] [L1] PUT entries disabled (s1_puts_enabled=0) — skip
2026-07-31 08:20:21 INFO     app.services.strategy_ema  [S2-5m-filter][NFLX] CALL blocked — EMA9=71.5667 EMA21=71.7490 close=71.6050 VWAP=71.7609 EMA9_slope=↑ EMA21_slope=↓
2026-07-31 08:20:21 INFO     app.services.scheduler  [energy-gate][UBER] Symbol not in play — true range 38% of its own ATR(14) (min 50%) — blocking entry
2026-07-31 08:20:22 INFO     app.services.strategy_ema  [S2-5m-filter][SHOP] CALL blocked — EMA9=117.0568 EMA21=118.2889 close=116.1000 VWAP=119.0267 EMA9_slope=↓ EMA21_slope=↓
2026-07-31 08:20:22 INFO     app.services.scheduler  [S2][SHOP] PUT entries disabled (s2_puts_enabled=0) — skip
2026-07-31 08:20:22 INFO     app.services.strategy  [SHOP] [L1] PUT entries disabled (s1_puts_enabled=0) — skip
2026-07-31 08:20:23 INFO     app.services.scheduler  [vol-ceiling][COIN] Symbol too hot — true range 270% of its own ATR(14) (max 250%) — post-event whip risk, blocking entry
2026-07-31 08:20:23 INFO     app.services.strategy  [NFLX] [L1] PUT entries disabled (s1_puts_enabled=0) — skip
2026-07-31 08:20:24 INFO     app.services.strategy  [NOW] [L1] PUT entries disabled (s1_puts_enabled=0) — skip
2026-07-31 08:20:24 INFO     app.services.strategy_ema  [S2-5m-filter][FIG] CALL blocked — EMA9=24.0187 EMA21=24.0298 close=23.9950 VWAP=24.1884 EMA9_slope=↓ EMA21_slope=↓
2026-07-31 08:20:24 INFO     app.services.scheduler  [S2][FIG] PUT entries disabled (s2_puts_enabled=0) — skip
2026-07-31 08:20:24 DEBUG    app.services.strategy_ema  [S2-5m-filter][WMT] CALL OK — EMA9=111.2966 > EMA21=111.2377 close=111.3100 > VWAP=111.0869 slopes both↑
2026-07-31 08:20:24 DEBUG    app.services.strategy_ema  [S2-freshness][WMT] CALL cross 17 bars old — within 40-bar window ✓
2026-07-31 08:20:24 INFO     app.services.strategy  [UBER] [L1] CALL rejected — price 69.79 is BELOW VWAP 69.98 (wrong side for bullish bounce)
2026-07-31 08:20:25 INFO     app.services.strategy  [IWM] [L1] PUT entries disabled (s1_puts_enabled=0) — skip
2026-07-31 08:20:25 INFO     app.services.strategy_ema  [S2-5m-filter][QCOM] CALL blocked — EMA9=148.5187 EMA21=148.8930 close=148.0800 VWAP=148.8516 EMA9_slope=↓ EMA21_slope=↓
2026-07-31 08:20:25 INFO     app.services.scheduler  [S2][QCOM] PUT entries disabled (s2_puts_enabled=0) — skip
2026-07-31 08:20:25 INFO     app.services.strategy_ema  [S2-5m-filter][FISV] CALL blocked — EMA9=53.0037 EMA21=53.1461 close=52.9350 VWAP=53.1543 EMA9_slope=↓ EMA21_slope=↓
2026-07-31 08:20:25 INFO     app.services.scheduler  [S2][FISV] PUT entries disabled (s2_puts_enabled=0) — skip
2026-07-31 08:20:25 INFO     app.services.strategy_ema  [S2-pullback][WMT] CALL pullback ✓ — pullback-bar low=111.1800 close=111.1850 EMA9=111.2966
2026-07-31 08:20:25 INFO     app.services.strategy_ema  [S2-confirm][WMT] CALL confirmed ✓ — close=111.3100 > prev_high=111.2500 > ema9=111.2966
2026-07-31 08:20:25 INFO     app.services.scheduler  [vol-ceiling][COIN] Symbol too hot — true range 270% of its own ATR(14) (max 250%) — post-event whip risk, blocking entry
2026-07-31 08:20:25 INFO     app.services.strategy  [CRM] [L1] EMA trend 'bullish' not yet confirmed for 2 consecutive bars — skipping
2026-07-31 08:20:26 INFO     app.services.strategy  [WMT] [L1] CALL rejected — price 111.34 is only 0.230% from VWAP 111.08 (min clearance 0.40% — AT RISK, no directional conviction)
2026-07-31 08:20:26 INFO     app.services.strategy  [FISV] [L1] PUT entries disabled (s1_puts_enabled=0) — skip
2026-07-31 08:20:26 INFO     app.services.strategy  [QCOM] [L1] PUT entries disabled (s1_puts_enabled=0) — skip
2026-07-31 08:20:27 DEBUG    app.services.strategy_ema  [S2-5m-filter][TSLA] CALL OK — EMA9=307.4302 > EMA21=307.2051 close=307.5100 > VWAP=307.2774 slopes both↑
2026-07-31 08:20:27 DEBUG    app.services.strategy_ema  [S2-freshness][TSLA] CALL cross 4 bars old — within 40-bar window ✓
2026-07-31 08:20:27 INFO     app.services.scheduler  [S2][WMT] Structural levels: stop_u=111.04 target_u=111.91 R/R=1.91 → option SL=1.65 (−9%) TP=2.12 | stop 0.30 = 1.00×ATR(0.30) [WIDENED by ATR floor]
2026-07-31 08:20:27 INFO     app.services.strategy  [TSLA] [L1] CALL rejected — price 307.57 is only 0.087% from VWAP 307.31 (min clearance 0.40% — AT RISK, no directional conviction)
2026-07-31 08:20:27 INFO     app.services.scheduler  [S2][WMT] Limit order 139578887 placed: WMT260807C00111000 x3 @ $1.81
2026-07-31 08:20:27 INFO     app.services.strategy_ema  [S2-5m-filter][MSFT] CALL blocked — EMA9=454.5582 EMA21=455.2487 close=456.3900 VWAP=456.9785 EMA9_slope=↑ EMA21_slope=↑
2026-07-31 08:20:27 INFO     app.services.strategy  [MSFT] [L1] EMA trend 'bullish' not yet confirmed for 2 consecutive bars — skipping
2026-07-31 08:20:28 INFO     app.services.strategy_ema  [S2-5m-filter][META] CALL blocked — EMA9=548.4958 EMA21=546.8434 close=545.8700 VWAP=549.2112 EMA9_slope=↓ EMA21_slope=↓
2026-07-31 08:20:28 INFO     app.services.strategy_ema  [S2-pullback][TSLA] CALL pullback ✓ — pullback-bar low=306.8008 close=307.1600 EMA9=307.4302
2026-07-31 08:20:28 INFO     app.services.strategy_ema  [S2-confirm][TSLA] CALL confirmed ✓ — close=307.5100 > prev_high=307.3200 > ema9=307.4302
2026-07-31 08:20:28 INFO     app.services.strategy_ema  [S2-volume][TSLA] Volume below threshold — current=33760 < 80% of avg=81534 (20-bar) — skipping (thin order flow)
2026-07-31 08:20:28 INFO     app.services.strategy  [META] [L1] CALL rejected — price 545.53 is BELOW VWAP 549.40 (wrong side for bullish bounce)
2026-07-31 08:20:30 INFO     app.services.scheduler  [Primary] [S2][WMT] Trade OPENED: CALL WMT260807C00111000 x3 @ $1.81  SL=1.65  TP=2.12
2026-07-31 08:20:47 DEBUG    app.services.strategy_ema  [S2-exit] Hard stop suppressed — 0.3 min into trade (min_hold=10)
2026-07-31 08:20:47 INFO     app.services.scheduler  [vol-ceiling][AMZN] Symbol too hot — true range 526% of its own ATR(14) (max 250%) — post-event whip risk, blocking entry
2026-07-31 08:20:47 INFO     app.services.scheduler  [vol-ceiling][AAPL] Symbol too hot — true range 409% of its own ATR(14) (max 250%) — post-event whip risk, blocking entry
2026-07-31 08:20:49 INFO     app.services.scheduler  [S2][INTC] PUT entries disabled (s2_puts_enabled=0) — skip
2026-07-31 08:20:49 INFO     app.services.strategy_ema  [S2-freshness][GOOGL] No CALL EMA cross found in TODAY's session — trend predates today, blocking
2026-07-31 08:20:49 INFO     app.services.scheduler  [S2][PLTR] PUT entries disabled (s2_puts_enabled=0) — skip
2026-07-31 08:20:50 INFO     app.services.scheduler  [energy-gate][UBER] Symbol not in play — true range 38% of its own ATR(14) (min 50%) — blocking entry
2026-07-31 08:20:50 INFO     app.services.scheduler  [S2][SHOP] PUT entries disabled (s2_puts_enabled=0) — skip
2026-07-31 08:20:50 INFO     app.services.scheduler  [vol-ceiling][COIN] Symbol too hot — true range 270% of its own ATR(14) (max 250%) — post-event whip risk, blocking entry
2026-07-31 08:20:51 INFO     app.services.scheduler  [S2][FISV] PUT entries disabled (s2_puts_enabled=0) — skip
2026-07-31 08:20:51 INFO     app.services.scheduler  [S2][FIG] PUT entries disabled (s2_puts_enabled=0) — skip
2026-07-31 08:20:51 DEBUG    app.services.strategy_ema  [S2-freshness][TSLA] CALL cross 4 bars old — within 40-bar window ✓
2026-07-31 08:20:51 INFO     app.services.strategy_ema  [S2-pullback][TSLA] CALL pullback ✓ — pullback-bar low=306.8008 close=307.1600 EMA9=307.4302
2026-07-31 08:20:51 INFO     app.services.strategy_ema  [S2-confirm][TSLA] CALL confirmed ✓ — close=307.5100 > prev_high=307.3200 > ema9=307.4302
2026-07-31 08:20:51 INFO     app.services.strategy_ema  [S2-volume][TSLA] Volume below threshold — current=33760 < 80% of avg=81534 (20-bar) — skipping (thin order flow)
2026-07-31 08:20:51 INFO     app.services.scheduler  [S2][QCOM] PUT entries disabled (s2_puts_enabled=0) — skip
2026-07-31 08:21:17 DEBUG    app.services.strategy_ema  [S2-exit] Hard stop suppressed — 0.8 min into trade (min_hold=10)
2026-07-31 08:21:17 INFO     app.services.scheduler  [Primary] [adaptive-band] QQQ → band=0.80% (normal (adaptive off)) | regime=BEARISH
2026-07-31 08:21:17 INFO     app.services.scheduler  [vol-ceiling][AAPL] Symbol too hot — true range 409% of its own ATR(14) (max 250%) — post-event whip risk, blocking entry
2026-07-31 08:21:17 INFO     app.services.strategy  [NVDA] [L1] CALL rejected — price 196.32 is BELOW VWAP 197.65 (wrong side for bullish bounce)
2026-07-31 08:21:18 INFO     app.services.scheduler  [vol-ceiling][AAPL] Symbol too hot — true range 409% of its own ATR(14) (max 250%) — post-event whip risk, blocking entry
2026-07-31 08:21:18 INFO     app.services.strategy_ema  [S2-freshness][GOOGL] No CALL EMA cross found in TODAY's session — trend predates today, blocking
2026-07-31 08:21:18 INFO     app.services.scheduler  [S2][INTC] PUT entries disabled (s2_puts_enabled=0) — skip
2026-07-31 08:21:19 INFO     app.services.scheduler  [vol-ceiling][AMZN] Symbol too hot — true range 526% of its own ATR(14) (max 250%) — post-event whip risk, blocking entry
2026-07-31 08:21:19 INFO     app.services.scheduler  [vol-ceiling][AMZN] Symbol too hot — true range 526% of its own ATR(14) (max 250%) — post-event whip risk, blocking entry
2026-07-31 08:21:19 INFO     app.services.strategy  [GOOGL] [L1] CALL rejected — price 350.15 is 0.941% from VWAP 346.88 (band=0.80% — waiting for pullback to VWAP)
2026-07-31 08:21:19 INFO     app.services.strategy  [INTC] [L1] CALL rejected — price 92.56 is BELOW VWAP 94.21 (wrong side for bullish bounce)
2026-07-31 08:21:20 INFO     app.services.scheduler  [S2][PLTR] PUT entries disabled (s2_puts_enabled=0) — skip
2026-07-31 08:21:20 INFO     app.services.strategy  [PLTR] [L1] PUT entries disabled (s1_puts_enabled=0) — skip
2026-07-31 08:21:21 INFO     app.services.strategy  [NFLX] [L1] PUT entries disabled (s1_puts_enabled=0) — skip
2026-07-31 08:21:21 INFO     app.services.strategy  [NOW] [L1] PUT entries disabled (s1_puts_enabled=0) — skip
2026-07-31 08:21:21 INFO     app.services.scheduler  [S2][SHOP] PUT entries disabled (s2_puts_enabled=0) — skip
2026-07-31 08:21:21 INFO     app.services.strategy  [SHOP] [L1] PUT entries disabled (s1_puts_enabled=0) — skip
2026-07-31 08:21:21 INFO     app.services.scheduler  [vol-ceiling][COIN] Symbol too hot — true range 270% of its own ATR(14) (max 250%) — post-event whip risk, blocking entry
2026-07-31 08:21:21 INFO     app.services.scheduler  [energy-gate][UBER] Symbol not in play — true range 38% of its own ATR(14) (min 50%) — blocking entry
2026-07-31 08:21:22 INFO     app.services.strategy  [CRM] [L1] EMA trend 'bullish' not yet confirmed for 2 consecutive bars — skipping
2026-07-31 08:21:22 INFO     app.services.strategy  [UBER] [L1] CALL rejected — price 69.78 is BELOW VWAP 69.98 (wrong side for bullish bounce)
2026-07-31 08:21:22 INFO     app.services.strategy  [IWM] [L1] PUT entries disabled (s1_puts_enabled=0) — skip
2026-07-31 08:21:22 INFO     app.services.scheduler  [vol-ceiling][COIN] Symbol too hot — true range 270% of its own ATR(14) (max 250%) — post-event whip risk, blocking entry
2026-07-31 08:21:22 INFO     app.services.scheduler  [S2][FIG] PUT entries disabled (s2_puts_enabled=0) — skip
2026-07-31 08:21:23 INFO     app.services.scheduler  [S2][QCOM] PUT entries disabled (s2_puts_enabled=0) — skip
2026-07-31 08:21:23 INFO     app.services.scheduler  [S2][FISV] PUT entries disabled (s2_puts_enabled=0) — skip
2026-07-31 08:21:23 DEBUG    app.services.strategy_ema  [S2-freshness][TSLA] CALL cross 4 bars old — within 40-bar window ✓
2026-07-31 08:21:23 INFO     app.services.strategy  [FISV] [L1] PUT entries disabled (s1_puts_enabled=0) — skip
2026-07-31 08:21:24 INFO     app.services.strategy  [TSLA] [L1] CALL rejected — price 307.35 is only 0.013% from VWAP 307.31 (min clearance 0.40% — AT RISK, no directional conviction)
2026-07-31 08:21:24 INFO     app.services.strategy_ema  [S2-pullback][TSLA] CALL pullback ✓ — pullback-bar low=307.0700 close=307.5100 EMA9=307.4302
2026-07-31 08:21:24 INFO     app.services.strategy_ema  [S2-confirm][TSLA] CALL confirmation failed — candle bearish/doji (open=307.5250 close=307.2600) prev_high=307.5500 ema9=307.4302 above_ema9=False
2026-07-31 08:21:24 INFO     app.services.strategy  [QCOM] [L1] PUT entries disabled (s1_puts_enabled=0) — skip
2026-07-31 08:21:24 INFO     app.services.strategy  [MSFT] [L1] EMA trend 'bullish' not yet confirmed for 2 consecutive bars — skipping
2026-07-31 08:21:25 INFO     app.services.strategy  [META] [L1] CALL rejected — price 545.73 is BELOW VWAP 549.38 (wrong side for bullish bounce)
2026-07-31 08:21:47 INFO     app.services.scheduler  [vol-ceiling][AAPL] Symbol too hot — true range 409% of its own ATR(14) (max 250%) — post-event whip risk, blocking entry
2026-07-31 08:21:47 INFO     app.services.scheduler  [vol-ceiling][AMZN] Symbol too hot — true range 526% of its own ATR(14) (max 250%) — post-event whip risk, blocking entry
2026-07-31 08:21:47 DEBUG    app.services.strategy_ema  [S2-exit] Hard stop suppressed — 1.3 min into trade (min_hold=10)
2026-07-31 08:21:47 INFO     app.services.scheduler  [S2][PLTR] PUT entries disabled (s2_puts_enabled=0) — skip
2026-07-31 08:21:48 INFO     app.services.strategy_ema  [S2-freshness][GOOGL] No CALL EMA cross found in TODAY's session — trend predates today, blocking
2026-07-31 08:21:48 INFO     app.services.scheduler  [S2][INTC] PUT entries disabled (s2_puts_enabled=0) — skip
2026-07-31 08:21:48 INFO     app.services.scheduler  [S2][SHOP] PUT entries disabled (s2_puts_enabled=0) — skip
2026-07-31 08:21:49 INFO     app.services.scheduler  [energy-gate][UBER] Symbol not in play — true range 38% of its own ATR(14) (min 50%) — blocking entry
2026-07-31 08:21:49 INFO     app.services.scheduler  [S2][FIG] PUT entries disabled (s2_puts_enabled=0) — skip
2026-07-31 08:21:49 INFO     app.services.scheduler  [vol-ceiling][COIN] Symbol too hot — true range 270% of its own ATR(14) (max 250%) — post-event whip risk, blocking entry
2026-07-31 08:21:49 INFO     app.services.scheduler  [S2][QCOM] PUT entries disabled (s2_puts_enabled=0) — skip
2026-07-31 08:21:49 DEBUG    app.services.strategy_ema  [S2-freshness][TSLA] CALL cross 4 bars old — within 40-bar window ✓
2026-07-31 08:21:49 INFO     app.services.scheduler  [S2][FISV] PUT entries disabled (s2_puts_enabled=0) — skip
2026-07-31 08:21:49 INFO     app.services.strategy_ema  [S2-pullback][TSLA] CALL pullback ✓ — pullback-bar low=307.0700 close=307.5100 EMA9=307.4302
2026-07-31 08:21:49 INFO     app.services.strategy_ema  [S2-confirm][TSLA] CALL confirmation failed — candle bearish/doji (open=307.5250 close=307.2600) prev_high=307.5500 ema9=307.4302 above_ema9=False
2026-07-31 08:22:17 INFO     app.services.scheduler  [Primary] [adaptive-band] QQQ → band=0.80% (normal (adaptive off)) | regime=BEARISH
2026-07-31 08:22:18 INFO     app.services.scheduler  [vol-ceiling][AAPL] Symbol too hot — true range 409% of its own ATR(14) (max 250%) — post-event whip risk, blocking entry
2026-07-31 08:22:18 DEBUG    app.services.strategy_ema  [S2-exit] Hard stop suppressed — 1.8 min into trade (min_hold=10)
2026-07-31 08:22:18 INFO     app.services.scheduler  [vol-ceiling][AAPL] Symbol too hot — true range 409% of its own ATR(14) (max 250%) — post-event whip risk, blocking entry
2026-07-31 08:22:18 INFO     app.services.strategy  [NVDA] [L1] CALL rejected — price 196.10 is BELOW VWAP 197.64 (wrong side for bullish bounce)
2026-07-31 08:22:18 INFO     app.services.scheduler  [vol-ceiling][AMZN] Symbol too hot — true range 526% of its own ATR(14) (max 250%) — post-event whip risk, blocking entry
2026-07-31 08:22:18 INFO     app.services.scheduler  [vol-ceiling][AMZN] Symbol too hot — true range 526% of its own ATR(14) (max 250%) — post-event whip risk, blocking entry
2026-07-31 08:22:18 INFO     app.services.scheduler  [S2][INTC] PUT entries disabled (s2_puts_enabled=0) — skip
2026-07-31 08:22:19 INFO     app.services.strategy_ema  [S2-freshness][GOOGL] No CALL EMA cross found in TODAY's session — trend predates today, blocking
2026-07-31 08:22:19 INFO     app.services.strategy  [GOOGL] [L1] CALL rejected — price 350.08 is 0.920% from VWAP 346.89 (band=0.80% — waiting for pullback to VWAP)
2026-07-31 08:22:19 INFO     app.services.strategy  [PLTR] [L1] PUT entries disabled (s1_puts_enabled=0) — skip
2026-07-31 08:22:19 INFO     app.services.strategy  [INTC] [L1] CALL rejected — price 92.41 is BELOW VWAP 94.20 (wrong side for bullish bounce)
2026-07-31 08:22:19 INFO     app.services.scheduler  [S2][PLTR] PUT entries disabled (s2_puts_enabled=0) — skip
2026-07-31 08:22:19 INFO     app.services.strategy  [NFLX] [L1] PUT entries disabled (s1_puts_enabled=0) — skip
2026-07-31 08:22:20 INFO     app.services.scheduler  [S2][SHOP] PUT entries disabled (s2_puts_enabled=0) — skip
2026-07-31 08:22:20 INFO     app.services.strategy  [NOW] [L1] PUT entries disabled (s1_puts_enabled=0) — skip
2026-07-31 08:22:20 INFO     app.services.strategy  [SHOP] [L1] PUT entries disabled (s1_puts_enabled=0) — skip
2026-07-31 08:22:20 INFO     app.services.scheduler  [energy-gate][UBER] Symbol not in play — true range 38% of its own ATR(14) (min 50%) — blocking entry
2026-07-31 08:22:21 INFO     app.services.strategy  [IWM] [L1] PUT entries disabled (s1_puts_enabled=0) — skip
2026-07-31 08:22:21 INFO     app.services.scheduler  [S2][FIG] PUT entries disabled (s2_puts_enabled=0) — skip
2026-07-31 08:22:21 INFO     app.services.strategy  [CRM] [L1] EMA trend 'bullish' not yet confirmed for 2 consecutive bars — skipping
2026-07-31 08:22:21 INFO     app.services.scheduler  [vol-ceiling][COIN] Symbol too hot — true range 270% of its own ATR(14) (max 250%) — post-event whip risk, blocking entry
2026-07-31 08:22:21 INFO     app.services.strategy  [UBER] [L1] CALL rejected — price 69.83 is BELOW VWAP 69.98 (wrong side for bullish bounce)
2026-07-31 08:22:22 INFO     app.services.scheduler  [S2][FISV] PUT entries disabled (s2_puts_enabled=0) — skip
2026-07-31 08:22:22 INFO     app.services.scheduler  [vol-ceiling][COIN] Symbol too hot — true range 270% of its own ATR(14) (max 250%) — post-event whip risk, blocking entry
2026-07-31 08:22:22 INFO     app.services.strategy  [FISV] [L1] PUT entries disabled (s1_puts_enabled=0) — skip
2026-07-31 08:22:23 INFO     app.services.scheduler  [S2][QCOM] PUT entries disabled (s2_puts_enabled=0) — skip
2026-07-31 08:22:23 INFO     app.services.strategy  [QCOM] [L1] PUT entries disabled (s1_puts_enabled=0) — skip
2026-07-31 08:22:23 DEBUG    app.services.strategy_ema  [S2-freshness][TSLA] CALL cross 4 bars old — within 40-bar window ✓
2026-07-31 08:22:23 INFO     app.services.strategy  [TSLA] [L1] CALL rejected — price 307.14 is BELOW VWAP 307.31 (wrong side for bullish bounce)
2026-07-31 08:22:24 INFO     app.services.strategy_ema  [S2-pullback][TSLA] CALL pullback ✓ — pullback-bar low=307.1600 close=307.2600 EMA9=307.4302
2026-07-31 08:22:24 INFO     app.services.strategy_ema  [S2-confirm][TSLA] CALL confirmation failed — candle bearish/doji (open=307.2600 close=307.1400) prev_high=307.6187 ema9=307.4302 above_ema9=False
2026-07-31 08:22:24 INFO     app.services.strategy  [MSFT] [L1] EMA trend 'bullish' not yet confirmed for 2 consecutive bars — skipping
2026-07-31 08:22:24 INFO     app.services.strategy  [META] [L1] CALL rejected — price 546.13 is BELOW VWAP 549.38 (wrong side for bullish bounce)
2026-07-31 08:22:47 INFO     app.services.scheduler  [vol-ceiling][AAPL] Symbol too hot — true range 409% of its own ATR(14) (max 250%) — post-event whip risk, blocking entry
2026-07-31 08:22:47 INFO     app.services.scheduler  [vol-ceiling][AMZN] Symbol too hot — true range 526% of its own ATR(14) (max 250%) — post-event whip risk, blocking entry
2026-07-31 08:22:48 DEBUG    app.services.strategy_ema  [S2-exit] Hard stop suppressed — 2.3 min into trade (min_hold=10)
2026-07-31 08:22:48 INFO     app.services.scheduler  [S2][INTC] PUT entries disabled (s2_puts_enabled=0) — skip
2026-07-31 08:22:48 INFO     app.services.strategy_ema  [S2-freshness][GOOGL] No CALL EMA cross found in TODAY's session — trend predates today, blocking
2026-07-31 08:22:49 INFO     app.services.scheduler  [S2][PLTR] PUT entries disabled (s2_puts_enabled=0) — skip
2026-07-31 08:22:49 INFO     app.services.scheduler  [S2][SHOP] PUT entries disabled (s2_puts_enabled=0) — skip
2026-07-31 08:22:49 INFO     app.services.scheduler  [energy-gate][UBER] Symbol not in play — true range 38% of its own ATR(14) (min 50%) — blocking entry
2026-07-31 08:22:49 INFO     app.services.scheduler  [vol-ceiling][COIN] Symbol too hot — true range 270% of its own ATR(14) (max 250%) — post-event whip risk, blocking entry
2026-07-31 08:22:50 INFO     app.services.scheduler  [S2][FISV] PUT entries disabled (s2_puts_enabled=0) — skip
2026-07-31 08:22:50 INFO     app.services.scheduler  [S2][FIG] PUT entries disabled (s2_puts_enabled=0) — skip
2026-07-31 08:22:50 INFO     app.services.scheduler  [S2][QCOM] PUT entries disabled (s2_puts_enabled=0) — skip
2026-07-31 08:22:50 DEBUG    app.services.strategy_ema  [S2-freshness][TSLA] CALL cross 4 bars old — within 40-bar window ✓
2026-07-31 08:22:50 INFO     app.services.strategy_ema  [S2-pullback][TSLA] CALL pullback ✓ — pullback-bar low=307.1600 close=307.2600 EMA9=307.4302
2026-07-31 08:22:50 INFO     app.services.strategy_ema  [S2-confirm][TSLA] CALL confirmation failed — candle bearish/doji (open=307.2600 close=307.1400) prev_high=307.6187 ema9=307.4302 above_ema9=False
2026-07-31 08:23:17 INFO     app.services.scheduler  [Primary] [adaptive-band] QQQ → band=0.80% (normal (adaptive off)) | regime=BEARISH
2026-07-31 08:23:18 INFO     app.services.scheduler  [vol-ceiling][AAPL] Symbol too hot — true range 409% of its own ATR(14) (max 250%) — post-event whip risk, blocking entry
2026-07-31 08:23:18 INFO     app.services.strategy  [NVDA] [L1] CALL rejected — price 195.93 is BELOW VWAP 197.63 (wrong side for bullish bounce)
2026-07-31 08:23:18 DEBUG    app.services.strategy_ema  [S2-exit] Hard stop suppressed — 2.8 min into trade (min_hold=10)
2026-07-31 08:23:18 INFO     app.services.scheduler  [vol-ceiling][AAPL] Symbol too hot — true range 409% of its own ATR(14) (max 250%) — post-event whip risk, blocking entry
2026-07-31 08:23:18 INFO     app.services.scheduler  [vol-ceiling][AMZN] Symbol too hot — true range 526% of its own ATR(14) (max 250%) — post-event whip risk, blocking entry
2026-07-31 08:23:18 INFO     app.services.scheduler  [vol-ceiling][AMZN] Symbol too hot — true range 526% of its own ATR(14) (max 250%) — post-event whip risk, blocking entry
2026-07-31 08:23:19 INFO     app.services.strategy_ema  [S2-freshness][GOOGL] No CALL EMA cross found in TODAY's session — trend predates today, blocking
2026-07-31 08:23:19 INFO     app.services.strategy  [GOOGL] [L1] CALL rejected — price 349.99 is 0.889% from VWAP 346.90 (band=0.80% — waiting for pullback to VWAP)
2026-07-31 08:23:19 INFO     app.services.scheduler  [S2][PLTR] PUT entries disabled (s2_puts_enabled=0) — skip
2026-07-31 08:23:19 INFO     app.services.strategy  [INTC] [L1] CALL rejected — price 92.30 is BELOW VWAP 94.19 (wrong side for bullish bounce)
2026-07-31 08:23:19 INFO     app.services.scheduler  [S2][INTC] PUT entries disabled (s2_puts_enabled=0) — skip
2026-07-31 08:23:19 INFO     app.services.strategy  [PLTR] [L1] PUT entries disabled (s1_puts_enabled=0) — skip
2026-07-31 08:23:20 INFO     app.services.strategy  [NOW] [L1] PUT entries disabled (s1_puts_enabled=0) — skip
2026-07-31 08:23:20 INFO     app.services.strategy  [NFLX] [L1] PUT entries disabled (s1_puts_enabled=0) — skip
2026-07-31 08:23:20 INFO     app.services.scheduler  [S2][SHOP] PUT entries disabled (s2_puts_enabled=0) — skip
2026-07-31 08:23:20 INFO     app.services.strategy  [SHOP] [L1] PUT entries disabled (s1_puts_enabled=0) — skip
2026-07-31 08:23:22 INFO     app.services.strategy  [IWM] [L1] PUT entries disabled (s1_puts_enabled=0) — skip
2026-07-31 08:23:22 INFO     app.services.scheduler  [energy-gate][UBER] Symbol not in play — true range 38% of its own ATR(14) (min 50%) — blocking entry
2026-07-31 08:23:22 INFO     app.services.scheduler  [vol-ceiling][COIN] Symbol too hot — true range 270% of its own ATR(14) (max 250%) — post-event whip risk, blocking entry
2026-07-31 08:23:22 INFO     app.services.strategy  [UBER] [L1] CALL rejected — price 69.78 is BELOW VWAP 69.98 (wrong side for bullish bounce)
2026-07-31 08:23:22 INFO     app.services.strategy  [CRM] [L1] EMA trend 'bullish' not yet confirmed for 2 consecutive bars — skipping
2026-07-31 08:23:22 INFO     app.services.scheduler  [S2][FIG] PUT entries disabled (s2_puts_enabled=0) — skip
2026-07-31 08:23:23 INFO     app.services.strategy  [FISV] [L1] PUT entries disabled (s1_puts_enabled=0) — skip
2026-07-31 08:23:23 INFO     app.services.scheduler  [vol-ceiling][COIN] Symbol too hot — true range 270% of its own ATR(14) (max 250%) — post-event whip risk, blocking entry
2026-07-31 08:23:23 INFO     app.services.scheduler  [S2][FISV] PUT entries disabled (s2_puts_enabled=0) — skip
2026-07-31 08:23:23 INFO     app.services.strategy  [QCOM] [L1] PUT entries disabled (s1_puts_enabled=0) — skip
2026-07-31 08:23:24 INFO     app.services.scheduler  [S2][QCOM] PUT entries disabled (s2_puts_enabled=0) — skip
2026-07-31 08:23:24 DEBUG    app.services.strategy_ema  [S2-freshness][TSLA] CALL cross 4 bars old — within 40-bar window ✓
2026-07-31 08:23:24 INFO     app.services.strategy  [MSFT] [L1] EMA trend 'bullish' not yet confirmed for 2 consecutive bars — skipping
2026-07-31 08:23:25 INFO     app.services.strategy_ema  [S2-pullback][TSLA] CALL pullback ✓ — pullback-bar low=307.0500 close=307.1400 EMA9=307.4302
2026-07-31 08:23:25 INFO     app.services.strategy_ema  [S2-confirm][TSLA] CALL confirmation failed — candle bearish/doji (open=307.0800 close=306.9100) prev_high=307.6700 ema9=307.4302 above_ema9=False
2026-07-31 08:23:25 INFO     app.services.strategy  [TSLA] [L1] CALL rejected — price 306.94 is BELOW VWAP 307.31 (wrong side for bullish bounce)
2026-07-31 08:23:25 INFO     app.services.strategy  [META] [L1] CALL rejected — price 545.50 is BELOW VWAP 549.37 (wrong side for bullish bounce)
2026-07-31 08:23:47 INFO     app.services.scheduler  [vol-ceiling][AMZN] Symbol too hot — true range 526% of its own ATR(14) (max 250%) — post-event whip risk, blocking entry
2026-07-31 08:23:47 INFO     app.services.scheduler  [vol-ceiling][AAPL] Symbol too hot — true range 409% of its own ATR(14) (max 250%) — post-event whip risk, blocking entry
2026-07-31 08:23:47 DEBUG    app.services.strategy_ema  [S2-exit] Hard stop suppressed — 3.3 min into trade (min_hold=10)
2026-07-31 08:23:48 INFO     app.services.scheduler  [S2][INTC] PUT entries disabled (s2_puts_enabled=0) — skip
2026-07-31 08:23:48 INFO     app.services.strategy_ema  [S2-freshness][GOOGL] No CALL EMA cross found in TODAY's session — trend predates today, blocking
2026-07-31 08:23:48 INFO     app.services.scheduler  [S2][PLTR] PUT entries disabled (s2_puts_enabled=0) — skip
2026-07-31 08:23:48 INFO     app.services.scheduler  [energy-gate][UBER] Symbol not in play — true range 38% of its own ATR(14) (min 50%) — blocking entry
2026-07-31 08:23:49 INFO     app.services.scheduler  [S2][SHOP] PUT entries disabled (s2_puts_enabled=0) — skip
2026-07-31 08:23:49 INFO     app.services.scheduler  [vol-ceiling][COIN] Symbol too hot — true range 270% of its own ATR(14) (max 250%) — post-event whip risk, blocking entry
2026-07-31 08:23:49 INFO     app.services.scheduler  [S2][FIG] PUT entries disabled (s2_puts_enabled=0) — skip
2026-07-31 08:23:49 INFO     app.services.scheduler  [S2][FISV] PUT entries disabled (s2_puts_enabled=0) — skip
2026-07-31 08:23:49 INFO     app.services.scheduler  [S2][QCOM] PUT entries disabled (s2_puts_enabled=0) — skip
2026-07-31 08:23:50 DEBUG    app.services.strategy_ema  [S2-freshness][TSLA] CALL cross 4 bars old — within 40-bar window ✓
2026-07-31 08:23:50 INFO     app.services.strategy_ema  [S2-pullback][TSLA] CALL pullback ✓ — pullback-bar low=307.0500 close=307.1400 EMA9=307.4302
2026-07-31 08:23:50 INFO     app.services.strategy_ema  [S2-confirm][TSLA] CALL confirmation failed — candle bearish/doji (open=307.0800 close=306.9100) prev_high=307.6700 ema9=307.4302 above_ema9=False
2026-07-31 08:24:17 INFO     app.services.scheduler  [Primary] [adaptive-band] QQQ → band=0.80% (normal (adaptive off)) | regime=BEARISH
2026-07-31 08:24:17 DEBUG    app.services.strategy_ema  [S2-exit] Hard stop suppressed — 3.8 min into trade (min_hold=10)
2026-07-31 08:24:18 INFO     app.services.strategy  [NVDA] [L1] CALL rejected — price 196.03 is BELOW VWAP 197.62 (wrong side for bullish bounce)
2026-07-31 08:24:18 INFO     app.services.scheduler  [vol-ceiling][AAPL] Symbol too hot — true range 409% of its own ATR(14) (max 250%) — post-event whip risk, blocking entry
2026-07-31 08:24:18 INFO     app.services.scheduler  [vol-ceiling][AAPL] Symbol too hot — true range 409% of its own ATR(14) (max 250%) — post-event whip risk, blocking entry
2026-07-31 08:24:18 INFO     app.services.scheduler  [vol-ceiling][AMZN] Symbol too hot — true range 526% of its own ATR(14) (max 250%) — post-event whip risk, blocking entry
2026-07-31 08:24:18 INFO     app.services.scheduler  [vol-ceiling][AMZN] Symbol too hot — true range 526% of its own ATR(14) (max 250%) — post-event whip risk, blocking entry
2026-07-31 08:24:19 INFO     app.services.strategy_ema  [S2-freshness][GOOGL] No CALL EMA cross found in TODAY's session — trend predates today, blocking
2026-07-31 08:24:19 INFO     app.services.strategy  [GOOGL] [L1] CALL rejected — price 349.83 is 0.841% from VWAP 346.92 (band=0.80% — waiting for pullback to VWAP)
2026-07-31 08:24:19 INFO     app.services.scheduler  [S2][INTC] PUT entries disabled (s2_puts_enabled=0) — skip
2026-07-31 08:24:19 INFO     app.services.strategy  [INTC] [L1] CALL rejected — price 92.23 is BELOW VWAP 94.18 (wrong side for bullish bounce)
2026-07-31 08:24:19 INFO     app.services.strategy  [PLTR] [L1] PUT entries disabled (s1_puts_enabled=0) — skip
2026-07-31 08:24:20 INFO     app.services.strategy  [NOW] [L1] PUT entries disabled (s1_puts_enabled=0) — skip
2026-07-31 08:24:20 INFO     app.services.scheduler  [S2][PLTR] PUT entries disabled (s2_puts_enabled=0) — skip
2026-07-31 08:24:21 INFO     app.services.scheduler  [S2][SHOP] PUT entries disabled (s2_puts_enabled=0) — skip
2026-07-31 08:24:21 INFO     app.services.strategy  [SHOP] [L1] PUT entries disabled (s1_puts_enabled=0) — skip
2026-07-31 08:24:21 INFO     app.services.strategy  [NFLX] [L1] PUT entries disabled (s1_puts_enabled=0) — skip
2026-07-31 08:24:22 INFO     app.services.strategy  [IWM] [L1] PUT entries disabled (s1_puts_enabled=0) — skip
2026-07-31 08:24:22 INFO     app.services.scheduler  [vol-ceiling][COIN] Symbol too hot — true range 270% of its own ATR(14) (max 250%) — post-event whip risk, blocking entry
2026-07-31 08:24:22 INFO     app.services.scheduler  [energy-gate][UBER] Symbol not in play — true range 38% of its own ATR(14) (min 50%) — blocking entry
2026-07-31 08:24:22 INFO     app.services.strategy  [CRM] [L1] EMA trend 'bullish' not yet confirmed for 2 consecutive bars — skipping
2026-07-31 08:24:22 INFO     app.services.strategy  [UBER] [L1] CALL rejected — price 69.78 is BELOW VWAP 69.98 (wrong side for bullish bounce)
2026-07-31 08:24:23 INFO     app.services.scheduler  [S2][FIG] PUT entries disabled (s2_puts_enabled=0) — skip
2026-07-31 08:24:23 INFO     app.services.scheduler  [S2][QCOM] PUT entries disabled (s2_puts_enabled=0) — skip
2026-07-31 08:24:23 INFO     app.services.scheduler  [vol-ceiling][COIN] Symbol too hot — true range 270% of its own ATR(14) (max 250%) — post-event whip risk, blocking entry
2026-07-31 08:24:24 INFO     app.services.scheduler  [S2][FISV] PUT entries disabled (s2_puts_enabled=0) — skip
2026-07-31 08:24:24 INFO     app.services.strategy  [QCOM] [L1] PUT entries disabled (s1_puts_enabled=0) — skip
2026-07-31 08:24:24 INFO     app.services.strategy  [FISV] [L1] PUT entries disabled (s1_puts_enabled=0) — skip
2026-07-31 08:24:24 DEBUG    app.services.strategy_ema  [S2-freshness][TSLA] CALL cross 4 bars old — within 40-bar window ✓
2026-07-31 08:24:24 INFO     app.services.strategy_ema  [S2-pullback][TSLA] CALL pullback ✓ — pullback-bar low=306.8001 close=306.9100 EMA9=307.4302
2026-07-31 08:24:24 INFO     app.services.strategy_ema  [S2-confirm][TSLA] CALL confirmation failed — candle bullish (open=306.8850 close=306.9350) prev_high=307.3300 ema9=307.4302 above_ema9=False
2026-07-31 08:24:24 INFO     app.services.strategy  [TSLA] [L1] CALL rejected — price 306.69 is BELOW VWAP 307.30 (wrong side for bullish bounce)
2026-07-31 08:24:25 INFO     app.services.strategy  [MSFT] [L1] EMA trend 'bullish' not yet confirmed for 2 consecutive bars — skipping
2026-07-31 08:24:25 INFO     app.services.strategy  [META] [L1] CALL rejected — price 544.39 is BELOW VWAP 549.34 (wrong side for bullish bounce)
2026-07-31 08:24:47 INFO     app.services.scheduler  [vol-ceiling][AAPL] Symbol too hot — true range 409% of its own ATR(14) (max 250%) — post-event whip risk, blocking entry
2026-07-31 08:24:47 DEBUG    app.services.strategy_ema  [S2-exit] Hard stop suppressed — 4.3 min into trade (min_hold=10)
2026-07-31 08:24:47 INFO     app.services.strategy_ema  [S2-freshness][GOOGL] No CALL EMA cross found in TODAY's session — trend predates today, blocking
2026-07-31 08:24:47 INFO     app.services.scheduler  [vol-ceiling][AMZN] Symbol too hot — true range 526% of its own ATR(14) (max 250%) — post-event whip risk, blocking entry
2026-07-31 08:24:48 INFO     app.services.scheduler  [S2][INTC] PUT entries disabled (s2_puts_enabled=0) — skip
2026-07-31 08:24:48 INFO     app.services.scheduler  [S2][PLTR] PUT entries disabled (s2_puts_enabled=0) — skip
2026-07-31 08:24:49 INFO     app.services.scheduler  [S2][SHOP] PUT entries disabled (s2_puts_enabled=0) — skip
2026-07-31 08:24:49 INFO     app.services.scheduler  [energy-gate][UBER] Symbol not in play — true range 38% of its own ATR(14) (min 50%) — blocking entry
2026-07-31 08:24:49 INFO     app.services.scheduler  [vol-ceiling][COIN] Symbol too hot — true range 270% of its own ATR(14) (max 250%) — post-event whip risk, blocking entry
2026-07-31 08:24:49 INFO     app.services.scheduler  [S2][FISV] PUT entries disabled (s2_puts_enabled=0) — skip
2026-07-31 08:24:50 INFO     app.services.scheduler  [S2][FIG] PUT entries disabled (s2_puts_enabled=0) — skip
2026-07-31 08:24:50 DEBUG    app.services.strategy_ema  [S2-freshness][TSLA] CALL cross 4 bars old — within 40-bar window ✓
2026-07-31 08:24:50 INFO     app.services.scheduler  [S2][QCOM] PUT entries disabled (s2_puts_enabled=0) — skip
2026-07-31 08:24:50 INFO     app.services.strategy_ema  [S2-pullback][TSLA] CALL pullback ✓ — pullback-bar low=306.8001 close=306.9100 EMA9=307.4302
2026-07-31 08:24:50 INFO     app.services.strategy_ema  [S2-confirm][TSLA] CALL confirmation failed — candle bullish (open=306.8850 close=306.9350) prev_high=307.3300 ema9=307.4302 above_ema9=False
2026-07-31 08:25:17 INFO     app.services.strategy_ema  [S2-5m-filter][WMT] PUT blocked — EMA9=111.3233 EMA21=111.2552 close=111.4300 VWAP=111.0929 EMA9_slope=↑ EMA21_slope=↑
2026-07-31 08:25:18 DEBUG    app.services.strategy_ema  [S2-exit] Hard stop suppressed — 4.8 min into trade (min_hold=10)
2026-07-31 08:25:19 INFO     app.services.scheduler  [vol-ceiling][AAPL] Symbol too hot — true range 409% of its own ATR(14) (max 250%) — post-event whip risk, blocking entry
2026-07-31 08:25:19 INFO     app.services.strategy_ema  [S2-5m-filter][NVDA] CALL blocked — EMA9=197.0622 EMA21=196.9036 close=195.8331 VWAP=197.6126 EMA9_slope=↓ EMA21_slope=↓
2026-07-31 08:25:19 INFO     app.services.strategy_ema  [S2-5m-filter][GOOGL] CALL blocked — EMA9=349.9187 EMA21=347.2652 close=349.7850 VWAP=346.8410 EMA9_slope=↓ EMA21_slope=↑
2026-07-31 08:25:19 INFO     app.services.scheduler  [Primary] [adaptive-band] QQQ → band=0.80% (normal (adaptive off)) | regime=BEARISH
2026-07-31 08:25:20 INFO     app.services.scheduler  [vol-ceiling][AAPL] Symbol too hot — true range 409% of its own ATR(14) (max 250%) — post-event whip risk, blocking entry
2026-07-31 08:25:20 INFO     app.services.strategy_ema  [S2-5m-filter][PLTR] CALL blocked — EMA9=120.4154 EMA21=120.7993 close=120.2700 VWAP=121.2191 EMA9_slope=↓ EMA21_slope=↓
2026-07-31 08:25:20 INFO     app.services.scheduler  [S2][PLTR] PUT entries disabled (s2_puts_enabled=0) — skip
2026-07-31 08:25:20 INFO     app.services.strategy_ema  [S2-5m-filter][INTC] CALL blocked — EMA9=92.7939 EMA21=92.8922 close=92.0999 VWAP=94.0872 EMA9_slope=↓ EMA21_slope=↓
2026-07-31 08:25:20 INFO     app.services.scheduler  [S2][INTC] PUT entries disabled (s2_puts_enabled=0) — skip
2026-07-31 08:25:20 INFO     app.services.scheduler  [vol-ceiling][AMZN] Symbol too hot — true range 526% of its own ATR(14) (max 250%) — post-event whip risk, blocking entry
2026-07-31 08:25:20 INFO     app.services.strategy  [NVDA] [L1] CALL rejected — price 195.87 is BELOW VWAP 197.61 (wrong side for bullish bounce)
2026-07-31 08:25:20 INFO     app.services.strategy  [GOOGL] [L1] CALL rejected — price 349.96 is 0.873% from VWAP 346.93 (band=0.80% — waiting for pullback to VWAP)
2026-07-31 08:25:20 INFO     app.services.scheduler  [vol-ceiling][AMZN] Symbol too hot — true range 526% of its own ATR(14) (max 250%) — post-event whip risk, blocking entry
2026-07-31 08:25:20 INFO     app.services.strategy  [INTC] [L1] CALL rejected — price 92.14 is BELOW VWAP 94.18 (wrong side for bullish bounce)
2026-07-31 08:25:20 INFO     app.services.strategy  [PLTR] [L1] PUT entries disabled (s1_puts_enabled=0) — skip
2026-07-31 08:25:21 INFO     app.services.strategy_ema  [S2-5m-filter][SHOP] CALL blocked — EMA9=116.8134 EMA21=118.0663 close=115.8400 VWAP=118.9197 EMA9_slope=↓ EMA21_slope=↓
2026-07-31 08:25:21 INFO     app.services.scheduler  [S2][SHOP] PUT entries disabled (s2_puts_enabled=0) — skip
2026-07-31 08:25:21 INFO     app.services.strategy  [NOW] [L1] PUT entries disabled (s1_puts_enabled=0) — skip
2026-07-31 08:25:22 INFO     app.services.strategy_ema  [S2-5m-filter][NOW] CALL blocked — EMA9=109.5720 EMA21=109.7294 close=109.7100 VWAP=109.9446 EMA9_slope=↑ EMA21_slope=↓
2026-07-31 08:25:22 INFO     app.services.strategy_ema  [S2-5m-filter][NFLX] CALL blocked — EMA9=71.5753 EMA21=71.7364 close=71.6100 VWAP=71.7577 EMA9_slope=↑ EMA21_slope=↓
2026-07-31 08:25:22 INFO     app.services.strategy  [NFLX] [L1] PUT entries disabled (s1_puts_enabled=0) — skip
2026-07-31 08:25:22 INFO     app.services.strategy  [SHOP] [L1] PUT entries disabled (s1_puts_enabled=0) — skip
2026-07-31 08:25:23 INFO     app.services.scheduler  [energy-gate][UBER] Symbol not in play — true range 38% of its own ATR(14) (min 50%) — blocking entry
2026-07-31 08:25:23 INFO     app.services.strategy  [IWM] [L1] PUT entries disabled (s1_puts_enabled=0) — skip
2026-07-31 08:25:23 INFO     app.services.strategy_ema  [S2-5m-filter][FIG] CALL blocked — EMA9=24.0109 EMA21=24.0253 close=23.9800 VWAP=24.1866 EMA9_slope=↓ EMA21_slope=↓
2026-07-31 08:25:23 INFO     app.services.scheduler  [S2][FIG] PUT entries disabled (s2_puts_enabled=0) — skip
2026-07-31 08:25:23 INFO     app.services.strategy  [CRM] [L1] EMA trend 'bullish' not yet confirmed for 2 consecutive bars — skipping
2026-07-31 08:25:24 INFO     app.services.scheduler  [vol-ceiling][COIN] Symbol too hot — true range 270% of its own ATR(14) (max 250%) — post-event whip risk, blocking entry
2026-07-31 08:25:24 INFO     app.services.strategy  [UBER] [L1] CALL rejected — price 69.81 is BELOW VWAP 69.98 (wrong side for bullish bounce)
2026-07-31 08:25:25 INFO     app.services.scheduler  [vol-ceiling][COIN] Symbol too hot — true range 270% of its own ATR(14) (max 250%) — post-event whip risk, blocking entry
2026-07-31 08:25:25 INFO     app.services.strategy_ema  [S2-5m-filter][FISV] CALL blocked — EMA9=52.9920 EMA21=53.1278 close=52.9450 VWAP=53.1472 EMA9_slope=↓ EMA21_slope=↓
2026-07-31 08:25:25 INFO     app.services.scheduler  [S2][FISV] PUT entries disabled (s2_puts_enabled=0) — skip
2026-07-31 08:25:25 INFO     app.services.strategy  [QCOM] [L1] PUT entries disabled (s1_puts_enabled=0) — skip
2026-07-31 08:25:26 INFO     app.services.strategy_ema  [S2-5m-filter][TSLA] CALL blocked — EMA9=307.2399 EMA21=307.1390 close=306.4785 VWAP=307.2699 EMA9_slope=↓ EMA21_slope=↓
2026-07-31 08:25:26 INFO     app.services.strategy_ema  [S2-5m-filter][QCOM] CALL blocked — EMA9=148.3254 EMA21=148.7712 close=147.5525 VWAP=148.8229 EMA9_slope=↓ EMA21_slope=↓
2026-07-31 08:25:26 INFO     app.services.scheduler  [S2][QCOM] PUT entries disabled (s2_puts_enabled=0) — skip
2026-07-31 08:25:26 INFO     app.services.strategy  [FISV] [L1] PUT entries disabled (s1_puts_enabled=0) — skip
2026-07-31 08:25:26 INFO     app.services.strategy_ema  [S2-5m-filter][MSFT] CALL blocked — EMA9=455.1595 EMA21=455.4593 close=457.5650 VWAP=456.9805 EMA9_slope=↑ EMA21_slope=↑
2026-07-31 08:25:27 INFO     app.services.strategy  [TSLA] [L1] CALL rejected — price 306.63 is BELOW VWAP 307.30 (wrong side for bullish bounce)
2026-07-31 08:25:27 INFO     app.services.strategy_ema  [S2-5m-filter][META] CALL blocked — EMA9=547.5636 EMA21=546.5699 close=543.8350 VWAP=549.1107 EMA9_slope=↓ EMA21_slope=↓
2026-07-31 08:25:27 INFO     app.services.strategy  [MSFT] [L1] EMA trend 'bullish' not yet confirmed for 2 consecutive bars — skipping
2026-07-31 08:25:28 INFO     app.services.strategy  [META] [L1] CALL rejected — price 543.69 is BELOW VWAP 549.29 (wrong side for bullish bounce)
2026-07-31 08:25:47 INFO     app.services.scheduler  [vol-ceiling][AAPL] Symbol too hot — true range 409% of its own ATR(14) (max 250%) — post-event whip risk, blocking entry
2026-07-31 08:25:47 INFO     app.services.scheduler  [vol-ceiling][AMZN] Symbol too hot — true range 526% of its own ATR(14) (max 250%) — post-event whip risk, blocking entry
2026-07-31 08:25:47 DEBUG    app.services.strategy_ema  [S2-exit] Hard stop suppressed — 5.3 min into trade (min_hold=10)
2026-07-31 08:25:48 INFO     app.services.scheduler  [S2][INTC] PUT entries disabled (s2_puts_enabled=0) — skip
2026-07-31 08:25:48 INFO     app.services.scheduler  [S2][PLTR] PUT entries disabled (s2_puts_enabled=0) — skip
2026-07-31 08:25:49 INFO     app.services.scheduler  [S2][SHOP] PUT entries disabled (s2_puts_enabled=0) — skip
2026-07-31 08:25:49 INFO     app.services.scheduler  [energy-gate][UBER] Symbol not in play — true range 38% of its own ATR(14) (min 50%) — blocking entry
2026-07-31 08:25:49 INFO     app.services.scheduler  [S2][FISV] PUT entries disabled (s2_puts_enabled=0) — skip
2026-07-31 08:25:49 INFO     app.services.scheduler  [S2][QCOM] PUT entries disabled (s2_puts_enabled=0) — skip
2026-07-31 08:25:50 INFO     app.services.scheduler  [vol-ceiling][COIN] Symbol too hot — true range 270% of its own ATR(14) (max 250%) — post-event whip risk, blocking entry
2026-07-31 08:25:50 INFO     app.services.scheduler  [S2][FIG] PUT entries disabled (s2_puts_enabled=0) — skip
2026-07-31 08:26:17 INFO     app.services.scheduler  [Primary] [adaptive-band] QQQ → band=0.80% (normal (adaptive off)) | regime=BEARISH
2026-07-31 08:26:18 DEBUG    app.services.strategy_ema  [S2-exit] Hard stop suppressed — 5.8 min into trade (min_hold=10)
2026-07-31 08:26:18 INFO     app.services.scheduler  [vol-ceiling][AMZN] Symbol too hot — true range 526% of its own ATR(14) (max 250%) — post-event whip risk, blocking entry
2026-07-31 08:26:18 INFO     app.services.scheduler  [vol-ceiling][AAPL] Symbol too hot — true range 409% of its own ATR(14) (max 250%) — post-event whip risk, blocking entry
2026-07-31 08:26:18 INFO     app.services.scheduler  [vol-ceiling][AAPL] Symbol too hot — true range 409% of its own ATR(14) (max 250%) — post-event whip risk, blocking entry
2026-07-31 08:26:18 INFO     app.services.strategy  [NVDA] [L1] CALL rejected — price 195.53 is BELOW VWAP 197.59 (wrong side for bullish bounce)
2026-07-31 08:26:19 INFO     app.services.scheduler  [vol-ceiling][AMZN] Symbol too hot — true range 526% of its own ATR(14) (max 250%) — post-event whip risk, blocking entry
2026-07-31 08:26:19 INFO     app.services.scheduler  [S2][PLTR] PUT entries disabled (s2_puts_enabled=0) — skip
2026-07-31 08:26:19 INFO     app.services.strategy  [GOOGL] [L1] CALL rejected — price 349.86 is 0.839% from VWAP 346.95 (band=0.80% — waiting for pullback to VWAP)
2026-07-31 08:26:20 INFO     app.services.scheduler  [S2][INTC] PUT entries disabled (s2_puts_enabled=0) — skip
2026-07-31 08:26:20 INFO     app.services.strategy  [INTC] [L1] CALL rejected — price 91.69 is BELOW VWAP 94.15 (wrong side for bullish bounce)
2026-07-31 08:26:20 INFO     app.services.strategy  [PLTR] [L1] PUT entries disabled (s1_puts_enabled=0) — skip
2026-07-31 08:26:21 INFO     app.services.scheduler  [S2][SHOP] PUT entries disabled (s2_puts_enabled=0) — skip
2026-07-31 08:26:21 INFO     app.services.strategy  [NOW] [L1] PUT entries disabled (s1_puts_enabled=0) — skip
2026-07-31 08:26:21 INFO     app.services.strategy  [NFLX] [L1] PUT entries disabled (s1_puts_enabled=0) — skip
2026-07-31 08:26:22 INFO     app.services.strategy  [SHOP] [L1] PUT entries disabled (s1_puts_enabled=0) — skip
2026-07-31 08:26:22 INFO     app.services.strategy  [CRM] [L1] EMA trend 'bullish' not yet confirmed for 2 consecutive bars — skipping
2026-07-31 08:26:23 INFO     app.services.scheduler  [energy-gate][UBER] Symbol not in play — true range 38% of its own ATR(14) (min 50%) — blocking entry
2026-07-31 08:26:23 INFO     app.services.scheduler  [S2][FIG] PUT entries disabled (s2_puts_enabled=0) — skip
2026-07-31 08:26:23 INFO     app.services.strategy  [IWM] [L1] PUT entries disabled (s1_puts_enabled=0) — skip
2026-07-31 08:26:23 INFO     app.services.strategy  [UBER] [L1] CALL rejected — price 69.78 is BELOW VWAP 69.98 (wrong side for bullish bounce)
2026-07-31 08:26:24 INFO     app.services.scheduler  [S2][FISV] PUT entries disabled (s2_puts_enabled=0) — skip
2026-07-31 08:26:24 INFO     app.services.scheduler  [S2][QCOM] PUT entries disabled (s2_puts_enabled=0) — skip
2026-07-31 08:26:25 INFO     app.services.strategy  [FISV] [L1] PUT entries disabled (s1_puts_enabled=0) — skip
2026-07-31 08:26:25 INFO     app.services.scheduler  [vol-ceiling][COIN] Symbol too hot — true range 270% of its own ATR(14) (max 250%) — post-event whip risk, blocking entry
2026-07-31 08:26:25 INFO     app.services.strategy  [QCOM] [L1] PUT entries disabled (s1_puts_enabled=0) — skip
2026-07-31 08:26:26 INFO     app.services.scheduler  [vol-ceiling][COIN] Symbol too hot — true range 270% of its own ATR(14) (max 250%) — post-event whip risk, blocking entry
2026-07-31 08:26:26 INFO     app.services.strategy  [TSLA] [L1] CALL rejected — price 305.94 is BELOW VWAP 307.29 (wrong side for bullish bounce)
2026-07-31 08:26:26 INFO     app.services.strategy  [MSFT] [L1] EMA trend 'bullish' not yet confirmed for 2 consecutive bars — skipping
2026-07-31 08:26:27 INFO     app.services.strategy  [META] [L1] CALL rejected — price 543.26 is BELOW VWAP 549.24 (wrong side for bullish bounce)
2026-07-31 08:26:47 DEBUG    app.services.strategy_ema  [S2-exit] Hard stop suppressed — 6.3 min into trade (min_hold=10)
2026-07-31 08:26:48 INFO     app.services.scheduler  [vol-ceiling][AAPL] Symbol too hot — true range 409% of its own ATR(14) (max 250%) — post-event whip risk, blocking entry
2026-07-31 08:26:48 INFO     app.services.scheduler  [vol-ceiling][AMZN] Symbol too hot — true range 526% of its own ATR(14) (max 250%) — post-event whip risk, blocking entry
2026-07-31 08:26:48 INFO     app.services.scheduler  [S2][PLTR] PUT entries disabled (s2_puts_enabled=0) — skip
2026-07-31 08:26:49 INFO     app.services.scheduler  [S2][INTC] PUT entries disabled (s2_puts_enabled=0) — skip
2026-07-31 08:26:50 INFO     app.services.scheduler  [S2][SHOP] PUT entries disabled (s2_puts_enabled=0) — skip
2026-07-31 08:26:50 INFO     app.services.scheduler  [energy-gate][UBER] Symbol not in play — true range 38% of its own ATR(14) (min 50%) — blocking entry
2026-07-31 08:26:50 INFO     app.services.scheduler  [vol-ceiling][COIN] Symbol too hot — true range 270% of its own ATR(14) (max 250%) — post-event whip risk, blocking entry
2026-07-31 08:26:50 INFO     app.services.scheduler  [S2][FIG] PUT entries disabled (s2_puts_enabled=0) — skip
2026-07-31 08:26:51 INFO     app.services.scheduler  [S2][QCOM] PUT entries disabled (s2_puts_enabled=0) — skip
2026-07-31 08:26:51 INFO     app.services.scheduler  [S2][FISV] PUT entries disabled (s2_puts_enabled=0) — skip
2026-07-31 08:27:17 INFO     app.services.scheduler  [Primary] [adaptive-band] QQQ → band=0.80% (normal (adaptive off)) | regime=BEARISH
2026-07-31 08:27:17 INFO     app.services.scheduler  [vol-ceiling][AAPL] Symbol too hot — true range 409% of its own ATR(14) (max 250%) — post-event whip risk, blocking entry
2026-07-31 08:27:18 DEBUG    app.services.strategy_ema  [S2-exit] Hard stop suppressed — 6.8 min into trade (min_hold=10)
2026-07-31 08:27:18 INFO     app.services.scheduler  [vol-ceiling][AAPL] Symbol too hot — true range 409% of its own ATR(14) (max 250%) — post-event whip risk, blocking entry
2026-07-31 08:27:18 INFO     app.services.scheduler  [vol-ceiling][AMZN] Symbol too hot — true range 526% of its own ATR(14) (max 250%) — post-event whip risk, blocking entry
2026-07-31 08:27:18 INFO     app.services.scheduler  [vol-ceiling][AMZN] Symbol too hot — true range 526% of its own ATR(14) (max 250%) — post-event whip risk, blocking entry
2026-07-31 08:27:19 INFO     app.services.strategy  [NVDA] [L1] CALL rejected — price 195.44 is BELOW VWAP 197.57 (wrong side for bullish bounce)
2026-07-31 08:27:19 INFO     app.services.scheduler  [S2][PLTR] PUT entries disabled (s2_puts_enabled=0) — skip
2026-07-31 08:27:19 INFO     app.services.strategy  [GOOGL] [L1] Signal: CALL  price=349.40  vwap=346.97  distance=0.700%  trend=bullish
2026-07-31 08:27:19 INFO     app.services.strategy  [L2] Directional bounce NOT confirmed for CALL — closes not rising. Last closes: [349.44]
2026-07-31 08:27:19 INFO     app.services.strategy  [INTC] [L1] CALL rejected — price 91.49 is BELOW VWAP 94.13 (wrong side for bullish bounce)
2026-07-31 08:27:19 INFO     app.services.scheduler  [S2][INTC] PUT entries disabled (s2_puts_enabled=0) — skip
2026-07-31 08:27:20 INFO     app.services.strategy  [PLTR] [L1] PUT entries disabled (s1_puts_enabled=0) — skip
2026-07-31 08:27:20 INFO     app.services.strategy  [NFLX] [L1] PUT entries disabled (s1_puts_enabled=0) — skip
2026-07-31 08:27:20 INFO     app.services.strategy  [NOW] [L1] PUT entries disabled (s1_puts_enabled=0) — skip
2026-07-31 08:27:21 INFO     app.services.scheduler  [S2][SHOP] PUT entries disabled (s2_puts_enabled=0) — skip
2026-07-31 08:27:21 INFO     app.services.scheduler  [vol-ceiling][COIN] Symbol too hot — true range 270% of its own ATR(14) (max 250%) — post-event whip risk, blocking entry
2026-07-31 08:27:21 INFO     app.services.strategy  [SHOP] [L1] PUT entries disabled (s1_puts_enabled=0) — skip
2026-07-31 08:27:22 INFO     app.services.scheduler  [energy-gate][UBER] Symbol not in play — true range 38% of its own ATR(14) (min 50%) — blocking entry
2026-07-31 08:27:22 INFO     app.services.strategy  [IWM] [L1] PUT entries disabled (s1_puts_enabled=0) — skip
2026-07-31 08:27:22 INFO     app.services.strategy  [CRM] [L1] EMA trend 'bullish' not yet confirmed for 2 consecutive bars — skipping
2026-07-31 08:27:22 INFO     app.services.scheduler  [S2][FIG] PUT entries disabled (s2_puts_enabled=0) — skip
2026-07-31 08:27:22 INFO     app.services.scheduler  [vol-ceiling][COIN] Symbol too hot — true range 270% of its own ATR(14) (max 250%) — post-event whip risk, blocking entry
2026-07-31 08:27:23 INFO     app.services.scheduler  [S2][QCOM] PUT entries disabled (s2_puts_enabled=0) — skip
2026-07-31 08:27:23 INFO     app.services.scheduler  [S2][FISV] PUT entries disabled (s2_puts_enabled=0) — skip
2026-07-31 08:27:23 INFO     app.services.strategy  [FISV] [L1] PUT entries disabled (s1_puts_enabled=0) — skip
2026-07-31 08:27:23 INFO     app.services.strategy  [UBER] [L1] CALL rejected — price 69.76 is BELOW VWAP 69.98 (wrong side for bullish bounce)
2026-07-31 08:27:23 INFO     app.services.strategy  [QCOM] [L1] PUT entries disabled (s1_puts_enabled=0) — skip
2026-07-31 08:27:24 INFO     app.services.strategy  [MSFT] [L1] EMA trend 'bullish' not yet confirmed for 2 consecutive bars — skipping
2026-07-31 08:27:24 INFO     app.services.strategy  [TSLA] [L1] CALL rejected — price 305.70 is BELOW VWAP 307.29 (wrong side for bullish bounce)
2026-07-31 08:27:24 INFO     app.services.strategy  [META] [L1] CALL rejected — price 542.64 is BELOW VWAP 549.19 (wrong side for bullish bounce)
2026-07-31 08:27:47 INFO     app.services.scheduler  [vol-ceiling][AAPL] Symbol too hot — true range 409% of its own ATR(14) (max 250%) — post-event whip risk, blocking entry
2026-07-31 08:27:47 INFO     app.services.scheduler  [vol-ceiling][AMZN] Symbol too hot — true range 526% of its own ATR(14) (max 250%) — post-event whip risk, blocking entry
2026-07-31 08:27:47 DEBUG    app.services.strategy_ema  [S2-exit] Hard stop suppressed — 7.3 min into trade (min_hold=10)
2026-07-31 08:27:48 INFO     app.services.scheduler  [S2][PLTR] PUT entries disabled (s2_puts_enabled=0) — skip
2026-07-31 08:27:48 INFO     app.services.scheduler  [S2][INTC] PUT entries disabled (s2_puts_enabled=0) — skip
2026-07-31 08:27:48 INFO     app.services.scheduler  [S2][SHOP] PUT entries disabled (s2_puts_enabled=0) — skip
2026-07-31 08:27:48 INFO     app.services.scheduler  [energy-gate][UBER] Symbol not in play — true range 38% of its own ATR(14) (min 50%) — blocking entry
2026-07-31 08:27:48 INFO     app.services.scheduler  [vol-ceiling][COIN] Symbol too hot — true range 270% of its own ATR(14) (max 250%) — post-event whip risk, blocking entry
2026-07-31 08:27:49 INFO     app.services.scheduler  [S2][FIG] PUT entries disabled (s2_puts_enabled=0) — skip
2026-07-31 08:27:49 INFO     app.services.scheduler  [S2][FISV] PUT entries disabled (s2_puts_enabled=0) — skip
2026-07-31 08:27:49 INFO     app.services.scheduler  [S2][QCOM] PUT entries disabled (s2_puts_enabled=0) — skip
2026-07-31 08:28:17 INFO     app.services.scheduler  [Primary] [adaptive-band] QQQ → band=0.80% (normal (adaptive off)) | regime=BEARISH
2026-07-31 08:28:18 INFO     app.services.scheduler  [vol-ceiling][AMZN] Symbol too hot — true range 526% of its own ATR(14) (max 250%) — post-event whip risk, blocking entry
2026-07-31 08:28:18 INFO     app.services.scheduler  [vol-ceiling][AAPL] Symbol too hot — true range 409% of its own ATR(14) (max 250%) — post-event whip risk, blocking entry
2026-07-31 08:28:18 DEBUG    app.services.strategy_ema  [S2-exit] Hard stop suppressed — 7.8 min into trade (min_hold=10)
2026-07-31 08:28:18 INFO     app.services.scheduler  [vol-ceiling][AMZN] Symbol too hot — true range 526% of its own ATR(14) (max 250%) — post-event whip risk, blocking entry
2026-07-31 08:28:18 INFO     app.services.strategy  [NVDA] [L1] CALL rejected — price 195.38 is BELOW VWAP 197.56 (wrong side for bullish bounce)
2026-07-31 08:28:18 INFO     app.services.scheduler  [vol-ceiling][AAPL] Symbol too hot — true range 409% of its own ATR(14) (max 250%) — post-event whip risk, blocking entry
2026-07-31 08:28:19 INFO     app.services.scheduler  [S2][INTC] PUT entries disabled (s2_puts_enabled=0) — skip
2026-07-31 08:28:19 INFO     app.services.strategy  [GOOGL] [L1] Signal: CALL  price=349.00  vwap=346.99  distance=0.579%  trend=bullish
2026-07-31 08:28:19 INFO     app.services.strategy  [L2] Directional bounce NOT confirmed for CALL — closes not rising. Last closes: [349.07]
2026-07-31 08:28:20 INFO     app.services.scheduler  [S2][PLTR] PUT entries disabled (s2_puts_enabled=0) — skip
2026-07-31 08:28:20 INFO     app.services.strategy  [NOW] [L1] PUT entries disabled (s1_puts_enabled=0) — skip
2026-07-31 08:28:20 INFO     app.services.strategy  [PLTR] [L1] PUT entries disabled (s1_puts_enabled=0) — skip
2026-07-31 08:28:20 INFO     app.services.strategy  [INTC] [L1] CALL rejected — price 91.44 is BELOW VWAP 94.12 (wrong side for bullish bounce)
2026-07-31 08:28:21 INFO     app.services.strategy  [NFLX] [L1] PUT entries disabled (s1_puts_enabled=0) — skip
2026-07-31 08:28:21 INFO     app.services.scheduler  [energy-gate][UBER] Symbol not in play — true range 38% of its own ATR(14) (min 50%) — blocking entry
2026-07-31 08:28:21 INFO     app.services.scheduler  [S2][SHOP] PUT entries disabled (s2_puts_enabled=0) — skip
2026-07-31 08:28:22 INFO     app.services.strategy  [IWM] [L1] PUT entries disabled (s1_puts_enabled=0) — skip
2026-07-31 08:28:22 INFO     app.services.strategy  [SHOP] [L1] PUT entries disabled (s1_puts_enabled=0) — skip
2026-07-31 08:28:22 INFO     app.services.strategy  [UBER] [L1] CALL rejected — price 69.73 is BELOW VWAP 69.97 (wrong side for bullish bounce)
2026-07-31 08:28:22 INFO     app.services.scheduler  [vol-ceiling][COIN] Symbol too hot — true range 270% of its own ATR(14) (max 250%) — post-event whip risk, blocking entry
2026-07-31 08:28:22 INFO     app.services.scheduler  [S2][FIG] PUT entries disabled (s2_puts_enabled=0) — skip
2026-07-31 08:28:23 INFO     app.services.strategy  [CRM] [L1] EMA trend 'bullish' not yet confirmed for 2 consecutive bars — skipping
2026-07-31 08:28:23 INFO     app.services.scheduler  [S2][FISV] PUT entries disabled (s2_puts_enabled=0) — skip
2026-07-31 08:28:23 INFO     app.services.scheduler  [vol-ceiling][COIN] Symbol too hot — true range 270% of its own ATR(14) (max 250%) — post-event whip risk, blocking entry
2026-07-31 08:28:23 INFO     app.services.scheduler  [S2][QCOM] PUT entries disabled (s2_puts_enabled=0) — skip
2026-07-31 08:28:23 INFO     app.services.strategy  [FISV] [L1] PUT entries disabled (s1_puts_enabled=0) — skip
2026-07-31 08:28:24 INFO     app.services.strategy  [QCOM] [L1] PUT entries disabled (s1_puts_enabled=0) — skip
2026-07-31 08:28:24 INFO     app.services.strategy  [TSLA] [L1] CALL rejected — price 305.68 is BELOW VWAP 307.28 (wrong side for bullish bounce)
2026-07-31 08:28:25 INFO     app.services.strategy  [MSFT] [L1] EMA trend 'bullish' not yet confirmed for 2 consecutive bars — skipping
2026-07-31 08:28:25 INFO     app.services.strategy  [META] [L1] CALL rejected — price 542.16 is BELOW VWAP 549.12 (wrong side for bullish bounce)
2026-07-31 08:28:47 INFO     app.services.scheduler  [vol-ceiling][AAPL] Symbol too hot — true range 409% of its own ATR(14) (max 250%) — post-event whip risk, blocking entry
2026-07-31 08:28:47 INFO     app.services.scheduler  [vol-ceiling][AMZN] Symbol too hot — true range 526% of its own ATR(14) (max 250%) — post-event whip risk, blocking entry
2026-07-31 08:28:47 DEBUG    app.services.strategy_ema  [S2-exit] Hard stop suppressed — 8.3 min into trade (min_hold=10)
2026-07-31 08:28:47 INFO     app.services.scheduler  [S2][INTC] PUT entries disabled (s2_puts_enabled=0) — skip
2026-07-31 08:28:48 INFO     app.services.scheduler  [S2][PLTR] PUT entries disabled (s2_puts_enabled=0) — skip
2026-07-31 08:28:48 INFO     app.services.scheduler  [S2][SHOP] PUT entries disabled (s2_puts_enabled=0) — skip
2026-07-31 08:28:48 INFO     app.services.scheduler  [vol-ceiling][COIN] Symbol too hot — true range 270% of its own ATR(14) (max 250%) — post-event whip risk, blocking entry
2026-07-31 08:28:48 INFO     app.services.scheduler  [energy-gate][UBER] Symbol not in play — true range 38% of its own ATR(14) (min 50%) — blocking entry
2026-07-31 08:28:49 INFO     app.services.scheduler  [S2][FIG] PUT entries disabled (s2_puts_enabled=0) — skip
2026-07-31 08:28:49 INFO     app.services.scheduler  [S2][FISV] PUT entries disabled (s2_puts_enabled=0) — skip
2026-07-31 08:28:49 INFO     app.services.scheduler  [S2][QCOM] PUT entries disabled (s2_puts_enabled=0) — skip
2026-07-31 08:29:17 INFO     app.services.scheduler  [Primary] [adaptive-band] QQQ → band=0.80% (normal (adaptive off)) | regime=BEARISH
2026-07-31 08:29:17 INFO     app.services.scheduler  [vol-ceiling][AAPL] Symbol too hot — true range 409% of its own ATR(14) (max 250%) — post-event whip risk, blocking entry
2026-07-31 08:29:18 DEBUG    app.services.strategy_ema  [S2-exit] Hard stop suppressed — 8.8 min into trade (min_hold=10)
2026-07-31 08:29:18 INFO     app.services.scheduler  [vol-ceiling][AMZN] Symbol too hot — true range 526% of its own ATR(14) (max 250%) — post-event whip risk, blocking entry
2026-07-31 08:29:18 INFO     app.services.scheduler  [vol-ceiling][AMZN] Symbol too hot — true range 526% of its own ATR(14) (max 250%) — post-event whip risk, blocking entry
2026-07-31 08:29:18 INFO     app.services.strategy  [NVDA] [L1] CALL rejected — price 195.66 is BELOW VWAP 197.55 (wrong side for bullish bounce)
2026-07-31 08:29:18 INFO     app.services.scheduler  [vol-ceiling][AAPL] Symbol too hot — true range 409% of its own ATR(14) (max 250%) — post-event whip risk, blocking entry
2026-07-31 08:29:19 INFO     app.services.scheduler  [S2][INTC] PUT entries disabled (s2_puts_enabled=0) — skip
2026-07-31 08:29:19 INFO     app.services.strategy  [GOOGL] [L1] Signal: CALL  price=348.79  vwap=347.00  distance=0.516%  trend=bullish
2026-07-31 08:29:19 INFO     app.services.scheduler  [GOOGL] [L5] Regime gate: QQQ BEARISH (below VWAP) — blocking CALL
2026-07-31 08:29:20 INFO     app.services.strategy  [INTC] [L1] CALL rejected — price 91.75 is BELOW VWAP 94.10 (wrong side for bullish bounce)
2026-07-31 08:29:20 INFO     app.services.strategy  [PLTR] [L1] PUT entries disabled (s1_puts_enabled=0) — skip
2026-07-31 08:29:20 INFO     app.services.scheduler  [S2][PLTR] PUT entries disabled (s2_puts_enabled=0) — skip
2026-07-31 08:29:21 INFO     app.services.strategy  [NOW] [L1] PUT entries disabled (s1_puts_enabled=0) — skip
2026-07-31 08:29:21 INFO     app.services.scheduler  [S2][SHOP] PUT entries disabled (s2_puts_enabled=0) — skip
2026-07-31 08:29:21 INFO     app.services.strategy  [NFLX] [L1] PUT entries disabled (s1_puts_enabled=0) — skip
2026-07-31 08:29:21 INFO     app.services.strategy  [SHOP] [L1] PUT entries disabled (s1_puts_enabled=0) — skip
2026-07-31 08:29:22 INFO     app.services.scheduler  [energy-gate][UBER] Symbol not in play — true range 38% of its own ATR(14) (min 50%) — blocking entry
2026-07-31 08:29:22 INFO     app.services.strategy  [IWM] [L1] PUT entries disabled (s1_puts_enabled=0) — skip
2026-07-31 08:29:22 INFO     app.services.scheduler  [vol-ceiling][COIN] Symbol too hot — true range 270% of its own ATR(14) (max 250%) — post-event whip risk, blocking entry
2026-07-31 08:29:22 INFO     app.services.strategy  [CRM] [L1] EMA trend 'bullish' not yet confirmed for 2 consecutive bars — skipping
2026-07-31 08:29:23 INFO     app.services.strategy  [UBER] [L1] CALL rejected — price 69.66 is BELOW VWAP 69.97 (wrong side for bullish bounce)
2026-07-31 08:29:23 INFO     app.services.scheduler  [S2][FIG] PUT entries disabled (s2_puts_enabled=0) — skip
2026-07-31 08:29:23 INFO     app.services.scheduler  [S2][FISV] PUT entries disabled (s2_puts_enabled=0) — skip
2026-07-31 08:29:24 INFO     app.services.scheduler  [vol-ceiling][COIN] Symbol too hot — true range 270% of its own ATR(14) (max 250%) — post-event whip risk, blocking entry
2026-07-31 08:29:24 INFO     app.services.strategy  [FISV] [L1] PUT entries disabled (s1_puts_enabled=0) — skip
2026-07-31 08:29:24 INFO     app.services.scheduler  [S2][QCOM] PUT entries disabled (s2_puts_enabled=0) — skip
2026-07-31 08:29:25 INFO     app.services.strategy  [QCOM] [L1] PUT entries disabled (s1_puts_enabled=0) — skip
2026-07-31 08:29:25 INFO     app.services.strategy  [TSLA] [L1] CALL rejected — price 305.72 is BELOW VWAP 307.27 (wrong side for bullish bounce)
2026-07-31 08:29:25 INFO     app.services.strategy  [MSFT] [L1] EMA trend 'bullish' not yet confirmed for 2 consecutive bars — skipping
2026-07-31 08:29:26 INFO     app.services.strategy  [META] [L1] CALL rejected — price 541.48 is BELOW VWAP 549.08 (wrong side for bullish bounce)
2026-07-31 08:29:47 DEBUG    app.services.strategy_ema  [S2-exit] Hard stop suppressed — 9.3 min into trade (min_hold=10)
2026-07-31 08:29:47 INFO     app.services.scheduler  [vol-ceiling][AAPL] Symbol too hot — true range 409% of its own ATR(14) (max 250%) — post-event whip risk, blocking entry
2026-07-31 08:29:47 INFO     app.services.scheduler  [vol-ceiling][AMZN] Symbol too hot — true range 526% of its own ATR(14) (max 250%) — post-event whip risk, blocking entry
2026-07-31 08:29:48 INFO     app.services.scheduler  [S2][PLTR] PUT entries disabled (s2_puts_enabled=0) — skip
2026-07-31 08:29:48 INFO     app.services.scheduler  [S2][INTC] PUT entries disabled (s2_puts_enabled=0) — skip
2026-07-31 08:29:49 INFO     app.services.scheduler  [S2][SHOP] PUT entries disabled (s2_puts_enabled=0) — skip
2026-07-31 08:29:49 INFO     app.services.scheduler  [energy-gate][UBER] Symbol not in play — true range 38% of its own ATR(14) (min 50%) — blocking entry
2026-07-31 08:29:49 INFO     app.services.scheduler  [vol-ceiling][COIN] Symbol too hot — true range 270% of its own ATR(14) (max 250%) — post-event whip risk, blocking entry
2026-07-31 08:29:49 INFO     app.services.scheduler  [S2][FIG] PUT entries disabled (s2_puts_enabled=0) — skip
2026-07-31 08:29:49 INFO     app.services.scheduler  [S2][FISV] PUT entries disabled (s2_puts_enabled=0) — skip
2026-07-31 08:29:50 INFO     app.services.scheduler  [S2][QCOM] PUT entries disabled (s2_puts_enabled=0) — skip
2026-07-31 08:30:17 INFO     app.services.scheduler  [Primary] [adaptive-band] QQQ → band=0.80% (normal (adaptive off)) | regime=BEARISH
2026-07-31 08:30:17 INFO     app.services.strategy_ema  [S2-5m-filter][WMT] PUT blocked — EMA9=111.3456 EMA21=111.2716 close=111.4350 VWAP=111.1025 EMA9_slope=↑ EMA21_slope=↑
2026-07-31 08:30:18 DEBUG    app.services.strategy_ema  [S2-exit] Hard stop suppressed — 9.8 min into trade (min_hold=10)
2026-07-31 08:30:18 INFO     app.services.scheduler  [vol-ceiling][AMZN] Symbol too hot — true range 526% of its own ATR(14) (max 250%) — post-event whip risk, blocking entry
2026-07-31 08:30:18 INFO     app.services.scheduler  [vol-ceiling][AAPL] Symbol too hot — true range 409% of its own ATR(14) (max 250%) — post-event whip risk, blocking entry
2026-07-31 08:30:18 INFO     app.services.strategy_ema  [S2-5m-filter][NVDA] CALL blocked — EMA9=196.7738 EMA21=196.7869 close=195.6200 VWAP=197.5445 EMA9_slope=↓ EMA21_slope=↓
2026-07-31 08:30:18 INFO     app.services.scheduler  [S2][NVDA] PUT entries disabled (s2_puts_enabled=0) — skip
2026-07-31 08:30:18 INFO     app.services.strategy  [NVDA] [L1] CALL rejected — price 195.62 is BELOW VWAP 197.54 (wrong side for bullish bounce)
2026-07-31 08:30:19 INFO     app.services.strategy_ema  [S2-5m-filter][GOOGL] CALL blocked — EMA9=349.7059 EMA21=347.4097 close=348.8550 VWAP=346.9173 EMA9_slope=↓ EMA21_slope=↑
2026-07-31 08:30:19 INFO     app.services.strategy  [GOOGL] [L1] Signal: CALL  price=348.74  vwap=347.01  distance=0.498%  trend=bullish
2026-07-31 08:30:19 INFO     app.services.strategy  [L2] Directional bounce NOT confirmed for CALL — closes not rising. Last closes: [348.86]
2026-07-31 08:30:20 INFO     app.services.strategy_ema  [S2-5m-filter][INTC] CALL blocked — EMA9=92.6221 EMA21=92.8052 close=91.9350 VWAP=94.0076 EMA9_slope=↓ EMA21_slope=↓
2026-07-31 08:30:20 INFO     app.services.scheduler  [S2][INTC] PUT entries disabled (s2_puts_enabled=0) — skip
2026-07-31 08:30:20 INFO     app.services.strategy  [INTC] [L1] EMA trend 'bearish' not yet confirmed for 2 consecutive bars — skipping
2026-07-31 08:30:21 INFO     app.services.scheduler  [vol-ceiling][AAPL] Symbol too hot — true range 409% of its own ATR(14) (max 250%) — post-event whip risk, blocking entry
2026-07-31 08:30:22 INFO     app.services.scheduler  [vol-ceiling][AMZN] Symbol too hot — true range 526% of its own ATR(14) (max 250%) — post-event whip risk, blocking entry
2026-07-31 08:30:22 INFO     app.services.strategy  [PLTR] [L1] PUT entries disabled (s1_puts_enabled=0) — skip
2026-07-31 08:30:23 INFO     app.services.strategy  [SHOP] [L1] PUT entries disabled (s1_puts_enabled=0) — skip
2026-07-31 08:30:23 INFO     app.services.strategy_ema  [S2-5m-filter][NFLX] CALL blocked — EMA9=71.5893 EMA21=71.7281 close=71.6450 VWAP=71.7558 EMA9_slope=↑ EMA21_slope=↓
2026-07-31 08:30:24 INFO     app.services.strategy  [NFLX] [L1] PUT entries disabled (s1_puts_enabled=0) — skip
2026-07-31 08:30:24 INFO     app.services.strategy_ema  [S2-5m-filter][NOW] CALL blocked — EMA9=109.6016 EMA21=109.7285 close=109.7200 VWAP=109.9418 EMA9_slope=↑ EMA21_slope=↓
2026-07-31 08:30:24 INFO     app.services.strategy  [NOW] [L1] PUT entries disabled (s1_puts_enabled=0) — skip
2026-07-31 08:30:24 INFO     app.services.strategy_ema  [S2-5m-filter][PLTR] CALL blocked — EMA9=120.4073 EMA21=120.7607 close=120.3750 VWAP=121.2044 EMA9_slope=↓ EMA21_slope=↓
2026-07-31 08:30:24 INFO     app.services.scheduler  [S2][PLTR] PUT entries disabled (s2_puts_enabled=0) — skip
2026-07-31 08:30:24 INFO     app.services.strategy_ema  [S2-5m-filter][SHOP] CALL blocked — EMA9=116.5447 EMA21=117.8302 close=115.4700 VWAP=118.7573 EMA9_slope=↓ EMA21_slope=↓
2026-07-31 08:30:24 INFO     app.services.scheduler  [S2][SHOP] PUT entries disabled (s2_puts_enabled=0) — skip
2026-07-31 08:30:25 INFO     app.services.scheduler  [energy-gate][UBER] Symbol not in play — true range 38% of its own ATR(14) (min 50%) — blocking entry
2026-07-31 08:30:25 INFO     app.services.strategy  [IWM] [L1] PUT entries disabled (s1_puts_enabled=0) — skip
2026-07-31 08:30:25 INFO     app.services.strategy  [UBER] [L1] EMA trend 'bearish' not yet confirmed for 2 consecutive bars — skipping
2026-07-31 08:30:26 INFO     app.services.strategy  [CRM] [L1] CALL rejected — price 181.48 is only 0.374% from VWAP 180.80 (min clearance 0.40% — AT RISK, no directional conviction)
2026-07-31 08:30:26 INFO     app.services.strategy_ema  [S2-5m-filter][FIG] CALL blocked — EMA9=23.9897 EMA21=24.0144 close=23.9050 VWAP=24.1839 EMA9_slope=↓ EMA21_slope=↓
2026-07-31 08:30:26 INFO     app.services.scheduler  [S2][FIG] PUT entries disabled (s2_puts_enabled=0) — skip
2026-07-31 08:30:26 INFO     app.services.strategy_ema  [S2-5m-filter][FISV] CALL blocked — EMA9=52.9766 EMA21=53.1084 close=52.9150 VWAP=53.1425 EMA9_slope=↓ EMA21_slope=↓
2026-07-31 08:30:26 INFO     app.services.scheduler  [S2][FISV] PUT entries disabled (s2_puts_enabled=0) — skip
2026-07-31 08:30:27 INFO     app.services.scheduler  [vol-ceiling][COIN] Symbol too hot — true range 270% of its own ATR(14) (max 250%) — post-event whip risk, blocking entry
2026-07-31 08:30:27 INFO     app.services.scheduler  [vol-ceiling][COIN] Symbol too hot — true range 270% of its own ATR(14) (max 250%) — post-event whip risk, blocking entry
2026-07-31 08:30:27 INFO     app.services.strategy_ema  [S2-5m-filter][QCOM] CALL blocked — EMA9=148.1683 EMA21=148.6593 close=147.5400 VWAP=148.7808 EMA9_slope=↓ EMA21_slope=↓
2026-07-31 08:30:27 INFO     app.services.scheduler  [S2][QCOM] PUT entries disabled (s2_puts_enabled=0) — skip
2026-07-31 08:30:27 INFO     app.services.strategy  [FISV] [L1] PUT entries disabled (s1_puts_enabled=0) — skip
2026-07-31 08:30:27 INFO     app.services.strategy  [QCOM] [L1] PUT entries disabled (s1_puts_enabled=0) — skip
2026-07-31 08:30:27 INFO     app.services.strategy_ema  [S2-5m-filter][META] CALL blocked — EMA9=546.2269 EMA21=546.0527 close=540.8800 VWAP=548.8173 EMA9_slope=↓ EMA21_slope=↓
2026-07-31 08:30:28 DEBUG    app.services.strategy_ema  [S2-5m-filter][MSFT] CALL OK — EMA9=455.6926 > EMA21=455.6743 close=457.8250 > VWAP=457.0392 slopes both↑
2026-07-31 08:30:28 DEBUG    app.services.strategy_ema  [S2-freshness][MSFT] CALL cross 0 bars old — within 40-bar window ✓
2026-07-31 08:30:28 INFO     app.services.strategy_ema  [S2-5m-filter][TSLA] CALL blocked — EMA9=306.9449 EMA21=307.0141 close=305.7650 VWAP=307.2391 EMA9_slope=↓ EMA21_slope=↓
2026-07-31 08:30:28 INFO     app.services.scheduler  [S2][TSLA] PUT entries disabled (s2_puts_enabled=0) — skip
2026-07-31 08:30:28 DEBUG    app.services.strategy_ema  [S2-pullback][MSFT] CALL — no pullback: pullback-bar low=457.6900 close=458.3400 EMA9=455.6926 (need low≤EMA9 or close within 0.4557)
2026-07-31 08:30:28 INFO     app.services.strategy  [MSFT] [L1] CALL rejected — price 457.55 is only 0.176% from VWAP 456.75 (min clearance 0.40% — AT RISK, no directional conviction)
2026-07-31 08:30:28 INFO     app.services.strategy  [META] [L1] EMA trend 'bearish' not yet confirmed for 2 consecutive bars — skipping
2026-07-31 08:30:30 INFO     app.services.strategy  [TSLA] [L1] EMA trend 'bearish' not yet confirmed for 2 consecutive bars — skipping
2026-07-31 08:30:47 INFO     app.services.scheduler  [vol-ceiling][AAPL] Symbol too hot — true range 409% of its own ATR(14) (max 250%) — post-event whip risk, blocking entry
2026-07-31 08:30:47 INFO     app.services.scheduler  [S2][NVDA] PUT entries disabled (s2_puts_enabled=0) — skip
2026-07-31 08:30:47 INFO     app.services.scheduler  [vol-ceiling][AMZN] Symbol too hot — true range 526% of its own ATR(14) (max 250%) — post-event whip risk, blocking entry
2026-07-31 08:30:48 INFO     app.services.scheduler  [S2][PLTR] PUT entries disabled (s2_puts_enabled=0) — skip
2026-07-31 08:30:48 INFO     app.services.scheduler  [S2][SHOP] PUT entries disabled (s2_puts_enabled=0) — skip
2026-07-31 08:30:48 INFO     app.services.scheduler  [energy-gate][UBER] Symbol not in play — true range 38% of its own ATR(14) (min 50%) — blocking entry
2026-07-31 08:30:48 INFO     app.services.scheduler  [vol-ceiling][COIN] Symbol too hot — true range 270% of its own ATR(14) (max 250%) — post-event whip risk, blocking entry
2026-07-31 08:30:48 INFO     app.services.scheduler  [S2][FIG] PUT entries disabled (s2_puts_enabled=0) — skip
2026-07-31 08:30:48 INFO     app.services.scheduler  [S2][FISV] PUT entries disabled (s2_puts_enabled=0) — skip
2026-07-31 08:30:48 INFO     app.services.scheduler  [S2][QCOM] PUT entries disabled (s2_puts_enabled=0) — skip
2026-07-31 08:30:48 INFO     app.services.scheduler  [S2][TSLA] PUT entries disabled (s2_puts_enabled=0) — skip
2026-07-31 08:30:48 DEBUG    app.services.strategy_ema  [S2-freshness][MSFT] CALL cross 0 bars old — within 40-bar window ✓
2026-07-31 08:30:48 DEBUG    app.services.strategy_ema  [S2-pullback][MSFT] CALL — no pullback: pullback-bar low=457.6900 close=458.3400 EMA9=455.6926 (need low≤EMA9 or close within 0.4557)
2026-07-31 08:30:48 INFO     app.services.scheduler  [S2][INTC] PUT entries disabled (s2_puts_enabled=0) — skip
2026-07-31 08:31:17 INFO     app.services.scheduler  [Primary] [adaptive-band] QQQ → band=0.80% (normal (adaptive off)) | regime=BEARISH
2026-07-31 08:31:17 INFO     app.services.scheduler  [vol-ceiling][AAPL] Symbol too hot — true range 409% of its own ATR(14) (max 250%) — post-event whip risk, blocking entry
2026-07-31 08:31:18 INFO     app.services.scheduler  [vol-ceiling][AMZN] Symbol too hot — true range 526% of its own ATR(14) (max 250%) — post-event whip risk, blocking entry
2026-07-31 08:31:18 INFO     app.services.scheduler  [vol-ceiling][AAPL] Symbol too hot — true range 409% of its own ATR(14) (max 250%) — post-event whip risk, blocking entry
2026-07-31 08:31:18 INFO     app.services.scheduler  [S2][NVDA] PUT entries disabled (s2_puts_enabled=0) — skip
2026-07-31 08:31:18 INFO     app.services.strategy  [NVDA] [L1] CALL rejected — price 195.90 is BELOW VWAP 197.53 (wrong side for bullish bounce)
2026-07-31 08:31:18 INFO     app.services.scheduler  [vol-ceiling][AMZN] Symbol too hot — true range 526% of its own ATR(14) (max 250%) — post-event whip risk, blocking entry
2026-07-31 08:31:19 INFO     app.services.strategy  [PLTR] [L1] PUT entries disabled (s1_puts_enabled=0) — skip
2026-07-31 08:31:20 INFO     app.services.scheduler  [S2][PLTR] PUT entries disabled (s2_puts_enabled=0) — skip
2026-07-31 08:31:20 INFO     app.services.strategy  [GOOGL] [L1] Signal: CALL  price=348.76  vwap=347.01  distance=0.503%  trend=bullish
2026-07-31 08:31:20 INFO     app.services.strategy  [L2] Directional bounce NOT confirmed for CALL — closes not rising. Last closes: [348.68]
2026-07-31 08:31:20 INFO     app.services.strategy  [INTC] [L1] EMA trend 'bearish' not yet confirmed for 2 consecutive bars — skipping
2026-07-31 08:31:20 INFO     app.services.scheduler  [S2][INTC] PUT entries disabled (s2_puts_enabled=0) — skip
2026-07-31 08:31:21 INFO     app.services.scheduler  [S2][SHOP] PUT entries disabled (s2_puts_enabled=0) — skip
2026-07-31 08:31:21 INFO     app.services.strategy  [NOW] [L1] PUT entries disabled (s1_puts_enabled=0) — skip
2026-07-31 08:31:21 INFO     app.services.strategy  [SHOP] [L1] PUT entries disabled (s1_puts_enabled=0) — skip
2026-07-31 08:31:21 INFO     app.services.scheduler  [energy-gate][UBER] Symbol not in play — true range 38% of its own ATR(14) (min 50%) — blocking entry
2026-07-31 08:31:21 INFO     app.services.strategy  [NFLX] [L1] PUT entries disabled (s1_puts_enabled=0) — skip
2026-07-31 08:31:22 INFO     app.services.strategy  [UBER] [L1] EMA trend 'bearish' not yet confirmed for 2 consecutive bars — skipping
2026-07-31 08:31:22 INFO     app.services.strategy  [IWM] [L1] PUT entries disabled (s1_puts_enabled=0) — skip
2026-07-31 08:31:22 INFO     app.services.scheduler  [vol-ceiling][COIN] Symbol too hot — true range 270% of its own ATR(14) (max 250%) — post-event whip risk, blocking entry
2026-07-31 08:31:22 INFO     app.services.strategy  [CRM] [L1] CALL rejected — price 181.51 is only 0.389% from VWAP 180.81 (min clearance 0.40% — AT RISK, no directional conviction)
2026-07-31 08:31:23 INFO     app.services.scheduler  [S2][FISV] PUT entries disabled (s2_puts_enabled=0) — skip
2026-07-31 08:31:24 INFO     app.services.scheduler  [vol-ceiling][COIN] Symbol too hot — true range 270% of its own ATR(14) (max 250%) — post-event whip risk, blocking entry
2026-07-31 08:31:24 INFO     app.services.scheduler  [S2][FIG] PUT entries disabled (s2_puts_enabled=0) — skip
2026-07-31 08:31:24 INFO     app.services.scheduler  [S2][QCOM] PUT entries disabled (s2_puts_enabled=0) — skip
2026-07-31 08:31:24 INFO     app.services.strategy  [FISV] [L1] PUT entries disabled (s1_puts_enabled=0) — skip
2026-07-31 08:31:24 INFO     app.services.strategy  [QCOM] [L1] PUT entries disabled (s1_puts_enabled=0) — skip
2026-07-31 08:31:25 INFO     app.services.strategy  [TSLA] [L1] EMA trend 'bearish' not yet confirmed for 2 consecutive bars — skipping
2026-07-31 08:31:25 INFO     app.services.strategy  [META] [L1] EMA trend 'bearish' not yet confirmed for 2 consecutive bars — skipping
2026-07-31 08:31:25 INFO     app.services.scheduler  [S2][TSLA] PUT entries disabled (s2_puts_enabled=0) — skip
2026-07-31 08:31:25 DEBUG    app.services.strategy_ema  [S2-freshness][MSFT] CALL cross 0 bars old — within 40-bar window ✓
2026-07-31 08:31:26 INFO     app.services.strategy  [MSFT] [L1] CALL rejected — price 457.64 is only 0.196% from VWAP 456.75 (min clearance 0.40% — AT RISK, no directional conviction)
2026-07-31 08:31:26 DEBUG    app.services.strategy_ema  [S2-pullback][MSFT] CALL — no pullback: pullback-bar low=457.5950 close=457.8250 EMA9=455.6926 (need low≤EMA9 or close within 0.4557)
2026-07-31 08:31:47 INFO     app.services.scheduler  [S2][NVDA] PUT entries disabled (s2_puts_enabled=0) — skip
2026-07-31 08:31:48 INFO     app.services.scheduler  [vol-ceiling][AAPL] Symbol too hot — true range 409% of its own ATR(14) (max 250%) — post-event whip risk, blocking entry
2026-07-31 08:31:48 INFO     app.services.scheduler  [vol-ceiling][AMZN] Symbol too hot — true range 526% of its own ATR(14) (max 250%) — post-event whip risk, blocking entry
2026-07-31 08:31:48 INFO     app.services.scheduler  [S2][INTC] PUT entries disabled (s2_puts_enabled=0) — skip
2026-07-31 08:31:49 INFO     app.services.scheduler  [S2][PLTR] PUT entries disabled (s2_puts_enabled=0) — skip
2026-07-31 08:31:49 INFO     app.services.scheduler  [S2][SHOP] PUT entries disabled (s2_puts_enabled=0) — skip
2026-07-31 08:31:50 INFO     app.services.scheduler  [energy-gate][UBER] Symbol not in play — true range 38% of its own ATR(14) (min 50%) — blocking entry
2026-07-31 08:31:50 INFO     app.services.scheduler  [vol-ceiling][COIN] Symbol too hot — true range 270% of its own ATR(14) (max 250%) — post-event whip risk, blocking entry
2026-07-31 08:31:50 INFO     app.services.scheduler  [S2][FIG] PUT entries disabled (s2_puts_enabled=0) — skip
2026-07-31 08:31:50 INFO     app.services.scheduler  [S2][FISV] PUT entries disabled (s2_puts_enabled=0) — skip
2026-07-31 08:31:51 INFO     app.services.scheduler  [S2][TSLA] PUT entries disabled (s2_puts_enabled=0) — skip
2026-07-31 08:31:51 INFO     app.services.scheduler  [S2][QCOM] PUT entries disabled (s2_puts_enabled=0) — skip
2026-07-31 08:31:51 DEBUG    app.services.strategy_ema  [S2-freshness][MSFT] CALL cross 0 bars old — within 40-bar window ✓
2026-07-31 08:31:52 DEBUG    app.services.strategy_ema  [S2-pullback][MSFT] CALL — no pullback: pullback-bar low=457.5950 close=457.8250 EMA9=455.6926 (need low≤EMA9 or close within 0.4557)
2026-07-31 08:32:17 INFO     app.services.scheduler  [Primary] [adaptive-band] QQQ → band=0.80% (normal (adaptive off)) | regime=BEARISH
2026-07-31 08:32:17 INFO     app.services.scheduler  [vol-ceiling][AMZN] Symbol too hot — true range 526% of its own ATR(14) (max 250%) — post-event whip risk, blocking entry
2026-07-31 08:32:17 INFO     app.services.scheduler  [vol-ceiling][AAPL] Symbol too hot — true range 409% of its own ATR(14) (max 250%) — post-event whip risk, blocking entry
2026-07-31 08:32:18 INFO     app.services.scheduler  [vol-ceiling][AAPL] Symbol too hot — true range 409% of its own ATR(14) (max 250%) — post-event whip risk, blocking entry
2026-07-31 08:32:18 INFO     app.services.scheduler  [S2][NVDA] PUT entries disabled (s2_puts_enabled=0) — skip
2026-07-31 08:32:19 INFO     app.services.scheduler  [vol-ceiling][AMZN] Symbol too hot — true range 526% of its own ATR(14) (max 250%) — post-event whip risk, blocking entry
2026-07-31 08:32:19 INFO     app.services.strategy  [GOOGL] [L1] Signal: CALL  price=348.75  vwap=347.02  distance=0.499%  trend=bullish
2026-07-31 08:32:19 INFO     app.services.scheduler  [GOOGL] [L5] Regime gate: QQQ BEARISH (below VWAP) — blocking CALL
2026-07-31 08:32:19 INFO     app.services.scheduler  [S2][INTC] PUT entries disabled (s2_puts_enabled=0) — skip
2026-07-31 08:32:19 INFO     app.services.strategy  [NVDA] [L1] CALL rejected — price 195.50 is BELOW VWAP 197.52 (wrong side for bullish bounce)
2026-07-31 08:32:20 INFO     app.services.scheduler  [S2][PLTR] PUT entries disabled (s2_puts_enabled=0) — skip
2026-07-31 08:32:20 INFO     app.services.strategy  [PLTR] [L1] PUT entries disabled (s1_puts_enabled=0) — skip
2026-07-31 08:32:20 INFO     app.services.strategy  [INTC] [L1] EMA trend 'bearish' not yet confirmed for 2 consecutive bars — skipping
2026-07-31 08:32:21 INFO     app.services.strategy  [NOW] [L1] PUT entries disabled (s1_puts_enabled=0) — skip
2026-07-31 08:32:21 INFO     app.services.scheduler  [S2][SHOP] PUT entries disabled (s2_puts_enabled=0) — skip
2026-07-31 08:32:21 INFO     app.services.strategy  [NFLX] [L1] PUT entries disabled (s1_puts_enabled=0) — skip
2026-07-31 08:32:22 INFO     app.services.scheduler  [energy-gate][UBER] Symbol not in play — true range 38% of its own ATR(14) (min 50%) — blocking entry
2026-07-31 08:32:22 INFO     app.services.scheduler  [vol-ceiling][COIN] Symbol too hot — true range 270% of its own ATR(14) (max 250%) — post-event whip risk, blocking entry
2026-07-31 08:32:22 INFO     app.services.strategy  [SHOP] [L1] PUT entries disabled (s1_puts_enabled=0) — skip
2026-07-31 08:32:22 INFO     app.services.strategy  [IWM] [L1] PUT entries disabled (s1_puts_enabled=0) — skip
2026-07-31 08:32:22 INFO     app.services.strategy  [UBER] [L1] EMA trend 'bearish' not yet confirmed for 2 consecutive bars — skipping
2026-07-31 08:32:23 INFO     app.services.scheduler  [S2][FIG] PUT entries disabled (s2_puts_enabled=0) — skip
2026-07-31 08:32:23 INFO     app.services.scheduler  [vol-ceiling][COIN] Symbol too hot — true range 270% of its own ATR(14) (max 250%) — post-event whip risk, blocking entry
2026-07-31 08:32:23 INFO     app.services.strategy  [CRM] [L1] CALL rejected — price 181.47 is only 0.366% from VWAP 180.81 (min clearance 0.40% — AT RISK, no directional conviction)
2026-07-31 08:32:23 INFO     app.services.scheduler  [S2][QCOM] PUT entries disabled (s2_puts_enabled=0) — skip
2026-07-31 08:32:23 INFO     app.services.scheduler  [S2][FISV] PUT entries disabled (s2_puts_enabled=0) — skip
2026-07-31 08:32:24 INFO     app.services.scheduler  [S2][TSLA] PUT entries disabled (s2_puts_enabled=0) — skip
2026-07-31 08:32:24 INFO     app.services.strategy  [QCOM] [L1] PUT entries disabled (s1_puts_enabled=0) — skip
2026-07-31 08:32:24 INFO     app.services.strategy  [FISV] [L1] PUT entries disabled (s1_puts_enabled=0) — skip
2026-07-31 08:32:24 INFO     app.services.strategy  [TSLA] [L1] EMA trend 'bearish' not yet confirmed for 2 consecutive bars — skipping
2026-07-31 08:32:24 DEBUG    app.services.strategy_ema  [S2-freshness][MSFT] CALL cross 0 bars old — within 40-bar window ✓
2026-07-31 08:32:24 INFO     app.services.strategy  [MSFT] [L1] CALL rejected — price 458.01 is only 0.276% from VWAP 456.75 (min clearance 0.40% — AT RISK, no directional conviction)
2026-07-31 08:32:26 DEBUG    app.services.strategy_ema  [S2-pullback][MSFT] CALL — no pullback: pullback-bar low=457.1600 close=457.2300 EMA9=455.6926 (need low≤EMA9 or close within 0.4557)
2026-07-31 08:32:26 INFO     app.services.strategy  [META] [L1] EMA trend 'bearish' not yet confirmed for 2 consecutive bars — skipping
2026-07-31 08:32:47 INFO     app.services.scheduler  [S2][NVDA] PUT entries disabled (s2_puts_enabled=0) — skip
2026-07-31 08:32:47 INFO     app.services.scheduler  [vol-ceiling][AAPL] Symbol too hot — true range 409% of its own ATR(14) (max 250%) — post-event whip risk, blocking entry
2026-07-31 08:32:47 INFO     app.services.scheduler  [vol-ceiling][AMZN] Symbol too hot — true range 526% of its own ATR(14) (max 250%) — post-event whip risk, blocking entry
2026-07-31 08:32:48 INFO     app.services.scheduler  [S2][INTC] PUT entries disabled (s2_puts_enabled=0) — skip
2026-07-31 08:32:48 INFO     app.services.scheduler  [S2][PLTR] PUT entries disabled (s2_puts_enabled=0) — skip
2026-07-31 08:32:49 INFO     app.services.scheduler  [S2][SHOP] PUT entries disabled (s2_puts_enabled=0) — skip
2026-07-31 08:32:49 INFO     app.services.scheduler  [energy-gate][UBER] Symbol not in play — true range 38% of its own ATR(14) (min 50%) — blocking entry
2026-07-31 08:32:49 INFO     app.services.scheduler  [S2][FIG] PUT entries disabled (s2_puts_enabled=0) — skip
2026-07-31 08:32:49 INFO     app.services.scheduler  [vol-ceiling][COIN] Symbol too hot — true range 270% of its own ATR(14) (max 250%) — post-event whip risk, blocking entry
2026-07-31 08:32:50 INFO     app.services.scheduler  [S2][QCOM] PUT entries disabled (s2_puts_enabled=0) — skip
2026-07-31 08:32:50 INFO     app.services.scheduler  [S2][TSLA] PUT entries disabled (s2_puts_enabled=0) — skip
2026-07-31 08:32:50 INFO     app.services.scheduler  [S2][FISV] PUT entries disabled (s2_puts_enabled=0) — skip
2026-07-31 08:32:50 DEBUG    app.services.strategy_ema  [S2-freshness][MSFT] CALL cross 0 bars old — within 40-bar window ✓
2026-07-31 08:32:50 DEBUG    app.services.strategy_ema  [S2-pullback][MSFT] CALL — no pullback: pullback-bar low=457.1600 close=457.2300 EMA9=455.6926 (need low≤EMA9 or close within 0.4557)
2026-07-31 08:33:17 INFO     app.services.scheduler  [Primary] [adaptive-band] QQQ → band=0.80% (normal (adaptive off)) | regime=BEARISH
2026-07-31 08:33:18 INFO     app.services.scheduler  [S2][NVDA] PUT entries disabled (s2_puts_enabled=0) — skip
2026-07-31 08:33:18 INFO     app.services.scheduler  [vol-ceiling][AAPL] Symbol too hot — true range 409% of its own ATR(14) (max 250%) — post-event whip risk, blocking entry
2026-07-31 08:33:18 INFO     app.services.scheduler  [vol-ceiling][AAPL] Symbol too hot — true range 409% of its own ATR(14) (max 250%) — post-event whip risk, blocking entry
2026-07-31 08:33:18 INFO     app.services.scheduler  [vol-ceiling][AMZN] Symbol too hot — true range 526% of its own ATR(14) (max 250%) — post-event whip risk, blocking entry
2026-07-31 08:33:18 INFO     app.services.scheduler  [vol-ceiling][AMZN] Symbol too hot — true range 526% of its own ATR(14) (max 250%) — post-event whip risk, blocking entry
2026-07-31 08:33:19 INFO     app.services.strategy  [NVDA] [L1] CALL rejected — price 195.47 is BELOW VWAP 197.51 (wrong side for bullish bounce)
2026-07-31 08:33:19 INFO     app.services.scheduler  [S2][INTC] PUT entries disabled (s2_puts_enabled=0) — skip
2026-07-31 08:33:19 INFO     app.services.strategy  [GOOGL] [L1] Signal: CALL  price=348.87  vwap=347.02  distance=0.531%  trend=bullish
2026-07-31 08:33:19 INFO     app.services.scheduler  [GOOGL] [L5] Regime gate: QQQ BEARISH (below VWAP) — blocking CALL
2026-07-31 08:33:19 INFO     app.services.strategy  [INTC] [L1] EMA trend 'bearish' not yet confirmed for 2 consecutive bars — skipping
2026-07-31 08:33:19 INFO     app.services.scheduler  [S2][PLTR] PUT entries disabled (s2_puts_enabled=0) — skip
2026-07-31 08:33:20 INFO     app.services.strategy  [PLTR] [L1] PUT entries disabled (s1_puts_enabled=0) — skip
2026-07-31 08:33:20 INFO     app.services.strategy  [NOW] [L1] PUT entries disabled (s1_puts_enabled=0) — skip
2026-07-31 08:33:20 INFO     app.services.strategy  [NFLX] [L1] PUT entries disabled (s1_puts_enabled=0) — skip
2026-07-31 08:33:21 INFO     app.services.scheduler  [S2][SHOP] PUT entries disabled (s2_puts_enabled=0) — skip
2026-07-31 08:33:21 INFO     app.services.strategy  [SHOP] [L1] PUT entries disabled (s1_puts_enabled=0) — skip
2026-07-31 08:33:21 INFO     app.services.scheduler  [energy-gate][UBER] Symbol not in play — true range 38% of its own ATR(14) (min 50%) — blocking entry
2026-07-31 08:33:21 INFO     app.services.strategy  [IWM] [L1] PUT entries disabled (s1_puts_enabled=0) — skip
2026-07-31 08:33:22 INFO     app.services.scheduler  [vol-ceiling][COIN] Symbol too hot — true range 270% of its own ATR(14) (max 250%) — post-event whip risk, blocking entry
2026-07-31 08:33:22 INFO     app.services.strategy  [CRM] [L1] Signal: CALL  price=181.62  vwap=180.81  distance=0.445%  trend=bullish
2026-07-31 08:33:22 INFO     app.services.strategy  [L2] Directional bounce NOT confirmed for CALL — closes not rising. Last closes: [181.56]
2026-07-31 08:33:22 INFO     app.services.scheduler  [S2][FIG] PUT entries disabled (s2_puts_enabled=0) — skip
2026-07-31 08:33:22 INFO     app.services.strategy  [UBER] [L1] EMA trend 'bearish' not yet confirmed for 2 consecutive bars — skipping
2026-07-31 08:33:22 INFO     app.services.scheduler  [S2][FISV] PUT entries disabled (s2_puts_enabled=0) — skip
2026-07-31 08:33:23 INFO     app.services.scheduler  [vol-ceiling][COIN] Symbol too hot — true range 270% of its own ATR(14) (max 250%) — post-event whip risk, blocking entry
2026-07-31 08:33:23 INFO     app.services.scheduler  [S2][QCOM] PUT entries disabled (s2_puts_enabled=0) — skip
2026-07-31 08:33:23 INFO     app.services.strategy  [FISV] [L1] PUT entries disabled (s1_puts_enabled=0) — skip
2026-07-31 08:33:24 INFO     app.services.scheduler  [S2][TSLA] PUT entries disabled (s2_puts_enabled=0) — skip
2026-07-31 08:33:24 INFO     app.services.strategy  [QCOM] [L1] PUT entries disabled (s1_puts_enabled=0) — skip
2026-07-31 08:33:24 DEBUG    app.services.strategy_ema  [S2-freshness][MSFT] CALL cross 0 bars old — within 40-bar window ✓
2026-07-31 08:33:24 INFO     app.services.strategy  [TSLA] [L1] EMA trend 'bearish' not yet confirmed for 2 consecutive bars — skipping
2026-07-31 08:33:24 DEBUG    app.services.strategy_ema  [S2-pullback][MSFT] CALL — no pullback: pullback-bar low=457.0000 close=457.8490 EMA9=455.6926 (need low≤EMA9 or close within 0.4557)
2026-07-31 08:33:24 INFO     app.services.strategy  [MSFT] [L1] CALL rejected — price 457.76 is only 0.220% from VWAP 456.76 (min clearance 0.40% — AT RISK, no directional conviction)
2026-07-31 08:33:24 INFO     app.services.strategy  [META] [L1] EMA trend 'bearish' not yet confirmed for 2 consecutive bars — skipping
2026-07-31 08:33:47 INFO     app.services.scheduler  [vol-ceiling][AMZN] Symbol too hot — true range 526% of its own ATR(14) (max 250%) — post-event whip risk, blocking entry
2026-07-31 08:33:47 INFO     app.services.scheduler  [vol-ceiling][AAPL] Symbol too hot — true range 409% of its own ATR(14) (max 250%) — post-event whip risk, blocking entry
2026-07-31 08:33:47 INFO     app.services.scheduler  [S2][NVDA] PUT entries disabled (s2_puts_enabled=0) — skip
2026-07-31 08:33:48 INFO     app.services.scheduler  [S2][INTC] PUT entries disabled (s2_puts_enabled=0) — skip
2026-07-31 08:33:48 INFO     app.services.scheduler  [S2][PLTR] PUT entries disabled (s2_puts_enabled=0) — skip
2026-07-31 08:33:49 INFO     app.services.scheduler  [energy-gate][UBER] Symbol not in play — true range 38% of its own ATR(14) (min 50%) — blocking entry
2026-07-31 08:33:49 INFO     app.services.scheduler  [S2][SHOP] PUT entries disabled (s2_puts_enabled=0) — skip
2026-07-31 08:33:49 INFO     app.services.scheduler  [vol-ceiling][COIN] Symbol too hot — true range 270% of its own ATR(14) (max 250%) — post-event whip risk, blocking entry
2026-07-31 08:33:49 INFO     app.services.scheduler  [S2][FISV] PUT entries disabled (s2_puts_enabled=0) — skip
2026-07-31 08:33:50 INFO     app.services.scheduler  [S2][TSLA] PUT entries disabled (s2_puts_enabled=0) — skip
2026-07-31 08:33:50 INFO     app.services.scheduler  [S2][QCOM] PUT entries disabled (s2_puts_enabled=0) — skip
2026-07-31 08:33:50 INFO     app.services.scheduler  [S2][FIG] PUT entries disabled (s2_puts_enabled=0) — skip
2026-07-31 08:33:50 DEBUG    app.services.strategy_ema  [S2-freshness][MSFT] CALL cross 0 bars old — within 40-bar window ✓
2026-07-31 08:33:51 DEBUG    app.services.strategy_ema  [S2-pullback][MSFT] CALL — no pullback: pullback-bar low=457.0000 close=457.8490 EMA9=455.6926 (need low≤EMA9 or close within 0.4557)
2026-07-31 08:34:17 INFO     app.services.scheduler  [Primary] [adaptive-band] QQQ → band=0.80% (normal (adaptive off)) | regime=BEARISH
2026-07-31 08:34:17 INFO     app.services.scheduler  [vol-ceiling][AMZN] Symbol too hot — true range 526% of its own ATR(14) (max 250%) — post-event whip risk, blocking entry
2026-07-31 08:34:18 INFO     app.services.scheduler  [vol-ceiling][AAPL] Symbol too hot — true range 409% of its own ATR(14) (max 250%) — post-event whip risk, blocking entry
2026-07-31 08:34:18 INFO     app.services.scheduler  [S2][NVDA] PUT entries disabled (s2_puts_enabled=0) — skip
2026-07-31 08:34:18 INFO     app.services.scheduler  [vol-ceiling][AAPL] Symbol too hot — true range 409% of its own ATR(14) (max 250%) — post-event whip risk, blocking entry
2026-07-31 08:34:18 INFO     app.services.strategy  [NVDA] [L1] CALL rejected — price 195.32 is BELOW VWAP 197.50 (wrong side for bullish bounce)
2026-07-31 08:34:18 INFO     app.services.scheduler  [vol-ceiling][AMZN] Symbol too hot — true range 526% of its own ATR(14) (max 250%) — post-event whip risk, blocking entry
2026-07-31 08:34:19 INFO     app.services.strategy  [GOOGL] [L1] Signal: CALL  price=349.05  vwap=347.04  distance=0.581%  trend=bullish
2026-07-31 08:34:19 INFO     app.services.scheduler  [GOOGL] [L5] Regime gate: QQQ BEARISH (below VWAP) — blocking CALL
2026-07-31 08:34:19 INFO     app.services.scheduler  [S2][INTC] PUT entries disabled (s2_puts_enabled=0) — skip
2026-07-31 08:34:19 INFO     app.services.scheduler  [S2][PLTR] PUT entries disabled (s2_puts_enabled=0) — skip
2026-07-31 08:34:20 INFO     app.services.strategy  [PLTR] [L1] PUT entries disabled (s1_puts_enabled=0) — skip
2026-07-31 08:34:20 INFO     app.services.strategy  [INTC] [L1] EMA trend 'bearish' not yet confirmed for 2 consecutive bars — skipping
2026-07-31 08:34:20 INFO     app.services.strategy  [NOW] [L1] PUT entries disabled (s1_puts_enabled=0) — skip
2026-07-31 08:34:21 INFO     app.services.scheduler  [S2][SHOP] PUT entries disabled (s2_puts_enabled=0) — skip
2026-07-31 08:34:21 INFO     app.services.strategy  [NFLX] [L1] PUT entries disabled (s1_puts_enabled=0) — skip
2026-07-31 08:34:21 INFO     app.services.strategy  [SHOP] [L1] PUT entries disabled (s1_puts_enabled=0) — skip
2026-07-31 08:34:21 INFO     app.services.strategy  [IWM] [L1] PUT entries disabled (s1_puts_enabled=0) — skip
2026-07-31 08:34:22 INFO     app.services.scheduler  [vol-ceiling][COIN] Symbol too hot — true range 270% of its own ATR(14) (max 250%) — post-event whip risk, blocking entry
2026-07-31 08:34:22 INFO     app.services.scheduler  [energy-gate][UBER] Symbol not in play — true range 38% of its own ATR(14) (min 50%) — blocking entry
2026-07-31 08:34:22 INFO     app.services.strategy  [CRM] [L1] CALL rejected — price 181.42 is only 0.334% from VWAP 180.82 (min clearance 0.40% — AT RISK, no directional conviction)
2026-07-31 08:34:22 INFO     app.services.scheduler  [S2][FIG] PUT entries disabled (s2_puts_enabled=0) — skip
2026-07-31 08:34:23 INFO     app.services.strategy  [UBER] [L1] EMA trend 'bearish' not yet confirmed for 2 consecutive bars — skipping
2026-07-31 08:34:23 INFO     app.services.scheduler  [S2][FISV] PUT entries disabled (s2_puts_enabled=0) — skip
2026-07-31 08:34:23 INFO     app.services.scheduler  [S2][QCOM] PUT entries disabled (s2_puts_enabled=0) — skip
2026-07-31 08:34:23 INFO     app.services.scheduler  [vol-ceiling][COIN] Symbol too hot — true range 270% of its own ATR(14) (max 250%) — post-event whip risk, blocking entry
2026-07-31 08:34:23 INFO     app.services.strategy  [FISV] [L1] PUT entries disabled (s1_puts_enabled=0) — skip
2026-07-31 08:34:24 INFO     app.services.scheduler  [S2][TSLA] PUT entries disabled (s2_puts_enabled=0) — skip
2026-07-31 08:34:24 DEBUG    app.services.strategy_ema  [S2-freshness][MSFT] CALL cross 0 bars old — within 40-bar window ✓
2026-07-31 08:34:24 INFO     app.services.strategy  [QCOM] [L1] PUT entries disabled (s1_puts_enabled=0) — skip
2026-07-31 08:34:25 INFO     app.services.strategy  [TSLA] [L1] EMA trend 'bearish' not yet confirmed for 2 consecutive bars — skipping
2026-07-31 08:34:25 INFO     app.services.strategy  [MSFT] [L1] CALL rejected — price 457.23 is only 0.101% from VWAP 456.76 (min clearance 0.40% — AT RISK, no directional conviction)
2026-07-31 08:34:25 DEBUG    app.services.strategy_ema  [S2-pullback][MSFT] CALL — no pullback: pullback-bar low=457.6201 close=457.9740 EMA9=455.6926 (need low≤EMA9 or close within 0.4557)
2026-07-31 08:34:26 INFO     app.services.strategy  [META] [L1] EMA trend 'bearish' not yet confirmed for 2 consecutive bars — skipping
2026-07-31 08:34:47 INFO     app.services.scheduler  [S2][NVDA] PUT entries disabled (s2_puts_enabled=0) — skip
2026-07-31 08:34:47 INFO     app.services.scheduler  [vol-ceiling][AMZN] Symbol too hot — true range 526% of its own ATR(14) (max 250%) — post-event whip risk, blocking entry
2026-07-31 08:34:47 INFO     app.services.scheduler  [vol-ceiling][AAPL] Symbol too hot — true range 409% of its own ATR(14) (max 250%) — post-event whip risk, blocking entry
2026-07-31 08:34:48 INFO     app.services.scheduler  [S2][INTC] PUT entries disabled (s2_puts_enabled=0) — skip
2026-07-31 08:34:48 INFO     app.services.scheduler  [S2][PLTR] PUT entries disabled (s2_puts_enabled=0) — skip
2026-07-31 08:34:49 INFO     app.services.scheduler  [S2][SHOP] PUT entries disabled (s2_puts_enabled=0) — skip
2026-07-31 08:34:49 INFO     app.services.scheduler  [vol-ceiling][COIN] Symbol too hot — true range 270% of its own ATR(14) (max 250%) — post-event whip risk, blocking entry
2026-07-31 08:34:49 INFO     app.services.scheduler  [energy-gate][UBER] Symbol not in play — true range 38% of its own ATR(14) (min 50%) — blocking entry
2026-07-31 08:34:49 INFO     app.services.scheduler  [S2][FISV] PUT entries disabled (s2_puts_enabled=0) — skip
2026-07-31 08:34:50 INFO     app.services.scheduler  [S2][FIG] PUT entries disabled (s2_puts_enabled=0) — skip
2026-07-31 08:34:50 INFO     app.services.scheduler  [S2][QCOM] PUT entries disabled (s2_puts_enabled=0) — skip
2026-07-31 08:34:50 DEBUG    app.services.strategy_ema  [S2-freshness][MSFT] CALL cross 0 bars old — within 40-bar window ✓
2026-07-31 08:34:50 INFO     app.services.scheduler  [S2][TSLA] PUT entries disabled (s2_puts_enabled=0) — skip
2026-07-31 08:34:50 DEBUG    app.services.strategy_ema  [S2-pullback][MSFT] CALL — no pullback: pullback-bar low=457.6201 close=457.9740 EMA9=455.6926 (need low≤EMA9 or close within 0.4557)
2026-07-31 08:35:17 INFO     app.services.scheduler  [Primary] [adaptive-band] QQQ → band=0.80% (normal (adaptive off)) | regime=BEARISH
2026-07-31 08:35:17 INFO     app.services.scheduler  [vol-ceiling][AAPL] Symbol too hot — true range 409% of its own ATR(14) (max 250%) — post-event whip risk, blocking entry
2026-07-31 08:35:17 INFO     app.services.strategy_ema  [S2-5m-filter][WMT] PUT blocked — EMA9=111.3825 EMA21=111.2951 close=111.5300 VWAP=111.1129 EMA9_slope=↑ EMA21_slope=↑
2026-07-31 08:35:17 INFO     app.services.scheduler  [vol-ceiling][AMZN] Symbol too hot — true range 526% of its own ATR(14) (max 250%) — post-event whip risk, blocking entry
2026-07-31 08:35:18 INFO     app.services.strategy  [NVDA] [L1] CALL rejected — price 195.95 is BELOW VWAP 197.49 (wrong side for bullish bounce)
2026-07-31 08:35:18 INFO     app.services.strategy_ema  [S2-5m-filter][NVDA] CALL blocked — EMA9=196.5830 EMA21=196.6990 close=195.8200 VWAP=197.4990 EMA9_slope=↓ EMA21_slope=↓
2026-07-31 08:35:18 INFO     app.services.scheduler  [S2][NVDA] PUT entries disabled (s2_puts_enabled=0) — skip
2026-07-31 08:35:19 INFO     app.services.scheduler  [vol-ceiling][AAPL] Symbol too hot — true range 409% of its own ATR(14) (max 250%) — post-event whip risk, blocking entry
2026-07-31 08:35:19 INFO     app.services.strategy_ema  [S2-5m-filter][INTC] CALL blocked — EMA9=92.5117 EMA21=92.7384 close=92.0700 VWAP=93.9590 EMA9_slope=↓ EMA21_slope=↓
2026-07-31 08:35:19 INFO     app.services.scheduler  [S2][INTC] PUT entries disabled (s2_puts_enabled=0) — skip
2026-07-31 08:35:19 INFO     app.services.strategy_ema  [S2-5m-filter][GOOGL] CALL blocked — EMA9=349.6537 EMA21=347.5947 close=349.4450 VWAP=346.9583 EMA9_slope=↓ EMA21_slope=↑
2026-07-31 08:35:19 INFO     app.services.scheduler  [vol-ceiling][AMZN] Symbol too hot — true range 526% of its own ATR(14) (max 250%) — post-event whip risk, blocking entry
2026-07-31 08:35:20 INFO     app.services.strategy_ema  [S2-5m-filter][PLTR] CALL blocked — EMA9=120.3849 EMA21=120.7184 close=120.2950 VWAP=121.1943 EMA9_slope=↓ EMA21_slope=↓
2026-07-31 08:35:20 INFO     app.services.scheduler  [S2][PLTR] PUT entries disabled (s2_puts_enabled=0) — skip
2026-07-31 08:35:20 INFO     app.services.strategy  [GOOGL] [L1] Signal: CALL  price=349.57  vwap=347.04  distance=0.728%  trend=bullish
2026-07-31 08:35:20 INFO     app.services.scheduler  [GOOGL] [L5] Regime gate: QQQ BEARISH (below VWAP) — blocking CALL
2026-07-31 08:35:20 INFO     app.services.strategy_ema  [S2-5m-filter][NOW] CALL blocked — EMA9=109.6353 EMA21=109.7323 close=109.7700 VWAP=109.9398 EMA9_slope=↑ EMA21_slope=↑
2026-07-31 08:35:20 INFO     app.services.strategy  [INTC] [L1] EMA trend 'bearish' not yet confirmed for 2 consecutive bars — skipping
2026-07-31 08:35:20 INFO     app.services.strategy_ema  [S2-5m-filter][NFLX] CALL blocked — EMA9=71.5674 EMA21=71.7055 close=71.4800 VWAP=71.7486 EMA9_slope=↓ EMA21_slope=↓
2026-07-31 08:35:20 INFO     app.services.scheduler  [S2][NFLX] PUT entries disabled (s2_puts_enabled=0) — skip
2026-07-31 08:35:21 INFO     app.services.strategy  [NOW] [L1] PUT entries disabled (s1_puts_enabled=0) — skip
2026-07-31 08:35:21 INFO     app.services.strategy_ema  [S2-5m-filter][SHOP] CALL blocked — EMA9=116.3568 EMA21=117.6279 close=115.6050 VWAP=118.6229 EMA9_slope=↓ EMA21_slope=↓
2026-07-31 08:35:21 INFO     app.services.scheduler  [S2][SHOP] PUT entries disabled (s2_puts_enabled=0) — skip
2026-07-31 08:35:21 INFO     app.services.strategy  [NFLX] [L1] PUT entries disabled (s1_puts_enabled=0) — skip
2026-07-31 08:35:22 INFO     app.services.scheduler  [energy-gate][UBER] Symbol not in play — true range 38% of its own ATR(14) (min 50%) — blocking entry
2026-07-31 08:35:22 INFO     app.services.strategy  [PLTR] [L1] PUT entries disabled (s1_puts_enabled=0) — skip
2026-07-31 08:35:22 INFO     app.services.scheduler  [vol-ceiling][COIN] Symbol too hot — true range 270% of its own ATR(14) (max 250%) — post-event whip risk, blocking entry
2026-07-31 08:35:23 INFO     app.services.strategy  [SHOP] [L1] PUT entries disabled (s1_puts_enabled=0) — skip
2026-07-31 08:35:23 INFO     app.services.strategy  [IWM] [L1] PUT entries disabled (s1_puts_enabled=0) — skip
2026-07-31 08:35:23 INFO     app.services.strategy_ema  [S2-5m-filter][FIG] CALL blocked — EMA9=23.9758 EMA21=24.0058 close=23.9200 VWAP=24.1807 EMA9_slope=↓ EMA21_slope=↓
2026-07-31 08:35:23 INFO     app.services.scheduler  [S2][FIG] PUT entries disabled (s2_puts_enabled=0) — skip
2026-07-31 08:35:24 INFO     app.services.strategy  [CRM] [L1] CALL rejected — price 181.40 is only 0.321% from VWAP 180.82 (min clearance 0.40% — AT RISK, no directional conviction)
2026-07-31 08:35:24 INFO     app.services.strategy  [UBER] [L1] EMA trend 'bearish' not yet confirmed for 2 consecutive bars — skipping
2026-07-31 08:35:24 INFO     app.services.strategy_ema  [S2-5m-filter][FISV] CALL blocked — EMA9=52.9893 EMA21=53.1022 close=53.0400 VWAP=53.1398 EMA9_slope=↑ EMA21_slope=↓
2026-07-31 08:35:24 INFO     app.services.scheduler  [vol-ceiling][COIN] Symbol too hot — true range 270% of its own ATR(14) (max 250%) — post-event whip risk, blocking entry
2026-07-31 08:35:24 INFO     app.services.strategy_ema  [S2-5m-filter][QCOM] CALL blocked — EMA9=148.0887 EMA21=148.5784 close=147.7700 VWAP=148.7598 EMA9_slope=↓ EMA21_slope=↓
2026-07-31 08:35:24 INFO     app.services.scheduler  [S2][QCOM] PUT entries disabled (s2_puts_enabled=0) — skip
2026-07-31 08:35:25 INFO     app.services.strategy_ema  [S2-5m-filter][MSFT] CALL blocked — EMA9=455.9261 EMA21=455.7821 close=456.8600 VWAP=457.0453 EMA9_slope=↑ EMA21_slope=↑
2026-07-31 08:35:25 INFO     app.services.strategy  [TSLA] [L1] EMA trend 'bearish' not yet confirmed for 2 consecutive bars — skipping
2026-07-31 08:35:25 INFO     app.services.strategy  [QCOM] [L1] PUT entries disabled (s1_puts_enabled=0) — skip
2026-07-31 08:35:25 INFO     app.services.strategy  [FISV] [L1] PUT entries disabled (s1_puts_enabled=0) — skip
2026-07-31 08:35:26 INFO     app.services.strategy  [MSFT] [L1] CALL rejected — price 456.80 is only 0.008% from VWAP 456.76 (min clearance 0.40% — AT RISK, no directional conviction)
2026-07-31 08:35:26 INFO     app.services.strategy_ema  [S2-5m-filter][META] CALL blocked — EMA9=545.8405 EMA21=545.8929 close=544.2950 VWAP=548.6299 EMA9_slope=↓ EMA21_slope=↓
2026-07-31 08:35:26 INFO     app.services.scheduler  [S2][META] PUT entries disabled (s2_puts_enabled=0) — skip
2026-07-31 08:35:26 INFO     app.services.strategy_ema  [S2-5m-filter][TSLA] CALL blocked — EMA9=306.7179 EMA21=306.9046 close=305.8100 VWAP=307.2088 EMA9_slope=↓ EMA21_slope=↓
2026-07-31 08:35:26 INFO     app.services.scheduler  [S2][TSLA] PUT entries disabled (s2_puts_enabled=0) — skip
2026-07-31 08:35:27 INFO     app.services.strategy  [META] [L1] EMA trend 'bearish' not yet confirmed for 2 consecutive bars — skipping
2026-07-31 08:35:47 INFO     app.services.scheduler  [S2][NVDA] PUT entries disabled (s2_puts_enabled=0) — skip
2026-07-31 08:35:47 INFO     app.services.scheduler  [vol-ceiling][AMZN] Symbol too hot — true range 526% of its own ATR(14) (max 250%) — post-event whip risk, blocking entry
2026-07-31 08:35:47 INFO     app.services.scheduler  [vol-ceiling][AAPL] Symbol too hot — true range 409% of its own ATR(14) (max 250%) — post-event whip risk, blocking entry
2026-07-31 08:35:48 INFO     app.services.scheduler  [S2][INTC] PUT entries disabled (s2_puts_enabled=0) — skip
2026-07-31 08:35:48 INFO     app.services.scheduler  [S2][PLTR] PUT entries disabled (s2_puts_enabled=0) — skip
2026-07-31 08:35:48 INFO     app.services.scheduler  [S2][NFLX] PUT entries disabled (s2_puts_enabled=0) — skip
2026-07-31 08:35:48 INFO     app.services.scheduler  [S2][SHOP] PUT entries disabled (s2_puts_enabled=0) — skip
2026-07-31 08:35:49 INFO     app.services.scheduler  [energy-gate][UBER] Symbol not in play — true range 38% of its own ATR(14) (min 50%) — blocking entry
2026-07-31 08:35:49 INFO     app.services.scheduler  [S2][FIG] PUT entries disabled (s2_puts_enabled=0) — skip
2026-07-31 08:35:49 INFO     app.services.scheduler  [vol-ceiling][COIN] Symbol too hot — true range 270% of its own ATR(14) (max 250%) — post-event whip risk, blocking entry
2026-07-31 08:35:49 INFO     app.services.scheduler  [S2][QCOM] PUT entries disabled (s2_puts_enabled=0) — skip
2026-07-31 08:35:49 INFO     app.services.scheduler  [S2][TSLA] PUT entries disabled (s2_puts_enabled=0) — skip
2026-07-31 08:35:49 INFO     app.services.scheduler  [S2][META] PUT entries disabled (s2_puts_enabled=0) — skip
2026-07-31 08:36:17 INFO     app.services.scheduler  [Primary] [adaptive-band] QQQ → band=0.80% (normal (adaptive off)) | regime=BEARISH
2026-07-31 08:36:17 INFO     app.services.scheduler  [vol-ceiling][AAPL] Symbol too hot — true range 409% of its own ATR(14) (max 250%) — post-event whip risk, blocking entry
2026-07-31 08:36:18 INFO     app.services.scheduler  [vol-ceiling][AAPL] Symbol too hot — true range 409% of its own ATR(14) (max 250%) — post-event whip risk, blocking entry
2026-07-31 08:36:18 INFO     app.services.scheduler  [S2][NVDA] PUT entries disabled (s2_puts_enabled=0) — skip
2026-07-31 08:36:18 INFO     app.services.scheduler  [vol-ceiling][AMZN] Symbol too hot — true range 526% of its own ATR(14) (max 250%) — post-event whip risk, blocking entry
2026-07-31 08:36:18 INFO     app.services.strategy  [NVDA] [L1] CALL rejected — price 196.06 is BELOW VWAP 197.48 (wrong side for bullish bounce)
2026-07-31 08:36:18 INFO     app.services.scheduler  [vol-ceiling][AMZN] Symbol too hot — true range 526% of its own ATR(14) (max 250%) — post-event whip risk, blocking entry
2026-07-31 08:36:19 INFO     app.services.scheduler  [S2][INTC] PUT entries disabled (s2_puts_enabled=0) — skip
2026-07-31 08:36:19 INFO     app.services.scheduler  [S2][PLTR] PUT entries disabled (s2_puts_enabled=0) — skip
2026-07-31 08:36:19 INFO     app.services.strategy  [GOOGL] [L1] Signal: CALL  price=349.71  vwap=347.05  distance=0.767%  trend=bullish
2026-07-31 08:36:19 INFO     app.services.strategy  [GOOGL] [L3] Momentum NOT confirmed for CALL — last bar close=349.48 open=349.50 prev_close=349.44 (green=False rising=True). Waiting for upward momentum.
2026-07-31 08:36:20 INFO     app.services.strategy  [INTC] [L1] EMA trend 'bearish' not yet confirmed for 2 consecutive bars — skipping
2026-07-31 08:36:20 INFO     app.services.scheduler  [S2][SHOP] PUT entries disabled (s2_puts_enabled=0) — skip
2026-07-31 08:36:20 INFO     app.services.strategy  [PLTR] [L1] PUT entries disabled (s1_puts_enabled=0) — skip
2026-07-31 08:36:20 INFO     app.services.scheduler  [S2][NFLX] PUT entries disabled (s2_puts_enabled=0) — skip
2026-07-31 08:36:20 INFO     app.services.strategy  [SHOP] [L1] PUT entries disabled (s1_puts_enabled=0) — skip
2026-07-31 08:36:21 INFO     app.services.strategy  [NFLX] [L1] PUT entries disabled (s1_puts_enabled=0) — skip
2026-07-31 08:36:21 INFO     app.services.strategy  [NOW] [L1] PUT entries disabled (s1_puts_enabled=0) — skip
2026-07-31 08:36:22 INFO     app.services.scheduler  [energy-gate][UBER] Symbol not in play — true range 38% of its own ATR(14) (min 50%) — blocking entry
2026-07-31 08:36:22 INFO     app.services.strategy  [IWM] [L1] PUT entries disabled (s1_puts_enabled=0) — skip
2026-07-31 08:36:22 INFO     app.services.scheduler  [vol-ceiling][COIN] Symbol too hot — true range 270% of its own ATR(14) (max 250%) — post-event whip risk, blocking entry
2026-07-31 08:36:22 INFO     app.services.scheduler  [S2][FIG] PUT entries disabled (s2_puts_enabled=0) — skip
2026-07-31 08:36:23 INFO     app.services.strategy  [CRM] [L1] CALL rejected — price 181.48 is only 0.364% from VWAP 180.82 (min clearance 0.40% — AT RISK, no directional conviction)
2026-07-31 08:36:23 INFO     app.services.strategy  [UBER] [L1] EMA trend 'bearish' not yet confirmed for 2 consecutive bars — skipping
2026-07-31 08:36:23 INFO     app.services.scheduler  [vol-ceiling][COIN] Symbol too hot — true range 270% of its own ATR(14) (max 250%) — post-event whip risk, blocking entry
2026-07-31 08:36:23 INFO     app.services.scheduler  [S2][QCOM] PUT entries disabled (s2_puts_enabled=0) — skip
2026-07-31 08:36:24 INFO     app.services.scheduler  [S2][TSLA] PUT entries disabled (s2_puts_enabled=0) — skip
2026-07-31 08:36:24 INFO     app.services.strategy  [FISV] [L1] PUT entries disabled (s1_puts_enabled=0) — skip
2026-07-31 08:36:24 INFO     app.services.strategy  [QCOM] [L1] PUT entries disabled (s1_puts_enabled=0) — skip
2026-07-31 08:36:25 INFO     app.services.strategy  [TSLA] [L1] EMA trend 'bearish' not yet confirmed for 2 consecutive bars — skipping
2026-07-31 08:36:25 INFO     app.services.strategy  [MSFT] [L1] CALL rejected — price 456.96 is only 0.044% from VWAP 456.76 (min clearance 0.40% — AT RISK, no directional conviction)
2026-07-31 08:36:25 INFO     app.services.strategy  [META] [L1] EMA trend 'bearish' not yet confirmed for 2 consecutive bars — skipping
2026-07-31 08:36:25 INFO     app.services.scheduler  [S2][META] PUT entries disabled (s2_puts_enabled=0) — skip
2026-07-31 08:36:47 INFO     app.services.scheduler  [S2][NVDA] PUT entries disabled (s2_puts_enabled=0) — skip
2026-07-31 08:36:47 INFO     app.services.scheduler  [vol-ceiling][AAPL] Symbol too hot — true range 409% of its own ATR(14) (max 250%) — post-event whip risk, blocking entry
2026-07-31 08:36:48 INFO     app.services.scheduler  [vol-ceiling][AMZN] Symbol too hot — true range 526% of its own ATR(14) (max 250%) — post-event whip risk, blocking entry
2026-07-31 08:36:48 INFO     app.services.scheduler  [S2][INTC] PUT entries disabled (s2_puts_enabled=0) — skip
2026-07-31 08:36:48 INFO     app.services.scheduler  [S2][PLTR] PUT entries disabled (s2_puts_enabled=0) — skip
2026-07-31 08:36:48 INFO     app.services.scheduler  [S2][NFLX] PUT entries disabled (s2_puts_enabled=0) — skip
2026-07-31 08:36:48 INFO     app.services.scheduler  [S2][SHOP] PUT entries disabled (s2_puts_enabled=0) — skip
2026-07-31 08:36:49 INFO     app.services.scheduler  [S2][FIG] PUT entries disabled (s2_puts_enabled=0) — skip
2026-07-31 08:36:49 INFO     app.services.scheduler  [energy-gate][UBER] Symbol not in play — true range 38% of its own ATR(14) (min 50%) — blocking entry
2026-07-31 08:36:49 INFO     app.services.scheduler  [S2][QCOM] PUT entries disabled (s2_puts_enabled=0) — skip
2026-07-31 08:36:49 INFO     app.services.scheduler  [vol-ceiling][COIN] Symbol too hot — true range 270% of its own ATR(14) (max 250%) — post-event whip risk, blocking entry
2026-07-31 08:36:49 INFO     app.services.scheduler  [S2][TSLA] PUT entries disabled (s2_puts_enabled=0) — skip
2026-07-31 08:36:50 INFO     app.services.scheduler  [S2][META] PUT entries disabled (s2_puts_enabled=0) — skip
2026-07-31 08:37:17 INFO     app.services.scheduler  [vol-ceiling][AAPL] Symbol too hot — true range 409% of its own ATR(14) (max 250%) — post-event whip risk, blocking entry
2026-07-31 08:37:17 INFO     app.services.scheduler  [vol-ceiling][AMZN] Symbol too hot — true range 526% of its own ATR(14) (max 250%) — post-event whip risk, blocking entry
2026-07-31 08:37:17 INFO     app.services.scheduler  [Primary] [adaptive-band] QQQ → band=0.80% (normal (adaptive off)) | regime=BEARISH
2026-07-31 08:37:18 INFO     app.services.scheduler  [vol-ceiling][AMZN] Symbol too hot — true range 526% of its own ATR(14) (max 250%) — post-event whip risk, blocking entry
2026-07-31 08:37:18 INFO     app.services.scheduler  [vol-ceiling][AAPL] Symbol too hot — true range 409% of its own ATR(14) (max 250%) — post-event whip risk, blocking entry
2026-07-31 08:37:18 INFO     app.services.scheduler  [S2][NVDA] PUT entries disabled (s2_puts_enabled=0) — skip
2026-07-31 08:37:19 INFO     app.services.strategy  [NVDA] [L1] CALL rejected — price 196.19 is BELOW VWAP 197.47 (wrong side for bullish bounce)
2026-07-31 08:37:19 INFO     app.services.scheduler  [S2][INTC] PUT entries disabled (s2_puts_enabled=0) — skip
2026-07-31 08:37:19 INFO     app.services.strategy  [INTC] [L1] EMA trend 'bearish' not yet confirmed for 2 consecutive bars — skipping
2026-07-31 08:37:19 INFO     app.services.strategy  [GOOGL] [L1] Signal: CALL  price=349.73  vwap=347.06  distance=0.768%  trend=bullish
2026-07-31 08:37:19 INFO     app.services.scheduler  [GOOGL] [L5] Regime gate: QQQ BEARISH (below VWAP) — blocking CALL
2026-07-31 08:37:20 INFO     app.services.scheduler  [S2][PLTR] PUT entries disabled (s2_puts_enabled=0) — skip
2026-07-31 08:37:20 INFO     app.services.strategy  [PLTR] [L1] PUT entries disabled (s1_puts_enabled=0) — skip
2026-07-31 08:37:20 INFO     app.services.scheduler  [S2][NFLX] PUT entries disabled (s2_puts_enabled=0) — skip
2026-07-31 08:37:21 INFO     app.services.strategy  [NFLX] [L1] PUT entries disabled (s1_puts_enabled=0) — skip
2026-07-31 08:37:21 INFO     app.services.strategy  [NOW] [L1] PUT entries disabled (s1_puts_enabled=0) — skip
2026-07-31 08:37:21 INFO     app.services.strategy  [SHOP] [L1] PUT entries disabled (s1_puts_enabled=0) — skip
2026-07-31 08:37:21 INFO     app.services.scheduler  [S2][SHOP] PUT entries disabled (s2_puts_enabled=0) — skip
2026-07-31 08:37:22 INFO     app.services.scheduler  [vol-ceiling][COIN] Symbol too hot — true range 270% of its own ATR(14) (max 250%) — post-event whip risk, blocking entry
2026-07-31 08:37:22 INFO     app.services.scheduler  [energy-gate][UBER] Symbol not in play — true range 38% of its own ATR(14) (min 50%) — blocking entry
2026-07-31 08:37:22 INFO     app.services.strategy  [IWM] [L1] PUT entries disabled (s1_puts_enabled=0) — skip
2026-07-31 08:37:22 INFO     app.services.strategy  [CRM] [L1] Signal: CALL  price=181.60  vwap=180.82  distance=0.429%  trend=bullish
2026-07-31 08:37:22 INFO     app.services.scheduler  [CRM] [L5] Regime gate: QQQ BEARISH (below VWAP) — blocking CALL
2026-07-31 08:37:22 INFO     app.services.scheduler  [vol-ceiling][COIN] Symbol too hot — true range 270% of its own ATR(14) (max 250%) — post-event whip risk, blocking entry
2026-07-31 08:37:23 INFO     app.services.scheduler  [S2][FIG] PUT entries disabled (s2_puts_enabled=0) — skip
2026-07-31 08:37:23 INFO     app.services.strategy  [UBER] [L1] EMA trend 'bearish' not yet confirmed for 2 consecutive bars — skipping
2026-07-31 08:37:23 INFO     app.services.strategy  [FISV] [L1] PUT entries disabled (s1_puts_enabled=0) — skip
2026-07-31 08:37:24 INFO     app.services.scheduler  [S2][QCOM] PUT entries disabled (s2_puts_enabled=0) — skip
2026-07-31 08:37:24 INFO     app.services.strategy  [QCOM] [L1] PUT entries disabled (s1_puts_enabled=0) — skip
2026-07-31 08:37:24 INFO     app.services.strategy  [TSLA] [L1] EMA trend 'bearish' not yet confirmed for 2 consecutive bars — skipping
2026-07-31 08:37:24 INFO     app.services.scheduler  [S2][TSLA] PUT entries disabled (s2_puts_enabled=0) — skip
2026-07-31 08:37:25 INFO     app.services.scheduler  [S2][META] PUT entries disabled (s2_puts_enabled=0) — skip
2026-07-31 08:37:25 INFO     app.services.strategy  [MSFT] [L1] CALL rejected — price 457.02 is only 0.056% from VWAP 456.77 (min clearance 0.40% — AT RISK, no directional conviction)
2026-07-31 08:37:25 INFO     app.services.strategy  [META] [L1] EMA trend 'bearish' not yet confirmed for 2 consecutive bars — skipping
2026-07-31 08:37:47 INFO     app.services.scheduler  [vol-ceiling][AMZN] Symbol too hot — true range 526% of its own ATR(14) (max 250%) — post-event whip risk, blocking entry
2026-07-31 08:37:47 INFO     app.services.scheduler  [S2][NVDA] PUT entries disabled (s2_puts_enabled=0) — skip
2026-07-31 08:37:47 INFO     app.services.scheduler  [vol-ceiling][AAPL] Symbol too hot — true range 409% of its own ATR(14) (max 250%) — post-event whip risk, blocking entry
2026-07-31 08:37:48 INFO     app.services.scheduler  [S2][PLTR] PUT entries disabled (s2_puts_enabled=0) — skip
2026-07-31 08:37:48 INFO     app.services.scheduler  [S2][INTC] PUT entries disabled (s2_puts_enabled=0) — skip
2026-07-31 08:37:48 INFO     app.services.scheduler  [S2][NFLX] PUT entries disabled (s2_puts_enabled=0) — skip
2026-07-31 08:37:48 INFO     app.services.scheduler  [S2][SHOP] PUT entries disabled (s2_puts_enabled=0) — skip
2026-07-31 08:37:49 INFO     app.services.scheduler  [vol-ceiling][COIN] Symbol too hot — true range 270% of its own ATR(14) (max 250%) — post-event whip risk, blocking entry
2026-07-31 08:37:49 INFO     app.services.scheduler  [energy-gate][UBER] Symbol not in play — true range 38% of its own ATR(14) (min 50%) — blocking entry
2026-07-31 08:37:49 INFO     app.services.scheduler  [S2][FIG] PUT entries disabled (s2_puts_enabled=0) — skip
2026-07-31 08:37:49 INFO     app.services.scheduler  [S2][QCOM] PUT entries disabled (s2_puts_enabled=0) — skip
2026-07-31 08:37:49 INFO     app.services.scheduler  [S2][TSLA] PUT entries disabled (s2_puts_enabled=0) — skip
2026-07-31 08:37:49 INFO     app.services.scheduler  [S2][META] PUT entries disabled (s2_puts_enabled=0) — skip
2026-07-31 08:38:17 INFO     app.services.scheduler  [Primary] [adaptive-band] QQQ → band=0.80% (normal (adaptive off)) | regime=BEARISH
2026-07-31 08:38:18 INFO     app.services.scheduler  [vol-ceiling][AAPL] Symbol too hot — true range 409% of its own ATR(14) (max 250%) — post-event whip risk, blocking entry
2026-07-31 08:38:18 INFO     app.services.scheduler  [S2][NVDA] PUT entries disabled (s2_puts_enabled=0) — skip
2026-07-31 08:38:18 INFO     app.services.scheduler  [vol-ceiling][AAPL] Symbol too hot — true range 409% of its own ATR(14) (max 250%) — post-event whip risk, blocking entry
2026-07-31 08:38:18 INFO     app.services.strategy  [NVDA] [L1] CALL rejected — price 196.43 is BELOW VWAP 197.47 (wrong side for bullish bounce)
2026-07-31 08:38:18 INFO     app.services.scheduler  [vol-ceiling][AMZN] Symbol too hot — true range 526% of its own ATR(14) (max 250%) — post-event whip risk, blocking entry
2026-07-31 08:38:19 INFO     app.services.scheduler  [vol-ceiling][AMZN] Symbol too hot — true range 526% of its own ATR(14) (max 250%) — post-event whip risk, blocking entry
2026-07-31 08:38:19 INFO     app.services.scheduler  [S2][INTC] PUT entries disabled (s2_puts_enabled=0) — skip
2026-07-31 08:38:19 INFO     app.services.scheduler  [S2][PLTR] PUT entries disabled (s2_puts_enabled=0) — skip
2026-07-31 08:38:19 INFO     app.services.strategy  [GOOGL] [L1] CALL rejected — price 350.07 is 0.863% from VWAP 347.08 (band=0.80% — waiting for pullback to VWAP)
2026-07-31 08:38:20 INFO     app.services.strategy  [INTC] [L1] EMA trend 'bearish' not yet confirmed for 2 consecutive bars — skipping
2026-07-31 08:38:20 INFO     app.services.strategy  [PLTR] [L1] PUT entries disabled (s1_puts_enabled=0) — skip
2026-07-31 08:38:20 INFO     app.services.scheduler  [S2][NFLX] PUT entries disabled (s2_puts_enabled=0) — skip
2026-07-31 08:38:21 INFO     app.services.scheduler  [S2][SHOP] PUT entries disabled (s2_puts_enabled=0) — skip
2026-07-31 08:38:21 INFO     app.services.strategy  [NOW] [L1] PUT entries disabled (s1_puts_enabled=0) — skip
2026-07-31 08:38:21 INFO     app.services.strategy  [NFLX] [L1] PUT entries disabled (s1_puts_enabled=0) — skip
2026-07-31 08:38:21 INFO     app.services.strategy  [SHOP] [L1] PUT entries disabled (s1_puts_enabled=0) — skip
2026-07-31 08:38:22 INFO     app.services.scheduler  [energy-gate][UBER] Symbol not in play — true range 38% of its own ATR(14) (min 50%) — blocking entry
2026-07-31 08:38:22 INFO     app.services.scheduler  [S2][FIG] PUT entries disabled (s2_puts_enabled=0) — skip
2026-07-31 08:38:22 INFO     app.services.strategy  [CRM] [L1] Signal: CALL  price=181.68  vwap=180.83  distance=0.472%  trend=bullish
2026-07-31 08:38:22 INFO     app.services.scheduler  [CRM] [L5] Regime gate: QQQ BEARISH (below VWAP) — blocking CALL
2026-07-31 08:38:22 INFO     app.services.scheduler  [vol-ceiling][COIN] Symbol too hot — true range 270% of its own ATR(14) (max 250%) — post-event whip risk, blocking entry
2026-07-31 08:38:23 INFO     app.services.strategy  [UBER] [L1] EMA trend 'bearish' not yet confirmed for 2 consecutive bars — skipping
2026-07-31 08:38:23 INFO     app.services.strategy  [IWM] [L1] PUT entries disabled (s1_puts_enabled=0) — skip
2026-07-31 08:38:24 INFO     app.services.scheduler  [S2][QCOM] PUT entries disabled (s2_puts_enabled=0) — skip
2026-07-31 08:38:24 INFO     app.services.scheduler  [vol-ceiling][COIN] Symbol too hot — true range 270% of its own ATR(14) (max 250%) — post-event whip risk, blocking entry
2026-07-31 08:38:24 INFO     app.services.strategy  [FISV] [L1] PUT entries disabled (s1_puts_enabled=0) — skip
2026-07-31 08:38:24 INFO     app.services.scheduler  [S2][TSLA] PUT entries disabled (s2_puts_enabled=0) — skip
2026-07-31 08:38:24 INFO     app.services.strategy  [QCOM] [L1] PUT entries disabled (s1_puts_enabled=0) — skip
2026-07-31 08:38:25 INFO     app.services.strategy  [MSFT] [L1] CALL rejected — price 457.51 is only 0.163% from VWAP 456.77 (min clearance 0.40% — AT RISK, no directional conviction)
2026-07-31 08:38:25 INFO     app.services.scheduler  [S2][META] PUT entries disabled (s2_puts_enabled=0) — skip
2026-07-31 08:38:25 INFO     app.services.strategy  [TSLA] [L1] EMA trend 'bearish' not yet confirmed for 2 consecutive bars — skipping
2026-07-31 08:38:26 INFO     app.services.strategy  [META] [L1] EMA trend 'bearish' not yet confirmed for 2 consecutive bars — skipping
2026-07-31 08:38:47 INFO     app.services.scheduler  [S2][NVDA] PUT entries disabled (s2_puts_enabled=0) — skip
2026-07-31 08:38:47 INFO     app.services.scheduler  [vol-ceiling][AMZN] Symbol too hot — true range 526% of its own ATR(14) (max 250%) — post-event whip risk, blocking entry
2026-07-31 08:38:47 INFO     app.services.scheduler  [vol-ceiling][AAPL] Symbol too hot — true range 409% of its own ATR(14) (max 250%) — post-event whip risk, blocking entry
2026-07-31 08:38:47 INFO     app.services.scheduler  [S2][INTC] PUT entries disabled (s2_puts_enabled=0) — skip
2026-07-31 08:38:47 INFO     app.services.scheduler  [S2][PLTR] PUT entries disabled (s2_puts_enabled=0) — skip
2026-07-31 08:38:48 INFO     app.services.scheduler  [S2][NFLX] PUT entries disabled (s2_puts_enabled=0) — skip
2026-07-31 08:38:48 INFO     app.services.scheduler  [S2][SHOP] PUT entries disabled (s2_puts_enabled=0) — skip
2026-07-31 08:38:48 INFO     app.services.scheduler  [energy-gate][UBER] Symbol not in play — true range 38% of its own ATR(14) (min 50%) — blocking entry
2026-07-31 08:38:48 INFO     app.services.scheduler  [S2][FIG] PUT entries disabled (s2_puts_enabled=0) — skip
2026-07-31 08:38:48 INFO     app.services.scheduler  [vol-ceiling][COIN] Symbol too hot — true range 270% of its own ATR(14) (max 250%) — post-event whip risk, blocking entry
2026-07-31 08:38:48 INFO     app.services.scheduler  [S2][TSLA] PUT entries disabled (s2_puts_enabled=0) — skip
2026-07-31 08:38:48 INFO     app.services.scheduler  [S2][META] PUT entries disabled (s2_puts_enabled=0) — skip
2026-07-31 08:38:49 INFO     app.services.scheduler  [S2][QCOM] PUT entries disabled (s2_puts_enabled=0) — skip
2026-07-31 08:39:17 INFO     app.services.scheduler  [Primary] [adaptive-band] QQQ → band=0.80% (normal (adaptive off)) | regime=BEARISH
2026-07-31 08:39:17 INFO     app.services.scheduler  [vol-ceiling][AAPL] Symbol too hot — true range 409% of its own ATR(14) (max 250%) — post-event whip risk, blocking entry
2026-07-31 08:39:17 INFO     app.services.scheduler  [S2][NVDA] PUT entries disabled (s2_puts_enabled=0) — skip
2026-07-31 08:39:18 INFO     app.services.strategy  [NVDA] [L1] CALL rejected — price 196.50 is BELOW VWAP 197.46 (wrong side for bullish bounce)
2026-07-31 08:39:18 INFO     app.services.scheduler  [vol-ceiling][AAPL] Symbol too hot — true range 409% of its own ATR(14) (max 250%) — post-event whip risk, blocking entry
2026-07-31 08:39:18 INFO     app.services.scheduler  [vol-ceiling][AMZN] Symbol too hot — true range 526% of its own ATR(14) (max 250%) — post-event whip risk, blocking entry
2026-07-31 08:39:18 INFO     app.services.scheduler  [vol-ceiling][AMZN] Symbol too hot — true range 526% of its own ATR(14) (max 250%) — post-event whip risk, blocking entry
2026-07-31 08:39:19 INFO     app.services.scheduler  [S2][INTC] PUT entries disabled (s2_puts_enabled=0) — skip
2026-07-31 08:39:19 INFO     app.services.strategy  [INTC] [L1] EMA trend 'bearish' not yet confirmed for 2 consecutive bars — skipping
2026-07-31 08:39:20 INFO     app.services.strategy  [GOOGL] [L1] CALL rejected — price 350.25 is 0.912% from VWAP 347.09 (band=0.80% — waiting for pullback to VWAP)
2026-07-31 08:39:20 INFO     app.services.scheduler  [S2][PLTR] PUT entries disabled (s2_puts_enabled=0) — skip
2026-07-31 08:39:20 INFO     app.services.strategy  [PLTR] [L1] PUT entries disabled (s1_puts_enabled=0) — skip
2026-07-31 08:39:20 INFO     app.services.scheduler  [S2][NFLX] PUT entries disabled (s2_puts_enabled=0) — skip
2026-07-31 08:39:22 INFO     app.services.strategy  [NFLX] [L1] PUT entries disabled (s1_puts_enabled=0) — skip
2026-07-31 08:39:22 INFO     app.services.scheduler  [S2][SHOP] PUT entries disabled (s2_puts_enabled=0) — skip
2026-07-31 08:39:22 INFO     app.services.strategy  [NOW] [L1] PUT entries disabled (s1_puts_enabled=0) — skip
2026-07-31 08:39:22 INFO     app.services.strategy  [SHOP] [L1] PUT entries disabled (s1_puts_enabled=0) — skip
2026-07-31 08:39:22 INFO     app.services.scheduler  [energy-gate][UBER] Symbol not in play — true range 38% of its own ATR(14) (min 50%) — blocking entry
2026-07-31 08:39:23 INFO     app.services.strategy  [IWM] [L1] PUT entries disabled (s1_puts_enabled=0) — skip
2026-07-31 08:39:23 INFO     app.services.scheduler  [vol-ceiling][COIN] Symbol too hot — true range 270% of its own ATR(14) (max 250%) — post-event whip risk, blocking entry
2026-07-31 08:39:23 INFO     app.services.strategy  [UBER] [L1] EMA trend 'bearish' not yet confirmed for 2 consecutive bars — skipping
2026-07-31 08:39:23 INFO     app.services.scheduler  [S2][FIG] PUT entries disabled (s2_puts_enabled=0) — skip
2026-07-31 08:39:24 INFO     app.services.strategy  [CRM] [L1] Signal: CALL  price=181.69  vwap=180.83  distance=0.476%  trend=bullish
2026-07-31 08:39:24 INFO     app.services.strategy  [L2] Directional bounce NOT confirmed for CALL — closes not rising. Last closes: [181.69]
2026-07-31 08:39:24 INFO     app.services.strategy  [FISV] [L1] PUT entries disabled (s1_puts_enabled=0) — skip
2026-07-31 08:39:25 INFO     app.services.scheduler  [vol-ceiling][COIN] Symbol too hot — true range 270% of its own ATR(14) (max 250%) — post-event whip risk, blocking entry
2026-07-31 08:39:25 INFO     app.services.scheduler  [S2][QCOM] PUT entries disabled (s2_puts_enabled=0) — skip
2026-07-31 08:39:25 INFO     app.services.strategy  [QCOM] [L1] PUT entries disabled (s1_puts_enabled=0) — skip
2026-07-31 08:39:26 INFO     app.services.strategy  [TSLA] [L1] EMA trend 'bearish' not yet confirmed for 2 consecutive bars — skipping
2026-07-31 08:39:26 INFO     app.services.scheduler  [S2][TSLA] PUT entries disabled (s2_puts_enabled=0) — skip
2026-07-31 08:39:26 INFO     app.services.strategy  [MSFT] [L1] CALL rejected — price 457.75 is only 0.214% from VWAP 456.77 (min clearance 0.40% — AT RISK, no directional conviction)
2026-07-31 08:39:26 INFO     app.services.scheduler  [S2][META] PUT entries disabled (s2_puts_enabled=0) — skip
2026-07-31 08:39:26 INFO     app.services.strategy  [META] [L1] EMA trend 'bearish' not yet confirmed for 2 consecutive bars — skipping
2026-07-31 08:39:47 INFO     app.services.scheduler  [vol-ceiling][AAPL] Symbol too hot — true range 409% of its own ATR(14) (max 250%) — post-event whip risk, blocking entry
2026-07-31 08:39:48 INFO     app.services.scheduler  [vol-ceiling][AMZN] Symbol too hot — true range 526% of its own ATR(14) (max 250%) — post-event whip risk, blocking entry
2026-07-31 08:39:48 INFO     app.services.scheduler  [S2][NVDA] PUT entries disabled (s2_puts_enabled=0) — skip
2026-07-31 08:39:48 INFO     app.services.scheduler  [S2][INTC] PUT entries disabled (s2_puts_enabled=0) — skip
2026-07-31 08:39:48 INFO     app.services.scheduler  [S2][PLTR] PUT entries disabled (s2_puts_enabled=0) — skip
2026-07-31 08:39:49 INFO     app.services.scheduler  [S2][NFLX] PUT entries disabled (s2_puts_enabled=0) — skip
2026-07-31 08:39:49 INFO     app.services.scheduler  [vol-ceiling][COIN] Symbol too hot — true range 270% of its own ATR(14) (max 250%) — post-event whip risk, blocking entry
2026-07-31 08:39:49 INFO     app.services.scheduler  [energy-gate][UBER] Symbol not in play — true range 38% of its own ATR(14) (min 50%) — blocking entry
2026-07-31 08:39:49 INFO     app.services.scheduler  [S2][FIG] PUT entries disabled (s2_puts_enabled=0) — skip
2026-07-31 08:39:49 INFO     app.services.scheduler  [S2][QCOM] PUT entries disabled (s2_puts_enabled=0) — skip
2026-07-31 08:39:50 INFO     app.services.scheduler  [S2][META] PUT entries disabled (s2_puts_enabled=0) — skip
2026-07-31 08:39:50 INFO     app.services.scheduler  [S2][SHOP] PUT entries disabled (s2_puts_enabled=0) — skip
2026-07-31 08:39:50 INFO     app.services.scheduler  [S2][TSLA] PUT entries disabled (s2_puts_enabled=0) — skip
2026-07-31 08:40:17 INFO     app.services.scheduler  [Primary] [adaptive-band] QQQ → band=0.80% (normal (adaptive off)) | regime=BEARISH
2026-07-31 08:40:17 INFO     app.services.strategy_ema  [S2-5m-filter][WMT] PUT blocked — EMA9=111.4080 EMA21=111.3146 close=111.5100 VWAP=111.1191 EMA9_slope=↑ EMA21_slope=↑
2026-07-31 08:40:17 INFO     app.services.scheduler  [vol-ceiling][AAPL] Symbol too hot — true range 409% of its own ATR(14) (max 250%) — post-event whip risk, blocking entry
2026-07-31 08:40:17 INFO     app.services.scheduler  [vol-ceiling][AMZN] Symbol too hot — true range 526% of its own ATR(14) (max 250%) — post-event whip risk, blocking entry
2026-07-31 08:40:18 INFO     app.services.strategy_ema  [S2-5m-filter][NVDA] CALL blocked — EMA9=196.5644 EMA21=196.6800 close=196.4900 VWAP=197.4663 EMA9_slope=↓ EMA21_slope=↓
2026-07-31 08:40:18 INFO     app.services.scheduler  [S2][NVDA] PUT entries disabled (s2_puts_enabled=0) — skip
2026-07-31 08:40:18 INFO     app.services.scheduler  [vol-ceiling][AMZN] Symbol too hot — true range 526% of its own ATR(14) (max 250%) — post-event whip risk, blocking entry
2026-07-31 08:40:19 INFO     app.services.strategy  [NVDA] [L1] CALL rejected — price 196.55 is BELOW VWAP 197.46 (wrong side for bullish bounce)
2026-07-31 08:40:19 INFO     app.services.scheduler  [vol-ceiling][AAPL] Symbol too hot — true range 409% of its own ATR(14) (max 250%) — post-event whip risk, blocking entry
2026-07-31 08:40:19 DEBUG    app.services.strategy_ema  [S2-5m-filter][GOOGL] CALL OK — EMA9=349.7320 > EMA21=347.8175 close=350.0450 > VWAP=347.0172 slopes both↑
2026-07-31 08:40:19 INFO     app.services.strategy_ema  [S2-freshness][GOOGL] No CALL EMA cross found in TODAY's session — trend predates today, blocking
2026-07-31 08:40:21 INFO     app.services.strategy  [GOOGL] [L1] CALL rejected — price 350.00 is 0.836% from VWAP 347.10 (band=0.80% — waiting for pullback to VWAP)
2026-07-31 08:40:21 INFO     app.services.strategy_ema  [S2-5m-filter][PLTR] CALL blocked — EMA9=120.4359 EMA21=120.7113 close=120.6400 VWAP=121.1810 EMA9_slope=↑ EMA21_slope=↓
2026-07-31 08:40:21 INFO     app.services.strategy_ema  [S2-5m-filter][INTC] CALL blocked — EMA9=92.4853 EMA21=92.7058 close=92.3800 VWAP=93.9305 EMA9_slope=↓ EMA21_slope=↓
2026-07-31 08:40:21 INFO     app.services.scheduler  [S2][INTC] PUT entries disabled (s2_puts_enabled=0) — skip
2026-07-31 08:40:21 INFO     app.services.strategy  [PLTR] [L1] PUT entries disabled (s1_puts_enabled=0) — skip
2026-07-31 08:40:21 INFO     app.services.strategy  [INTC] [L1] EMA trend 'bearish' not yet confirmed for 2 consecutive bars — skipping
2026-07-31 08:40:22 INFO     app.services.strategy_ema  [S2-5m-filter][NOW] CALL blocked — EMA9=109.7502 EMA21=109.7757 close=110.2100 VWAP=109.9413 EMA9_slope=↑ EMA21_slope=↑
2026-07-31 08:40:23 INFO     app.services.strategy  [NOW] [L1] PUT entries disabled (s1_puts_enabled=0) — skip
2026-07-31 08:40:23 INFO     app.services.strategy_ema  [S2-5m-filter][SHOP] CALL blocked — EMA9=116.3814 EMA21=117.5236 close=116.4800 VWAP=118.5412 EMA9_slope=↑ EMA21_slope=↓
2026-07-31 08:40:24 INFO     app.services.strategy  [SHOP] [L1] PUT entries disabled (s1_puts_enabled=0) — skip
2026-07-31 08:40:24 INFO     app.services.strategy_ema  [S2-5m-filter][NFLX] CALL blocked — EMA9=71.5609 EMA21=71.6900 close=71.5350 VWAP=71.7420 EMA9_slope=↓ EMA21_slope=↓
2026-07-31 08:40:24 INFO     app.services.scheduler  [S2][NFLX] PUT entries disabled (s2_puts_enabled=0) — skip
2026-07-31 08:40:25 INFO     app.services.scheduler  [energy-gate][UBER] Symbol not in play — true range 38% of its own ATR(14) (min 50%) — blocking entry
2026-07-31 08:40:25 INFO     app.services.strategy  [NFLX] [L1] PUT entries disabled (s1_puts_enabled=0) — skip
2026-07-31 08:40:25 INFO     app.services.strategy  [UBER] [L1] EMA trend 'bearish' not yet confirmed for 2 consecutive bars — skipping
2026-07-31 08:40:25 INFO     app.services.strategy_ema  [S2-5m-filter][FISV] CALL blocked — EMA9=53.0174 EMA21=53.1048 close=53.1300 VWAP=53.1383 EMA9_slope=↑ EMA21_slope=↑
2026-07-31 08:40:25 INFO     app.services.strategy  [CRM] [L1] Signal: CALL  price=181.81  vwap=180.84  distance=0.542%  trend=bullish
2026-07-31 08:40:25 INFO     app.services.scheduler  [CRM] [L5] Regime gate: QQQ BEARISH (below VWAP) — blocking CALL
2026-07-31 08:40:26 INFO     app.services.strategy  [IWM] [L1] PUT entries disabled (s1_puts_enabled=0) — skip
2026-07-31 08:40:26 INFO     app.services.strategy  [FISV] [L1] PUT entries disabled (s1_puts_enabled=0) — skip
2026-07-31 08:40:26 INFO     app.services.scheduler  [vol-ceiling][COIN] Symbol too hot — true range 270% of its own ATR(14) (max 250%) — post-event whip risk, blocking entry
2026-07-31 08:40:27 INFO     app.services.scheduler  [vol-ceiling][COIN] Symbol too hot — true range 270% of its own ATR(14) (max 250%) — post-event whip risk, blocking entry
2026-07-31 08:40:27 INFO     app.services.strategy_ema  [S2-5m-filter][QCOM] CALL blocked — EMA9=148.2019 EMA21=148.5854 close=148.6550 VWAP=148.7546 EMA9_slope=↑ EMA21_slope=↑
2026-07-31 08:40:27 INFO     app.services.strategy_ema  [S2-5m-filter][FIG] CALL blocked — EMA9=23.9786 EMA21=24.0044 close=23.9900 VWAP=24.1782 EMA9_slope=↑ EMA21_slope=↓
2026-07-31 08:40:27 INFO     app.services.strategy  [QCOM] [L1] PUT entries disabled (s1_puts_enabled=0) — skip
2026-07-31 08:40:28 INFO     app.services.strategy  [MSFT] [L1] Signal: CALL  price=459.39  vwap=456.78  distance=0.572%  trend=bullish
2026-07-31 08:40:28 INFO     app.services.scheduler  [MSFT] [L5] Regime gate: QQQ BEARISH (below VWAP) — blocking CALL
2026-07-31 08:40:28 INFO     app.services.strategy_ema  [S2-5m-filter][TSLA] CALL blocked — EMA9=306.8543 EMA21=306.9497 close=307.4000 VWAP=307.2012 EMA9_slope=↑ EMA21_slope=↑
2026-07-31 08:40:28 INFO     app.services.strategy_ema  [S2-5m-filter][META] CALL blocked — EMA9=545.9004 EMA21=545.9153 close=546.1400 VWAP=548.5814 EMA9_slope=↑ EMA21_slope=↑
2026-07-31 08:40:28 DEBUG    app.services.strategy_ema  [S2-5m-filter][MSFT] CALL OK — EMA9=456.4429 > EMA21=456.0301 close=458.5100 > VWAP=457.0616 slopes both↑
2026-07-31 08:40:28 DEBUG    app.services.strategy_ema  [S2-freshness][MSFT] CALL cross 2 bars old — within 40-bar window ✓
2026-07-31 08:40:28 DEBUG    app.services.strategy_ema  [S2-pullback][MSFT] CALL — no pullback: pullback-bar low=456.9300 close=457.7900 EMA9=456.4429 (need low≤EMA9 or close within 0.4564)
2026-07-31 08:40:28 INFO     app.services.strategy  [TSLA] [L1] EMA trend 'bearish' not yet confirmed for 2 consecutive bars — skipping
2026-07-31 08:40:28 INFO     app.services.strategy  [META] [L1] EMA trend 'bearish' not yet confirmed for 2 consecutive bars — skipping
2026-07-31 08:40:47 INFO     app.services.scheduler  [vol-ceiling][AMZN] Symbol too hot — true range 526% of its own ATR(14) (max 250%) — post-event whip risk, blocking entry
2026-07-31 08:40:47 INFO     app.services.scheduler  [vol-ceiling][AAPL] Symbol too hot — true range 409% of its own ATR(14) (max 250%) — post-event whip risk, blocking entry
2026-07-31 08:40:48 INFO     app.services.scheduler  [S2][NVDA] PUT entries disabled (s2_puts_enabled=0) — skip
2026-07-31 08:40:48 INFO     app.services.scheduler  [S2][INTC] PUT entries disabled (s2_puts_enabled=0) — skip
2026-07-31 08:40:48 INFO     app.services.strategy_ema  [S2-freshness][GOOGL] No CALL EMA cross found in TODAY's session — trend predates today, blocking
2026-07-31 08:40:49 INFO     app.services.scheduler  [energy-gate][UBER] Symbol not in play — true range 38% of its own ATR(14) (min 50%) — blocking entry
2026-07-31 08:40:50 INFO     app.services.scheduler  [vol-ceiling][COIN] Symbol too hot — true range 270% of its own ATR(14) (max 250%) — post-event whip risk, blocking entry
2026-07-31 08:40:50 DEBUG    app.services.strategy_ema  [S2-freshness][MSFT] CALL cross 2 bars old — within 40-bar window ✓
2026-07-31 08:40:50 DEBUG    app.services.strategy_ema  [S2-pullback][MSFT] CALL — no pullback: pullback-bar low=456.9300 close=457.7900 EMA9=456.4429 (need low≤EMA9 or close within 0.4564)
2026-07-31 08:40:50 INFO     app.services.scheduler  [S2][NFLX] PUT entries disabled (s2_puts_enabled=0) — skip
2026-07-31 08:41:17 INFO     app.services.scheduler  [vol-ceiling][AAPL] Symbol too hot — true range 409% of its own ATR(14) (max 250%) — post-event whip risk, blocking entry
2026-07-31 08:41:18 INFO     app.services.scheduler  [vol-ceiling][AMZN] Symbol too hot — true range 526% of its own ATR(14) (max 250%) — post-event whip risk, blocking entry
2026-07-31 08:41:18 INFO     app.services.scheduler  [Primary] [adaptive-band] QQQ → band=0.80% (normal (adaptive off)) | regime=BEARISH
2026-07-31 08:41:19 INFO     app.services.strategy_ema  [S2-freshness][GOOGL] No CALL EMA cross found in TODAY's session — trend predates today, blocking
2026-07-31 08:41:19 INFO     app.services.scheduler  [S2][NVDA] PUT entries disabled (s2_puts_enabled=0) — skip
2026-07-31 08:41:19 INFO     app.services.scheduler  [vol-ceiling][AAPL] Symbol too hot — true range 409% of its own ATR(14) (max 250%) — post-event whip risk, blocking entry
2026-07-31 08:41:19 INFO     app.services.strategy  [NVDA] [L1] CALL rejected — price 196.22 is BELOW VWAP 197.45 (wrong side for bullish bounce)
2026-07-31 08:41:19 INFO     app.services.scheduler  [S2][INTC] PUT entries disabled (s2_puts_enabled=0) — skip
2026-07-31 08:41:20 INFO     app.services.scheduler  [vol-ceiling][AMZN] Symbol too hot — true range 526% of its own ATR(14) (max 250%) — post-event whip risk, blocking entry
2026-07-31 08:41:20 INFO     app.services.strategy  [GOOGL] [L1] Signal: CALL  price=349.54  vwap=347.11  distance=0.701%  trend=bullish
2026-07-31 08:41:20 INFO     app.services.strategy  [L2] Directional bounce NOT confirmed for CALL — closes not rising. Last closes: [350.01]
2026-07-31 08:41:21 INFO     app.services.strategy  [PLTR] [L1] PUT entries disabled (s1_puts_enabled=0) — skip
2026-07-31 08:41:22 INFO     app.services.scheduler  [S2][NFLX] PUT entries disabled (s2_puts_enabled=0) — skip
2026-07-31 08:41:22 INFO     app.services.strategy  [INTC] [L1] EMA trend 'bearish' not yet confirmed for 2 consecutive bars — skipping
2026-07-31 08:41:22 INFO     app.services.strategy  [NOW] [L1] PUT entries disabled (s1_puts_enabled=0) — skip
2026-07-31 08:41:26 INFO     app.services.strategy  [NFLX] [L1] PUT entries disabled (s1_puts_enabled=0) — skip
2026-07-31 08:41:26 INFO     app.services.scheduler  [vol-ceiling][COIN] Symbol too hot — true range 270% of its own ATR(14) (max 250%) — post-event whip risk, blocking entry
2026-07-31 08:41:27 INFO     app.services.strategy  [IWM] [L1] PUT entries disabled (s1_puts_enabled=0) — skip
2026-07-31 08:41:27 INFO     app.services.strategy  [SHOP] [L1] PUT entries disabled (s1_puts_enabled=0) — skip
2026-07-31 08:41:28 INFO     app.services.scheduler  [vol-ceiling][COIN] Symbol too hot — true range 270% of its own ATR(14) (max 250%) — post-event whip risk, blocking entry
2026-07-31 08:41:28 INFO     app.services.strategy  [CRM] [L1] Signal: CALL  price=181.72  vwap=180.84  distance=0.486%  trend=bullish
2026-07-31 08:41:28 INFO     app.services.strategy  [L2] Directional bounce NOT confirmed for CALL — closes not rising. Last closes: [181.72]
2026-07-31 08:41:30 INFO     app.services.strategy  [FISV] [L1] PUT entries disabled (s1_puts_enabled=0) — skip
2026-07-31 08:41:31 INFO     app.services.strategy  [QCOM] [L1] PUT entries disabled (s1_puts_enabled=0) — skip
2026-07-31 08:41:32 INFO     app.services.strategy  [TSLA] [L1] EMA trend 'bearish' not yet confirmed for 2 consecutive bars — skipping
2026-07-31 08:41:32 WARNING  app.services.tradier  get_intraday_bars(SHOP): ReadTimeout — skipping this cycle
2026-07-31 08:41:32 WARNING  app.services.scheduler  [S2][SHOP] Missing 1-min bars — skipping
2026-07-31 08:41:33 DEBUG    app.services.strategy_ema  [S2-freshness][MSFT] CALL cross 2 bars old — within 40-bar window ✓
2026-07-31 08:41:33 INFO     app.services.strategy  [META] [L1] EMA trend 'bearish' not yet confirmed for 2 consecutive bars — skipping
2026-07-31 08:41:33 WARNING  app.services.tradier  get_intraday_bars(UBER): ReadTimeout — skipping this cycle
2026-07-31 08:41:33 WARNING  app.services.scheduler  [S2][UBER] Missing 1-min bars — skipping
2026-07-31 08:41:33 INFO     app.services.strategy  [MSFT] [L1] Signal: CALL  price=459.25  vwap=456.79  distance=0.538%  trend=bullish
2026-07-31 08:41:33 INFO     app.services.scheduler  [MSFT] [L5] Regime gate: QQQ BEARISH (below VWAP) — blocking CALL
2026-07-31 08:41:33 DEBUG    app.services.strategy_ema  [S2-pullback][MSFT] CALL — no pullback: pullback-bar low=457.6500 close=458.5100 EMA9=456.4429 (need low≤EMA9 or close within 0.4564)
2026-07-31 08:41:35 WARNING  app.services.tradier  get_intraday_bars(UBER): ReadTimeout — skipping this cycle
2026-07-31 08:41:43 WARNING  app.services.tradier  get_intraday_bars(UBER): ReadTimeout — skipping this cycle
2026-07-31 08:41:43 WARNING  app.services.scheduler  [UBER] No 1-min + 15-min bars returned from Tradier — skipping entry (likely timeout or market closed)
2026-07-31 08:41:47 INFO     app.services.scheduler  [S2][NVDA] PUT entries disabled (s2_puts_enabled=0) — skip
2026-07-31 08:41:48 INFO     app.services.scheduler  [vol-ceiling][AMZN] Symbol too hot — true range 526% of its own ATR(14) (max 250%) — post-event whip risk, blocking entry
2026-07-31 08:41:48 INFO     app.services.scheduler  [vol-ceiling][AAPL] Symbol too hot — true range 409% of its own ATR(14) (max 250%) — post-event whip risk, blocking entry
2026-07-31 08:41:48 INFO     app.services.strategy_ema  [S2-freshness][GOOGL] No CALL EMA cross found in TODAY's session — trend predates today, blocking
2026-07-31 08:41:48 INFO     app.services.scheduler  [S2][INTC] PUT entries disabled (s2_puts_enabled=0) — skip
2026-07-31 08:41:49 INFO     app.services.scheduler  [vol-ceiling][COIN] Symbol too hot — true range 270% of its own ATR(14) (max 250%) — post-event whip risk, blocking entry
2026-07-31 08:41:49 DEBUG    app.services.strategy_ema  [S2-freshness][MSFT] CALL cross 2 bars old — within 40-bar window ✓
2026-07-31 08:41:49 DEBUG    app.services.strategy_ema  [S2-pullback][MSFT] CALL — no pullback: pullback-bar low=457.6500 close=458.5100 EMA9=456.4429 (need low≤EMA9 or close within 0.4564)
2026-07-31 08:41:49 INFO     app.services.scheduler  [energy-gate][UBER] Symbol not in play — true range 38% of its own ATR(14) (min 50%) — blocking entry
2026-07-31 08:41:49 INFO     app.services.scheduler  [S2][NFLX] PUT entries disabled (s2_puts_enabled=0) — skip
2026-07-31 08:42:17 INFO     app.services.scheduler  [Primary] [adaptive-band] QQQ → band=0.80% (normal (adaptive off)) | regime=BEARISH
2026-07-31 08:42:17 INFO     app.services.scheduler  [vol-ceiling][AAPL] Symbol too hot — true range 409% of its own ATR(14) (max 250%) — post-event whip risk, blocking entry
2026-07-31 08:42:17 INFO     app.services.scheduler  [vol-ceiling][AMZN] Symbol too hot — true range 526% of its own ATR(14) (max 250%) — post-event whip risk, blocking entry
2026-07-31 08:42:17 INFO     app.services.scheduler  [vol-ceiling][AAPL] Symbol too hot — true range 409% of its own ATR(14) (max 250%) — post-event whip risk, blocking entry
2026-07-31 08:42:18 INFO     app.services.scheduler  [S2][NVDA] PUT entries disabled (s2_puts_enabled=0) — skip
2026-07-31 08:42:18 INFO     app.services.strategy_ema  [S2-freshness][GOOGL] No CALL EMA cross found in TODAY's session — trend predates today, blocking
2026-07-31 08:42:18 INFO     app.services.scheduler  [vol-ceiling][AMZN] Symbol too hot — true range 526% of its own ATR(14) (max 250%) — post-event whip risk, blocking entry
2026-07-31 08:42:18 INFO     app.services.strategy  [NVDA] [L1] CALL rejected — price 195.90 is BELOW VWAP 197.45 (wrong side for bullish bounce)
2026-07-31 08:42:19 INFO     app.services.strategy  [GOOGL] [L1] Signal: CALL  price=349.61  vwap=347.12  distance=0.717%  trend=bullish
2026-07-31 08:42:19 INFO     app.services.strategy  [L2] Directional bounce NOT confirmed for CALL — closes not rising. Last closes: [349.68]
2026-07-31 08:42:19 INFO     app.services.scheduler  [S2][INTC] PUT entries disabled (s2_puts_enabled=0) — skip
2026-07-31 08:42:19 INFO     app.services.strategy  [INTC] [L1] EMA trend 'bearish' not yet confirmed for 2 consecutive bars — skipping
2026-07-31 08:42:20 INFO     app.services.strategy  [PLTR] [L1] PUT entries disabled (s1_puts_enabled=0) — skip
2026-07-31 08:42:20 INFO     app.services.strategy  [NOW] [L1] PUT entries disabled (s1_puts_enabled=0) — skip
2026-07-31 08:42:20 INFO     app.services.scheduler  [S2][NFLX] PUT entries disabled (s2_puts_enabled=0) — skip
2026-07-31 08:42:21 INFO     app.services.strategy  [NFLX] [L1] PUT entries disabled (s1_puts_enabled=0) — skip
2026-07-31 08:42:21 INFO     app.services.strategy  [SHOP] [L1] PUT entries disabled (s1_puts_enabled=0) — skip
2026-07-31 08:42:21 INFO     app.services.scheduler  [energy-gate][UBER] Symbol not in play — true range 38% of its own ATR(14) (min 50%) — blocking entry
2026-07-31 08:42:21 INFO     app.services.scheduler  [vol-ceiling][COIN] Symbol too hot — true range 270% of its own ATR(14) (max 250%) — post-event whip risk, blocking entry
2026-07-31 08:42:21 INFO     app.services.strategy  [IWM] [L1] PUT entries disabled (s1_puts_enabled=0) — skip
2026-07-31 08:42:22 INFO     app.services.scheduler  [vol-ceiling][COIN] Symbol too hot — true range 270% of its own ATR(14) (max 250%) — post-event whip risk, blocking entry
2026-07-31 08:42:22 INFO     app.services.strategy  [UBER] [L1] EMA trend 'bearish' not yet confirmed for 2 consecutive bars — skipping
2026-07-31 08:42:22 INFO     app.services.strategy  [CRM] [L1] Signal: CALL  price=181.81  vwap=180.84  distance=0.535%  trend=bullish
2026-07-31 08:42:22 INFO     app.services.scheduler  [CRM] [L5] Regime gate: QQQ BEARISH (below VWAP) — blocking CALL
2026-07-31 08:42:23 INFO     app.services.strategy  [FISV] [L1] PUT entries disabled (s1_puts_enabled=0) — skip
2026-07-31 08:42:24 INFO     app.services.strategy  [QCOM] [L1] PUT entries disabled (s1_puts_enabled=0) — skip
2026-07-31 08:42:24 INFO     app.services.strategy  [TSLA] [L1] EMA trend 'bearish' not yet confirmed for 2 consecutive bars — skipping
2026-07-31 08:42:24 DEBUG    app.services.strategy_ema  [S2-freshness][MSFT] CALL cross 2 bars old — within 40-bar window ✓
2026-07-31 08:42:24 DEBUG    app.services.strategy_ema  [S2-pullback][MSFT] CALL — no pullback: pullback-bar low=458.5350 close=459.3000 EMA9=456.4429 (need low≤EMA9 or close within 0.4564)
2026-07-31 08:42:24 INFO     app.services.strategy  [MSFT] [L1] Signal: CALL  price=459.50  vwap=456.81  distance=0.590%  trend=bullish
2026-07-31 08:42:24 INFO     app.services.scheduler  [MSFT] [L5] Regime gate: QQQ BEARISH (below VWAP) — blocking CALL
2026-07-31 08:42:25 INFO     app.services.strategy  [META] [L1] EMA trend 'bearish' not yet confirmed for 2 consecutive bars — skipping
2026-07-31 08:42:47 INFO     app.services.scheduler  [vol-ceiling][AAPL] Symbol too hot — true range 409% of its own ATR(14) (max 250%) — post-event whip risk, blocking entry
2026-07-31 08:42:47 INFO     app.services.scheduler  [S2][NVDA] PUT entries disabled (s2_puts_enabled=0) — skip
2026-07-31 08:42:47 INFO     app.services.strategy_ema  [S2-freshness][GOOGL] No CALL EMA cross found in TODAY's session — trend predates today, blocking
2026-07-31 08:42:48 INFO     app.services.scheduler  [vol-ceiling][AMZN] Symbol too hot — true range 526% of its own ATR(14) (max 250%) — post-event whip risk, blocking entry
2026-07-31 08:42:48 INFO     app.services.scheduler  [S2][INTC] PUT entries disabled (s2_puts_enabled=0) — skip
2026-07-31 08:42:48 INFO     app.services.scheduler  [S2][NFLX] PUT entries disabled (s2_puts_enabled=0) — skip
2026-07-31 08:42:49 INFO     app.services.scheduler  [vol-ceiling][COIN] Symbol too hot — true range 270% of its own ATR(14) (max 250%) — post-event whip risk, blocking entry
2026-07-31 08:42:49 INFO     app.services.scheduler  [energy-gate][UBER] Symbol not in play — true range 38% of its own ATR(14) (min 50%) — blocking entry
2026-07-31 08:42:50 DEBUG    app.services.strategy_ema  [S2-freshness][MSFT] CALL cross 2 bars old — within 40-bar window ✓
2026-07-31 08:42:50 DEBUG    app.services.strategy_ema  [S2-pullback][MSFT] CALL — no pullback: pullback-bar low=458.5350 close=459.3000 EMA9=456.4429 (need low≤EMA9 or close within 0.4564)
2026-07-31 08:43:17 INFO     app.services.scheduler  [Primary] [adaptive-band] QQQ → band=0.80% (normal (adaptive off)) | regime=BEARISH
2026-07-31 08:43:17 INFO     app.services.scheduler  [S2][NVDA] PUT entries disabled (s2_puts_enabled=0) — skip
2026-07-31 08:43:17 INFO     app.services.scheduler  [vol-ceiling][AAPL] Symbol too hot — true range 409% of its own ATR(14) (max 250%) — post-event whip risk, blocking entry
2026-07-31 08:43:18 INFO     app.services.strategy  [NVDA] [L1] CALL rejected — price 195.92 is BELOW VWAP 197.44 (wrong side for bullish bounce)
2026-07-31 08:43:18 INFO     app.services.scheduler  [vol-ceiling][AMZN] Symbol too hot — true range 526% of its own ATR(14) (max 250%) — post-event whip risk, blocking entry
2026-07-31 08:43:18 INFO     app.services.scheduler  [vol-ceiling][AMZN] Symbol too hot — true range 526% of its own ATR(14) (max 250%) — post-event whip risk, blocking entry
2026-07-31 08:43:18 INFO     app.services.scheduler  [vol-ceiling][AAPL] Symbol too hot — true range 409% of its own ATR(14) (max 250%) — post-event whip risk, blocking entry
2026-07-31 08:43:18 INFO     app.services.scheduler  [S2][INTC] PUT entries disabled (s2_puts_enabled=0) — skip
2026-07-31 08:43:18 INFO     app.services.strategy_ema  [S2-freshness][GOOGL] No CALL EMA cross found in TODAY's session — trend predates today, blocking
2026-07-31 08:43:18 INFO     app.services.strategy  [GOOGL] [L1] Signal: CALL  price=349.61  vwap=347.13  distance=0.716%  trend=bullish
2026-07-31 08:43:18 INFO     app.services.strategy  [L2] Directional bounce NOT confirmed for CALL — closes not rising. Last closes: [349.56]
2026-07-31 08:43:19 INFO     app.services.strategy  [NOW] [L1] PUT entries disabled (s1_puts_enabled=0) — skip
2026-07-31 08:43:19 INFO     app.services.strategy  [INTC] [L1] EMA trend 'bearish' not yet confirmed for 2 consecutive bars — skipping
2026-07-31 08:43:19 INFO     app.services.strategy  [PLTR] [L1] PUT entries disabled (s1_puts_enabled=0) — skip
2026-07-31 08:43:20 INFO     app.services.scheduler  [S2][NFLX] PUT entries disabled (s2_puts_enabled=0) — skip
2026-07-31 08:43:20 INFO     app.services.strategy  [SHOP] [L1] PUT entries disabled (s1_puts_enabled=0) — skip
2026-07-31 08:43:20 INFO     app.services.scheduler  [energy-gate][UBER] Symbol not in play — true range 38% of its own ATR(14) (min 50%) — blocking entry
2026-07-31 08:43:20 INFO     app.services.strategy  [NFLX] [L1] PUT entries disabled (s1_puts_enabled=0) — skip
2026-07-31 08:43:21 INFO     app.services.strategy  [UBER] [L1] EMA trend 'bearish' not yet confirmed for 2 consecutive bars — skipping
2026-07-31 08:43:21 INFO     app.services.strategy  [IWM] [L1] PUT entries disabled (s1_puts_enabled=0) — skip
2026-07-31 08:43:21 INFO     app.services.scheduler  [vol-ceiling][COIN] Symbol too hot — true range 270% of its own ATR(14) (max 250%) — post-event whip risk, blocking entry
2026-07-31 08:43:21 INFO     app.services.strategy  [CRM] [L1] Signal: CALL  price=181.95  vwap=180.85  distance=0.607%  trend=bullish
2026-07-31 08:43:21 INFO     app.services.scheduler  [CRM] [L5] Regime gate: QQQ BEARISH (below VWAP) — blocking CALL
2026-07-31 08:43:22 INFO     app.services.strategy  [FISV] [L1] PUT entries disabled (s1_puts_enabled=0) — skip
2026-07-31 08:43:22 INFO     app.services.scheduler  [vol-ceiling][COIN] Symbol too hot — true range 270% of its own ATR(14) (max 250%) — post-event whip risk, blocking entry
2026-07-31 08:43:23 INFO     app.services.strategy  [TSLA] [L1] EMA trend 'bearish' not yet confirmed for 2 consecutive bars — skipping
2026-07-31 08:43:23 INFO     app.services.strategy  [QCOM] [L1] PUT entries disabled (s1_puts_enabled=0) — skip
2026-07-31 08:43:23 INFO     app.services.strategy  [MSFT] [L1] Signal: CALL  price=459.82  vwap=456.82  distance=0.656%  trend=bullish
2026-07-31 08:43:23 INFO     app.services.strategy  [L2] Directional bounce NOT confirmed for CALL — closes not rising. Last closes: [459.38]
2026-07-31 08:43:23 DEBUG    app.services.strategy_ema  [S2-freshness][MSFT] CALL cross 2 bars old — within 40-bar window ✓
2026-07-31 08:43:23 DEBUG    app.services.strategy_ema  [S2-pullback][MSFT] CALL — no pullback: pullback-bar low=458.9500 close=459.3955 EMA9=456.4429 (need low≤EMA9 or close within 0.4564)
2026-07-31 08:43:23 INFO     app.services.strategy  [META] [L1] EMA trend 'bearish' not yet confirmed for 2 consecutive bars — skipping
2026-07-31 08:43:47 INFO     app.services.scheduler  [vol-ceiling][AMZN] Symbol too hot — true range 526% of its own ATR(14) (max 250%) — post-event whip risk, blocking entry
2026-07-31 08:43:47 INFO     app.services.scheduler  [S2][NVDA] PUT entries disabled (s2_puts_enabled=0) — skip
2026-07-31 08:43:47 INFO     app.services.scheduler  [vol-ceiling][AAPL] Symbol too hot — true range 409% of its own ATR(14) (max 250%) — post-event whip risk, blocking entry
2026-07-31 08:43:47 INFO     app.services.scheduler  [S2][INTC] PUT entries disabled (s2_puts_enabled=0) — skip
2026-07-31 08:43:47 INFO     app.services.strategy_ema  [S2-freshness][GOOGL] No CALL EMA cross found in TODAY's session — trend predates today, blocking
2026-07-31 08:43:48 INFO     app.services.scheduler  [S2][NFLX] PUT entries disabled (s2_puts_enabled=0) — skip
2026-07-31 08:43:49 INFO     app.services.scheduler  [energy-gate][UBER] Symbol not in play — true range 38% of its own ATR(14) (min 50%) — blocking entry
2026-07-31 08:43:49 INFO     app.services.scheduler  [vol-ceiling][COIN] Symbol too hot — true range 270% of its own ATR(14) (max 250%) — post-event whip risk, blocking entry
2026-07-31 08:43:51 DEBUG    app.services.strategy_ema  [S2-freshness][MSFT] CALL cross 2 bars old — within 40-bar window ✓
2026-07-31 08:43:51 DEBUG    app.services.strategy_ema  [S2-pullback][MSFT] CALL — no pullback: pullback-bar low=458.9500 close=459.3955 EMA9=456.4429 (need low≤EMA9 or close within 0.4564)
2026-07-31 08:43:52 INFO     app.routers.trades  [WMT] Trade 209 broker disaster stop placed: order 139593654 @ $1.55 (bot stop $1.65 − 6% buffer)
2026-07-31 08:43:52 INFO     app.routers.trades  [WMT] Trade 209: broker TP skipped — resting stop 139593654 reserves the contracts (bot-side TP enforces the new target)
2026-07-31 08:43:52 INFO     app.routers.trades  [WMT] Trade 209 levels updated — stop=$1.65  tp=$2.01
2026-07-31 08:44:17 INFO     app.services.scheduler  [Primary] [adaptive-band] QQQ → band=0.80% (normal (adaptive off)) | regime=BEARISH
2026-07-31 08:44:17 INFO     app.services.scheduler  [vol-ceiling][AMZN] Symbol too hot — true range 526% of its own ATR(14) (max 250%) — post-event whip risk, blocking entry
2026-07-31 08:44:17 INFO     app.services.scheduler  [S2][NVDA] PUT entries disabled (s2_puts_enabled=0) — skip
2026-07-31 08:44:17 INFO     app.services.scheduler  [vol-ceiling][AAPL] Symbol too hot — true range 409% of its own ATR(14) (max 250%) — post-event whip risk, blocking entry
2026-07-31 08:44:18 INFO     app.services.scheduler  [vol-ceiling][AAPL] Symbol too hot — true range 409% of its own ATR(14) (max 250%) — post-event whip risk, blocking entry
2026-07-31 08:44:18 INFO     app.services.strategy  [NVDA] [L1] CALL rejected — price 196.15 is BELOW VWAP 197.44 (wrong side for bullish bounce)
2026-07-31 08:44:18 INFO     app.services.scheduler  [vol-ceiling][AMZN] Symbol too hot — true range 526% of its own ATR(14) (max 250%) — post-event whip risk, blocking entry
2026-07-31 08:44:18 INFO     app.services.strategy_ema  [S2-freshness][GOOGL] No CALL EMA cross found in TODAY's session — trend predates today, blocking
2026-07-31 08:44:19 INFO     app.services.scheduler  [S2][INTC] PUT entries disabled (s2_puts_enabled=0) — skip
2026-07-31 08:44:19 INFO     app.services.strategy  [GOOGL] [L1] CALL rejected — price 349.99 is 0.823% from VWAP 347.13 (band=0.80% — waiting for pullback to VWAP)
2026-07-31 08:44:19 INFO     app.services.strategy  [PLTR] [L1] PUT entries disabled (s1_puts_enabled=0) — skip
2026-07-31 08:44:19 INFO     app.services.strategy  [INTC] [L1] EMA trend 'bearish' not yet confirmed for 2 consecutive bars — skipping
2026-07-31 08:44:20 INFO     app.services.scheduler  [S2][NFLX] PUT entries disabled (s2_puts_enabled=0) — skip
2026-07-31 08:44:20 INFO     app.services.strategy  [NOW] [L1] PUT entries disabled (s1_puts_enabled=0) — skip
2026-07-31 08:44:20 INFO     app.services.strategy  [NFLX] [L1] PUT entries disabled (s1_puts_enabled=0) — skip
2026-07-31 08:44:21 INFO     app.services.scheduler  [energy-gate][UBER] Symbol not in play — true range 38% of its own ATR(14) (min 50%) — blocking entry
2026-07-31 08:44:21 INFO     app.services.strategy  [SHOP] [L1] PUT entries disabled (s1_puts_enabled=0) — skip
2026-07-31 08:44:21 INFO     app.services.scheduler  [vol-ceiling][COIN] Symbol too hot — true range 270% of its own ATR(14) (max 250%) — post-event whip risk, blocking entry
2026-07-31 08:44:21 INFO     app.services.strategy  [IWM] [L1] PUT entries disabled (s1_puts_enabled=0) — skip
2026-07-31 08:44:21 INFO     app.services.strategy  [UBER] [L1] EMA trend 'bearish' not yet confirmed for 2 consecutive bars — skipping
2026-07-31 08:44:21 INFO     app.services.scheduler  [vol-ceiling][COIN] Symbol too hot — true range 270% of its own ATR(14) (max 250%) — post-event whip risk, blocking entry
2026-07-31 08:44:22 INFO     app.services.strategy  [CRM] [L1] Signal: CALL  price=182.06  vwap=180.86  distance=0.665%  trend=bullish
2026-07-31 08:44:22 INFO     app.services.scheduler  [CRM] [L5] Regime gate: QQQ BEARISH (below VWAP) — blocking CALL
2026-07-31 08:44:22 INFO     app.services.strategy  [FISV] [L1] PUT entries disabled (s1_puts_enabled=0) — skip
2026-07-31 08:44:23 INFO     app.services.strategy  [TSLA] [L1] EMA trend 'bearish' not yet confirmed for 2 consecutive bars — skipping
2026-07-31 08:44:23 INFO     app.services.strategy  [QCOM] [L1] PUT entries disabled (s1_puts_enabled=0) — skip
2026-07-31 08:44:23 DEBUG    app.services.strategy_ema  [S2-freshness][MSFT] CALL cross 2 bars old — within 40-bar window ✓
2026-07-31 08:44:23 INFO     app.services.strategy  [MSFT] [L1] Signal: CALL  price=460.46  vwap=456.87  distance=0.786%  trend=bullish
2026-07-31 08:44:23 INFO     app.services.scheduler  [MSFT] [L5] Regime gate: QQQ BEARISH (below VWAP) — blocking CALL
2026-07-31 08:44:24 INFO     app.services.strategy  [META] [L1] EMA trend 'bearish' not yet confirmed for 2 consecutive bars — skipping
2026-07-31 08:44:24 DEBUG    app.services.strategy_ema  [S2-pullback][MSFT] CALL — no pullback: pullback-bar low=459.1300 close=459.3765 EMA9=456.4429 (need low≤EMA9 or close within 0.4564)
2026-07-31 08:44:47 INFO     app.services.scheduler  [vol-ceiling][AMZN] Symbol too hot — true range 526% of its own ATR(14) (max 250%) — post-event whip risk, blocking entry
2026-07-31 08:44:47 INFO     app.services.scheduler  [vol-ceiling][AAPL] Symbol too hot — true range 409% of its own ATR(14) (max 250%) — post-event whip risk, blocking entry
2026-07-31 08:44:47 INFO     app.services.scheduler  [S2][NVDA] PUT entries disabled (s2_puts_enabled=0) — skip
2026-07-31 08:44:47 INFO     app.services.scheduler  [S2][INTC] PUT entries disabled (s2_puts_enabled=0) — skip
2026-07-31 08:44:48 INFO     app.services.strategy_ema  [S2-freshness][GOOGL] No CALL EMA cross found in TODAY's session — trend predates today, blocking
2026-07-31 08:44:48 INFO     app.services.scheduler  [S2][NFLX] PUT entries disabled (s2_puts_enabled=0) — skip
2026-07-31 08:44:48 INFO     app.services.scheduler  [energy-gate][UBER] Symbol not in play — true range 38% of its own ATR(14) (min 50%) — blocking entry
2026-07-31 08:44:50 INFO     app.services.scheduler  [vol-ceiling][COIN] Symbol too hot — true range 270% of its own ATR(14) (max 250%) — post-event whip risk, blocking entry
2026-07-31 08:44:50 DEBUG    app.services.strategy_ema  [S2-freshness][MSFT] CALL cross 2 bars old — within 40-bar window ✓
2026-07-31 08:44:51 DEBUG    app.services.strategy_ema  [S2-pullback][MSFT] CALL — no pullback: pullback-bar low=459.1300 close=459.3765 EMA9=456.4429 (need low≤EMA9 or close within 0.4564)
2026-07-31 08:45:17 INFO     app.services.scheduler  [Primary] [adaptive-band] QQQ → band=0.80% (normal (adaptive off)) | regime=BEARISH
2026-07-31 08:45:17 INFO     app.services.strategy_ema  [S2-5m-filter][WMT] PUT blocked — EMA9=111.4344 EMA21=111.3351 close=111.5400 VWAP=111.1240 EMA9_slope=↑ EMA21_slope=↑
2026-07-31 08:45:17 INFO     app.services.scheduler  [vol-ceiling][AAPL] Symbol too hot — true range 409% of its own ATR(14) (max 250%) — post-event whip risk, blocking entry
2026-07-31 08:45:17 INFO     app.services.scheduler  [vol-ceiling][AAPL] Symbol too hot — true range 409% of its own ATR(14) (max 250%) — post-event whip risk, blocking entry
2026-07-31 08:45:17 INFO     app.services.strategy_ema  [S2-5m-filter][NVDA] CALL blocked — EMA9=196.4875 EMA21=196.6346 close=196.1800 VWAP=197.4439 EMA9_slope=↓ EMA21_slope=↓
2026-07-31 08:45:17 INFO     app.services.scheduler  [S2][NVDA] PUT entries disabled (s2_puts_enabled=0) — skip
2026-07-31 08:45:18 INFO     app.services.strategy  [NVDA] [L1] CALL rejected — price 196.17 is BELOW VWAP 197.43 (wrong side for bullish bounce)
2026-07-31 08:45:18 INFO     app.services.scheduler  [vol-ceiling][AMZN] Symbol too hot — true range 526% of its own ATR(14) (max 250%) — post-event whip risk, blocking entry
2026-07-31 08:45:18 INFO     app.services.scheduler  [vol-ceiling][AMZN] Symbol too hot — true range 526% of its own ATR(14) (max 250%) — post-event whip risk, blocking entry
2026-07-31 08:45:18 DEBUG    app.services.strategy_ema  [S2-5m-filter][GOOGL] CALL OK — EMA9=349.7556 > EMA21=348.0022 close=349.8500 > VWAP=347.0601 slopes both↑
2026-07-31 08:45:18 INFO     app.services.strategy_ema  [S2-freshness][GOOGL] No CALL EMA cross found in TODAY's session — trend predates today, blocking
2026-07-31 08:45:19 INFO     app.services.strategy  [GOOGL] [L1] Signal: CALL  price=349.56  vwap=347.14  distance=0.697%  trend=bullish
2026-07-31 08:45:19 INFO     app.services.strategy  [L2] Directional bounce NOT confirmed for CALL — closes not rising. Last closes: [349.85]
2026-07-31 08:45:19 INFO     app.services.strategy_ema  [S2-5m-filter][INTC] CALL blocked — EMA9=92.3958 EMA21=92.6451 close=92.0379 VWAP=93.9047 EMA9_slope=↓ EMA21_slope=↓
2026-07-31 08:45:19 INFO     app.services.scheduler  [S2][INTC] PUT entries disabled (s2_puts_enabled=0) — skip
2026-07-31 08:45:19 INFO     app.services.strategy  [INTC] [L1] PUT entries disabled (s1_puts_enabled=0) — skip
2026-07-31 08:45:20 DEBUG    app.services.strategy_ema  [S2-5m-filter][NOW] CALL OK — EMA9=109.8902 > EMA21=109.8370 close=110.4500 > VWAP=109.9508 slopes both↑
2026-07-31 08:45:20 DEBUG    app.services.strategy_ema  [S2-freshness][NOW] CALL cross 0 bars old — within 40-bar window ✓
2026-07-31 08:45:20 INFO     app.services.strategy  [PLTR] [L1] PUT entries disabled (s1_puts_enabled=0) — skip
2026-07-31 08:45:20 INFO     app.services.strategy_ema  [S2-5m-filter][PLTR] CALL blocked — EMA9=120.5687 EMA21=120.7466 close=121.1001 VWAP=121.1774 EMA9_slope=↑ EMA21_slope=↑
2026-07-31 08:45:20 INFO     app.services.strategy  [NOW] [L1] EMA trend 'bullish' not yet confirmed for 2 consecutive bars — skipping
2026-07-31 08:45:20 DEBUG    app.services.strategy_ema  [S2-pullback][NOW] CALL — no pullback: pullback-bar low=110.1650 close=110.3800 EMA9=109.8902 (need low≤EMA9 or close within 0.1099)
2026-07-31 08:45:21 INFO     app.services.strategy  [NFLX] [L1] PUT entries disabled (s1_puts_enabled=0) — skip
2026-07-31 08:45:21 INFO     app.services.strategy_ema  [S2-5m-filter][NFLX] CALL blocked — EMA9=71.5847 EMA21=71.6891 close=71.6800 VWAP=71.7393 EMA9_slope=↑ EMA21_slope=↓
2026-07-31 08:45:21 INFO     app.services.strategy_ema  [S2-5m-filter][SHOP] CALL blocked — EMA9=116.3931 EMA21=117.4251 close=116.4400 VWAP=118.5010 EMA9_slope=↑ EMA21_slope=↓
2026-07-31 08:45:21 INFO     app.services.strategy  [SHOP] [L1] PUT entries disabled (s1_puts_enabled=0) — skip
2026-07-31 08:45:22 INFO     app.services.strategy  [IWM] [L1] PUT entries disabled (s1_puts_enabled=0) — skip
2026-07-31 08:45:22 INFO     app.services.scheduler  [energy-gate][UBER] Symbol not in play — true range 38% of its own ATR(14) (min 50%) — blocking entry
2026-07-31 08:45:22 INFO     app.services.strategy  [CRM] [L1] Signal: CALL  price=182.16  vwap=180.86  distance=0.716%  trend=bullish
2026-07-31 08:45:22 INFO     app.services.scheduler  [CRM] [L5] Regime gate: QQQ BEARISH (below VWAP) — blocking CALL
2026-07-31 08:45:22 INFO     app.services.scheduler  [vol-ceiling][COIN] Symbol too hot — true range 270% of its own ATR(14) (max 250%) — post-event whip risk, blocking entry
2026-07-31 08:45:23 INFO     app.services.strategy_ema  [S2-5m-filter][FIG] CALL blocked — EMA9=23.9959 EMA21=24.0099 close=24.0650 VWAP=24.1768 EMA9_slope=↑ EMA21_slope=↑
2026-07-31 08:45:23 INFO     app.services.strategy  [UBER] [L1] EMA trend 'bullish' not yet confirmed for 2 consecutive bars — skipping
2026-07-31 08:45:23 INFO     app.services.scheduler  [vol-ceiling][COIN] Symbol too hot — true range 270% of its own ATR(14) (max 250%) — post-event whip risk, blocking entry
2026-07-31 08:45:23 INFO     app.services.strategy  [FISV] [L1] PUT entries disabled (s1_puts_enabled=0) — skip
2026-07-31 08:45:24 INFO     app.services.strategy_ema  [S2-5m-filter][FISV] CALL blocked — EMA9=53.0699 EMA21=53.1207 close=53.2800 VWAP=53.1410 EMA9_slope=↑ EMA21_slope=↑
2026-07-31 08:45:24 INFO     app.services.strategy_ema  [S2-5m-filter][QCOM] CALL blocked — EMA9=148.2075 EMA21=148.5531 close=148.2300 VWAP=148.7492 EMA9_slope=↑ EMA21_slope=↓
2026-07-31 08:45:24 INFO     app.services.strategy  [QCOM] [L1] PUT entries disabled (s1_puts_enabled=0) — skip
2026-07-31 08:45:25 INFO     app.services.strategy_ema  [S2-5m-filter][TSLA] CALL blocked — EMA9=306.7835 EMA21=306.9088 close=306.5000 VWAP=307.1931 EMA9_slope=↓ EMA21_slope=↓
2026-07-31 08:45:25 INFO     app.services.scheduler  [S2][TSLA] PUT entries disabled (s2_puts_enabled=0) — skip
2026-07-31 08:45:25 INFO     app.services.strategy  [TSLA] [L1] PUT entries disabled (s1_puts_enabled=0) — skip
2026-07-31 08:45:25 DEBUG    app.services.strategy_ema  [S2-5m-filter][MSFT] CALL OK — EMA9=457.1113 > EMA21=456.3715 close=459.7850 > VWAP=457.1508 slopes both↑
2026-07-31 08:45:25 DEBUG    app.services.strategy_ema  [S2-freshness][MSFT] CALL cross 3 bars old — within 40-bar window ✓
2026-07-31 08:45:25 DEBUG    app.services.strategy_ema  [S2-pullback][MSFT] CALL — no pullback: pullback-bar low=459.3850 close=460.3600 EMA9=457.1113 (need low≤EMA9 or close within 0.4571)
2026-07-31 08:45:25 INFO     app.services.strategy  [MSFT] [L1] Signal: CALL  price=459.74  vwap=456.88  distance=0.626%  trend=bullish
2026-07-31 08:45:25 INFO     app.services.strategy  [L2] Directional bounce NOT confirmed for CALL — closes not rising. Last closes: [459.79]
2026-07-31 08:45:25 INFO     app.services.strategy_ema  [S2-5m-filter][META] CALL blocked — EMA9=545.8802 EMA21=545.9048 close=545.7995 VWAP=548.5549 EMA9_slope=↓ EMA21_slope=↓
2026-07-31 08:45:25 INFO     app.services.scheduler  [S2][META] PUT entries disabled (s2_puts_enabled=0) — skip
2026-07-31 08:45:25 INFO     app.services.strategy  [META] [L1] EMA trend 'bullish' not yet confirmed for 2 consecutive bars — skipping
2026-07-31 08:45:37 INFO     app.routers.trades  [WMT] Trade 209 broker disaster stop modified to $1.55 (bot stop $1.65 − 6% buffer) (order 139593654)
2026-07-31 08:45:37 INFO     app.routers.trades  [WMT] Trade 209: broker TP skipped — resting stop 139593654 reserves the contracts (bot-side TP enforces the new target)
2026-07-31 08:45:37 INFO     app.routers.trades  [WMT] Trade 209 levels updated — stop=$1.65  tp=$2.03
2026-07-31 08:45:47 INFO     app.services.scheduler  [vol-ceiling][AMZN] Symbol too hot — true range 526% of its own ATR(14) (max 250%) — post-event whip risk, blocking entry
2026-07-31 08:45:47 INFO     app.services.scheduler  [S2][NVDA] PUT entries disabled (s2_puts_enabled=0) — skip
2026-07-31 08:45:47 INFO     app.services.scheduler  [vol-ceiling][AAPL] Symbol too hot — true range 409% of its own ATR(14) (max 250%) — post-event whip risk, blocking entry
2026-07-31 08:45:48 INFO     app.services.scheduler  [S2][INTC] PUT entries disabled (s2_puts_enabled=0) — skip
2026-07-31 08:45:48 INFO     app.services.strategy_ema  [S2-freshness][GOOGL] No CALL EMA cross found in TODAY's session — trend predates today, blocking
2026-07-31 08:45:48 DEBUG    app.services.strategy_ema  [S2-freshness][NOW] CALL cross 0 bars old — within 40-bar window ✓
2026-07-31 08:45:48 DEBUG    app.services.strategy_ema  [S2-pullback][NOW] CALL — no pullback: pullback-bar low=110.1650 close=110.3800 EMA9=109.8902 (need low≤EMA9 or close within 0.1099)
2026-07-31 08:45:49 INFO     app.services.scheduler  [energy-gate][UBER] Symbol not in play — true range 38% of its own ATR(14) (min 50%) — blocking entry
2026-07-31 08:45:49 INFO     app.services.scheduler  [vol-ceiling][COIN] Symbol too hot — true range 270% of its own ATR(14) (max 250%) — post-event whip risk, blocking entry
2026-07-31 08:45:49 DEBUG    app.services.strategy_ema  [S2-freshness][MSFT] CALL cross 3 bars old — within 40-bar window ✓
2026-07-31 08:45:49 DEBUG    app.services.strategy_ema  [S2-pullback][MSFT] CALL — no pullback: pullback-bar low=459.3850 close=460.3600 EMA9=457.1113 (need low≤EMA9 or close within 0.4571)
2026-07-31 08:45:49 INFO     app.services.scheduler  [S2][META] PUT entries disabled (s2_puts_enabled=0) — skip
2026-07-31 08:45:49 INFO     app.services.scheduler  [S2][TSLA] PUT entries disabled (s2_puts_enabled=0) — skip
2026-07-31 08:46:17 INFO     app.services.scheduler  [vol-ceiling][AMZN] Symbol too hot — true range 526% of its own ATR(14) (max 250%) — post-event whip risk, blocking entry
2026-07-31 08:46:17 INFO     app.services.scheduler  [Primary] [adaptive-band] QQQ → band=0.80% (normal (adaptive off)) | regime=BEARISH
2026-07-31 08:46:17 INFO     app.services.scheduler  [S2][NVDA] PUT entries disabled (s2_puts_enabled=0) — skip
2026-07-31 08:46:17 INFO     app.services.scheduler  [vol-ceiling][AAPL] Symbol too hot — true range 409% of its own ATR(14) (max 250%) — post-event whip risk, blocking entry
2026-07-31 08:46:17 INFO     app.services.scheduler  [vol-ceiling][AAPL] Symbol too hot — true range 409% of its own ATR(14) (max 250%) — post-event whip risk, blocking entry
2026-07-31 08:46:17 INFO     app.services.strategy  [NVDA] [L1] CALL rejected — price 196.03 is BELOW VWAP 197.43 (wrong side for bullish bounce)
2026-07-31 08:46:18 INFO     app.services.scheduler  [vol-ceiling][AMZN] Symbol too hot — true range 526% of its own ATR(14) (max 250%) — post-event whip risk, blocking entry
2026-07-31 08:46:18 INFO     app.services.strategy_ema  [S2-freshness][GOOGL] No CALL EMA cross found in TODAY's session — trend predates today, blocking
2026-07-31 08:46:18 INFO     app.services.scheduler  [S2][INTC] PUT entries disabled (s2_puts_enabled=0) — skip
2026-07-31 08:46:19 INFO     app.services.strategy  [GOOGL] [L1] Signal: CALL  price=349.56  vwap=347.15  distance=0.695%  trend=bullish
2026-07-31 08:46:19 INFO     app.services.strategy  [L2] Directional bounce NOT confirmed for CALL — closes not rising. Last closes: [349.61]
2026-07-31 08:46:19 INFO     app.services.strategy  [PLTR] [L1] PUT entries disabled (s1_puts_enabled=0) — skip
2026-07-31 08:46:19 INFO     app.services.strategy  [INTC] [L1] PUT entries disabled (s1_puts_enabled=0) — skip
2026-07-31 08:46:19 DEBUG    app.services.strategy_ema  [S2-freshness][NOW] CALL cross 0 bars old — within 40-bar window ✓
2026-07-31 08:46:20 INFO     app.services.strategy  [NOW] [L1] EMA trend 'bullish' not yet confirmed for 2 consecutive bars — skipping
2026-07-31 08:46:20 INFO     app.services.strategy  [SHOP] [L1] PUT entries disabled (s1_puts_enabled=0) — skip
2026-07-31 08:46:20 INFO     app.services.scheduler  [energy-gate][UBER] Symbol not in play — true range 38% of its own ATR(14) (min 50%) — blocking entry
2026-07-31 08:46:20 INFO     app.services.strategy  [NFLX] [L1] PUT entries disabled (s1_puts_enabled=0) — skip
2026-07-31 08:46:20 DEBUG    app.services.strategy_ema  [S2-pullback][NOW] CALL — no pullback: pullback-bar low=110.3200 close=110.4500 EMA9=109.8902 (need low≤EMA9 or close within 0.1099)
2026-07-31 08:46:21 INFO     app.services.strategy  [UBER] [L1] EMA trend 'bullish' not yet confirmed for 2 consecutive bars — skipping
2026-07-31 08:46:21 INFO     app.services.scheduler  [vol-ceiling][COIN] Symbol too hot — true range 270% of its own ATR(14) (max 250%) — post-event whip risk, blocking entry
2026-07-31 08:46:21 INFO     app.services.strategy  [IWM] [L1] PUT entries disabled (s1_puts_enabled=0) — skip
2026-07-31 08:46:21 INFO     app.services.strategy  [CRM] [L1] CALL rejected — price 182.34 is 0.809% from VWAP 180.87 (band=0.80% — waiting for pullback to VWAP)
2026-07-31 08:46:22 INFO     app.services.strategy  [FISV] [L1] PUT entries disabled (s1_puts_enabled=0) — skip
2026-07-31 08:46:22 INFO     app.services.scheduler  [vol-ceiling][COIN] Symbol too hot — true range 270% of its own ATR(14) (max 250%) — post-event whip risk, blocking entry
2026-07-31 08:46:22 INFO     app.services.scheduler  [S2][TSLA] PUT entries disabled (s2_puts_enabled=0) — skip
2026-07-31 08:46:23 INFO     app.services.strategy  [QCOM] [L1] PUT entries disabled (s1_puts_enabled=0) — skip
2026-07-31 08:46:23 DEBUG    app.services.strategy_ema  [S2-freshness][MSFT] CALL cross 3 bars old — within 40-bar window ✓
2026-07-31 08:46:23 INFO     app.services.strategy  [MSFT] [L1] Signal: CALL  price=460.25  vwap=456.89  distance=0.737%  trend=bullish
2026-07-31 08:46:23 INFO     app.services.scheduler  [MSFT] [L5] Regime gate: QQQ BEARISH (below VWAP) — blocking CALL
2026-07-31 08:46:23 INFO     app.services.strategy  [TSLA] [L1] PUT entries disabled (s1_puts_enabled=0) — skip
2026-07-31 08:46:24 INFO     app.services.strategy  [META] [L1] EMA trend 'bullish' not yet confirmed for 2 consecutive bars — skipping
2026-07-31 08:46:24 DEBUG    app.services.strategy_ema  [S2-pullback][MSFT] CALL — no pullback: pullback-bar low=459.6100 close=459.7850 EMA9=457.1113 (need low≤EMA9 or close within 0.4571)
2026-07-31 08:46:24 INFO     app.services.scheduler  [S2][META] PUT entries disabled (s2_puts_enabled=0) — skip
2026-07-31 08:46:47 INFO     app.services.scheduler  [vol-ceiling][AMZN] Symbol too hot — true range 526% of its own ATR(14) (max 250%) — post-event whip risk, blocking entry
2026-07-31 08:46:47 INFO     app.services.scheduler  [vol-ceiling][AAPL] Symbol too hot — true range 409% of its own ATR(14) (max 250%) — post-event whip risk, blocking entry
2026-07-31 08:46:47 INFO     app.services.scheduler  [S2][NVDA] PUT entries disabled (s2_puts_enabled=0) — skip
2026-07-31 08:46:47 INFO     app.services.strategy_ema  [S2-freshness][GOOGL] No CALL EMA cross found in TODAY's session — trend predates today, blocking
2026-07-31 08:46:47 INFO     app.services.scheduler  [S2][INTC] PUT entries disabled (s2_puts_enabled=0) — skip
2026-07-31 08:46:48 DEBUG    app.services.strategy_ema  [S2-freshness][NOW] CALL cross 0 bars old — within 40-bar window ✓
2026-07-31 08:46:48 DEBUG    app.services.strategy_ema  [S2-pullback][NOW] CALL — no pullback: pullback-bar low=110.3200 close=110.4500 EMA9=109.8902 (need low≤EMA9 or close within 0.1099)
2026-07-31 08:46:48 INFO     app.services.scheduler  [energy-gate][UBER] Symbol not in play — true range 38% of its own ATR(14) (min 50%) — blocking entry
2026-07-31 08:46:49 INFO     app.services.scheduler  [vol-ceiling][COIN] Symbol too hot — true range 270% of its own ATR(14) (max 250%) — post-event whip risk, blocking entry
2026-07-31 08:46:49 DEBUG    app.services.strategy_ema  [S2-freshness][MSFT] CALL cross 3 bars old — within 40-bar window ✓
2026-07-31 08:46:49 DEBUG    app.services.strategy_ema  [S2-pullback][MSFT] CALL — no pullback: pullback-bar low=459.6100 close=459.7850 EMA9=457.1113 (need low≤EMA9 or close within 0.4571)
2026-07-31 08:46:49 INFO     app.services.scheduler  [S2][TSLA] PUT entries disabled (s2_puts_enabled=0) — skip
2026-07-31 08:46:49 INFO     app.services.scheduler  [S2][META] PUT entries disabled (s2_puts_enabled=0) — skip
2026-07-31 08:47:17 INFO     app.services.scheduler  [Primary] [adaptive-band] QQQ → band=0.80% (normal (adaptive off)) | regime=BEARISH
2026-07-31 08:47:17 INFO     app.services.scheduler  [vol-ceiling][AMZN] Symbol too hot — true range 526% of its own ATR(14) (max 250%) — post-event whip risk, blocking entry
2026-07-31 08:47:17 INFO     app.services.scheduler  [vol-ceiling][AAPL] Symbol too hot — true range 409% of its own ATR(14) (max 250%) — post-event whip risk, blocking entry
2026-07-31 08:47:17 INFO     app.services.scheduler  [vol-ceiling][AAPL] Symbol too hot — true range 409% of its own ATR(14) (max 250%) — post-event whip risk, blocking entry
2026-07-31 08:47:18 INFO     app.services.scheduler  [S2][NVDA] PUT entries disabled (s2_puts_enabled=0) — skip
2026-07-31 08:47:18 INFO     app.services.scheduler  [vol-ceiling][AMZN] Symbol too hot — true range 526% of its own ATR(14) (max 250%) — post-event whip risk, blocking entry
2026-07-31 08:47:18 INFO     app.services.strategy  [NVDA] [L1] CALL rejected — price 195.89 is BELOW VWAP 197.42 (wrong side for bullish bounce)
2026-07-31 08:47:18 INFO     app.services.strategy_ema  [S2-freshness][GOOGL] No CALL EMA cross found in TODAY's session — trend predates today, blocking
2026-07-31 08:47:18 INFO     app.services.scheduler  [S2][INTC] PUT entries disabled (s2_puts_enabled=0) — skip
2026-07-31 08:47:19 INFO     app.services.strategy  [GOOGL] [L1] Signal: CALL  price=349.82  vwap=347.15  distance=0.769%  trend=bullish
2026-07-31 08:47:19 INFO     app.services.scheduler  [GOOGL] [L5] Regime gate: QQQ BEARISH (below VWAP) — blocking CALL
2026-07-31 08:47:19 INFO     app.services.strategy  [INTC] [L1] PUT entries disabled (s1_puts_enabled=0) — skip
2026-07-31 08:47:19 INFO     app.services.strategy  [PLTR] [L1] PUT entries disabled (s1_puts_enabled=0) — skip
2026-07-31 08:47:20 DEBUG    app.services.strategy_ema  [S2-freshness][NOW] CALL cross 0 bars old — within 40-bar window ✓
2026-07-31 08:47:20 INFO     app.services.strategy  [NFLX] [L1] PUT entries disabled (s1_puts_enabled=0) — skip
2026-07-31 08:47:20 INFO     app.services.strategy  [NOW] [L1] EMA trend 'bullish' not yet confirmed for 2 consecutive bars — skipping
2026-07-31 08:47:21 DEBUG    app.services.strategy_ema  [S2-pullback][NOW] CALL — no pullback: pullback-bar low=110.4300 close=110.5550 EMA9=109.8902 (need low≤EMA9 or close within 0.1099)
2026-07-31 08:47:21 INFO     app.services.strategy  [SHOP] [L1] PUT entries disabled (s1_puts_enabled=0) — skip
2026-07-31 08:47:21 INFO     app.services.scheduler  [energy-gate][UBER] Symbol not in play — true range 38% of its own ATR(14) (min 50%) — blocking entry
2026-07-31 08:47:22 INFO     app.services.strategy  [IWM] [L1] PUT entries disabled (s1_puts_enabled=0) — skip
2026-07-31 08:47:22 INFO     app.services.strategy  [CRM] [L1] CALL rejected — price 182.35 is 0.811% from VWAP 180.88 (band=0.80% — waiting for pullback to VWAP)
2026-07-31 08:47:22 INFO     app.services.scheduler  [vol-ceiling][COIN] Symbol too hot — true range 270% of its own ATR(14) (max 250%) — post-event whip risk, blocking entry
2026-07-31 08:47:22 INFO     app.services.strategy  [UBER] [L1] EMA trend 'bullish' not yet confirmed for 2 consecutive bars — skipping
2026-07-31 08:47:23 INFO     app.services.scheduler  [vol-ceiling][COIN] Symbol too hot — true range 270% of its own ATR(14) (max 250%) — post-event whip risk, blocking entry
2026-07-31 08:47:23 INFO     app.services.strategy  [QCOM] [L1] PUT entries disabled (s1_puts_enabled=0) — skip
2026-07-31 08:47:23 INFO     app.services.scheduler  [S2][TSLA] PUT entries disabled (s2_puts_enabled=0) — skip
2026-07-31 08:47:24 INFO     app.services.strategy  [FISV] [L1] PUT entries disabled (s1_puts_enabled=0) — skip
2026-07-31 08:47:24 DEBUG    app.services.strategy_ema  [S2-freshness][MSFT] CALL cross 3 bars old — within 40-bar window ✓
2026-07-31 08:47:24 INFO     app.services.strategy  [MSFT] [L1] CALL rejected — price 460.62 is 0.813% from VWAP 456.91 (band=0.80% — waiting for pullback to VWAP)
2026-07-31 08:47:24 INFO     app.services.strategy  [TSLA] [L1] PUT entries disabled (s1_puts_enabled=0) — skip
2026-07-31 08:47:24 DEBUG    app.services.strategy_ema  [S2-pullback][MSFT] CALL — no pullback: pullback-bar low=459.6400 close=459.8100 EMA9=457.1113 (need low≤EMA9 or close within 0.4571)
2026-07-31 08:47:24 INFO     app.services.scheduler  [S2][META] PUT entries disabled (s2_puts_enabled=0) — skip
2026-07-31 08:47:25 INFO     app.services.strategy  [META] [L1] EMA trend 'bullish' not yet confirmed for 2 consecutive bars — skipping
2026-07-31 08:47:35 INFO     app.routers.trades  [WMT] Trade 209 broker disaster stop modified to $1.55 (bot stop $1.65 − 6% buffer) (order 139593654)
2026-07-31 08:47:35 INFO     app.routers.trades  [WMT] Trade 209: broker TP skipped — resting stop 139593654 reserves the contracts (bot-side TP enforces the new target)
2026-07-31 08:47:35 INFO     app.routers.trades  [WMT] Trade 209 levels updated — stop=$1.65  tp=$2.06
2026-07-31 08:47:47 INFO     app.services.scheduler  [S2][NVDA] PUT entries disabled (s2_puts_enabled=0) — skip
2026-07-31 08:47:47 INFO     app.services.scheduler  [vol-ceiling][AAPL] Symbol too hot — true range 409% of its own ATR(14) (max 250%) — post-event whip risk, blocking entry
2026-07-31 08:47:47 INFO     app.services.scheduler  [vol-ceiling][AMZN] Symbol too hot — true range 526% of its own ATR(14) (max 250%) — post-event whip risk, blocking entry
2026-07-31 08:47:48 INFO     app.services.scheduler  [S2][INTC] PUT entries disabled (s2_puts_enabled=0) — skip
2026-07-31 08:47:48 INFO     app.services.strategy_ema  [S2-freshness][GOOGL] No CALL EMA cross found in TODAY's session — trend predates today, blocking
2026-07-31 08:47:49 DEBUG    app.services.strategy_ema  [S2-freshness][NOW] CALL cross 0 bars old — within 40-bar window ✓
2026-07-31 08:47:49 DEBUG    app.services.strategy_ema  [S2-pullback][NOW] CALL — no pullback: pullback-bar low=110.4300 close=110.5550 EMA9=109.8902 (need low≤EMA9 or close within 0.1099)
2026-07-31 08:47:49 INFO     app.services.scheduler  [energy-gate][UBER] Symbol not in play — true range 38% of its own ATR(14) (min 50%) — blocking entry
2026-07-31 08:47:50 INFO     app.services.scheduler  [vol-ceiling][COIN] Symbol too hot — true range 270% of its own ATR(14) (max 250%) — post-event whip risk, blocking entry
2026-07-31 08:47:50 INFO     app.services.scheduler  [S2][TSLA] PUT entries disabled (s2_puts_enabled=0) — skip
2026-07-31 08:47:51 DEBUG    app.services.strategy_ema  [S2-freshness][MSFT] CALL cross 3 bars old — within 40-bar window ✓
2026-07-31 08:47:51 INFO     app.services.scheduler  [S2][META] PUT entries disabled (s2_puts_enabled=0) — skip
2026-07-31 08:47:51 DEBUG    app.services.strategy_ema  [S2-pullback][MSFT] CALL — no pullback: pullback-bar low=459.6400 close=459.8100 EMA9=457.1113 (need low≤EMA9 or close within 0.4571)
2026-07-31 08:48:17 INFO     app.services.scheduler  [Primary] [adaptive-band] QQQ → band=0.80% (normal (adaptive off)) | regime=BEARISH
2026-07-31 08:48:17 INFO     app.services.scheduler  [S2][NVDA] PUT entries disabled (s2_puts_enabled=0) — skip
2026-07-31 08:48:17 INFO     app.services.scheduler  [vol-ceiling][AAPL] Symbol too hot — true range 409% of its own ATR(14) (max 250%) — post-event whip risk, blocking entry
2026-07-31 08:48:17 INFO     app.services.scheduler  [vol-ceiling][AMZN] Symbol too hot — true range 526% of its own ATR(14) (max 250%) — post-event whip risk, blocking entry
2026-07-31 08:48:17 INFO     app.services.scheduler  [vol-ceiling][AAPL] Symbol too hot — true range 409% of its own ATR(14) (max 250%) — post-event whip risk, blocking entry
2026-07-31 08:48:18 INFO     app.services.strategy  [NVDA] [L1] CALL rejected — price 195.80 is BELOW VWAP 197.41 (wrong side for bullish bounce)
2026-07-31 08:48:18 INFO     app.services.scheduler  [vol-ceiling][AMZN] Symbol too hot — true range 526% of its own ATR(14) (max 250%) — post-event whip risk, blocking entry
2026-07-31 08:48:18 INFO     app.services.scheduler  [S2][INTC] PUT entries disabled (s2_puts_enabled=0) — skip
2026-07-31 08:48:18 INFO     app.services.strategy_ema  [S2-freshness][GOOGL] No CALL EMA cross found in TODAY's session — trend predates today, blocking
2026-07-31 08:48:19 INFO     app.services.strategy  [GOOGL] [L1] Signal: CALL  price=349.25  vwap=347.16  distance=0.602%  trend=bullish
2026-07-31 08:48:19 INFO     app.services.strategy  [L2] Directional bounce NOT confirmed for CALL — closes not rising. Last closes: [349.25]
2026-07-31 08:48:19 INFO     app.services.strategy  [INTC] [L1] PUT entries disabled (s1_puts_enabled=0) — skip
2026-07-31 08:48:19 DEBUG    app.services.strategy_ema  [S2-freshness][NOW] CALL cross 0 bars old — within 40-bar window ✓
2026-07-31 08:48:19 INFO     app.services.strategy  [PLTR] [L1] PUT entries disabled (s1_puts_enabled=0) — skip
2026-07-31 08:48:20 INFO     app.services.strategy  [NOW] [L1] EMA trend 'bullish' not yet confirmed for 2 consecutive bars — skipping
2026-07-31 08:48:20 DEBUG    app.services.strategy_ema  [S2-pullback][NOW] CALL — no pullback: pullback-bar low=110.5300 close=110.7650 EMA9=109.8902 (need low≤EMA9 or close within 0.1099)
2026-07-31 08:48:20 INFO     app.services.strategy  [SHOP] [L1] PUT entries disabled (s1_puts_enabled=0) — skip
2026-07-31 08:48:20 INFO     app.services.strategy  [NFLX] [L1] PUT entries disabled (s1_puts_enabled=0) — skip
2026-07-31 08:48:20 INFO     app.services.scheduler  [energy-gate][UBER] Symbol not in play — true range 38% of its own ATR(14) (min 50%) — blocking entry
2026-07-31 08:48:21 INFO     app.services.scheduler  [vol-ceiling][COIN] Symbol too hot — true range 270% of its own ATR(14) (max 250%) — post-event whip risk, blocking entry
2026-07-31 08:48:21 INFO     app.services.strategy  [IWM] [L1] PUT entries disabled (s1_puts_enabled=0) — skip
2026-07-31 08:48:21 INFO     app.services.strategy  [CRM] [L1] Signal: CALL  price=182.13  vwap=180.89  distance=0.684%  trend=bullish
2026-07-31 08:48:21 INFO     app.services.strategy  [L2] Directional bounce NOT confirmed for CALL — closes not rising. Last closes: [182.23]
2026-07-31 08:48:21 INFO     app.services.strategy  [UBER] [L1] EMA trend 'bullish' not yet confirmed for 2 consecutive bars — skipping
2026-07-31 08:48:21 INFO     app.services.scheduler  [vol-ceiling][COIN] Symbol too hot — true range 270% of its own ATR(14) (max 250%) — post-event whip risk, blocking entry
2026-07-31 08:48:22 INFO     app.services.scheduler  [S2][TSLA] PUT entries disabled (s2_puts_enabled=0) — skip
2026-07-31 08:48:22 INFO     app.services.strategy  [TSLA] [L1] PUT entries disabled (s1_puts_enabled=0) — skip
2026-07-31 08:48:22 INFO     app.services.strategy  [QCOM] [L1] PUT entries disabled (s1_puts_enabled=0) — skip
2026-07-31 08:48:22 INFO     app.services.strategy  [FISV] [L1] PUT entries disabled (s1_puts_enabled=0) — skip
2026-07-31 08:48:23 INFO     app.services.scheduler  [S2][META] PUT entries disabled (s2_puts_enabled=0) — skip
2026-07-31 08:48:23 DEBUG    app.services.strategy_ema  [S2-freshness][MSFT] CALL cross 3 bars old — within 40-bar window ✓
2026-07-31 08:48:23 INFO     app.services.strategy  [META] [L1] EMA trend 'bullish' not yet confirmed for 2 consecutive bars — skipping
2026-07-31 08:48:23 DEBUG    app.services.strategy_ema  [S2-pullback][MSFT] CALL — no pullback: pullback-bar low=459.7600 close=460.4400 EMA9=457.1113 (need low≤EMA9 or close within 0.4571)
2026-07-31 08:48:23 INFO     app.services.strategy  [MSFT] [L1] Signal: CALL  price=459.89  vwap=456.92  distance=0.651%  trend=bullish
2026-07-31 08:48:23 INFO     app.services.scheduler  [MSFT] [L5] Regime gate: QQQ BEARISH (below VWAP) — blocking CALL
2026-07-31 08:48:47 INFO     app.services.scheduler  [vol-ceiling][AMZN] Symbol too hot — true range 526% of its own ATR(14) (max 250%) — post-event whip risk, blocking entry
2026-07-31 08:48:47 INFO     app.services.scheduler  [S2][NVDA] PUT entries disabled (s2_puts_enabled=0) — skip
2026-07-31 08:48:47 INFO     app.services.scheduler  [vol-ceiling][AAPL] Symbol too hot — true range 409% of its own ATR(14) (max 250%) — post-event whip risk, blocking entry
2026-07-31 08:48:47 INFO     app.services.scheduler  [S2][INTC] PUT entries disabled (s2_puts_enabled=0) — skip
2026-07-31 08:48:48 INFO     app.services.strategy_ema  [S2-freshness][GOOGL] No CALL EMA cross found in TODAY's session — trend predates today, blocking
2026-07-31 08:48:48 DEBUG    app.services.strategy_ema  [S2-freshness][NOW] CALL cross 0 bars old — within 40-bar window ✓
2026-07-31 08:48:48 DEBUG    app.services.strategy_ema  [S2-pullback][NOW] CALL — no pullback: pullback-bar low=110.5300 close=110.7650 EMA9=109.8902 (need low≤EMA9 or close within 0.1099)
2026-07-31 08:48:49 INFO     app.services.scheduler  [vol-ceiling][COIN] Symbol too hot — true range 270% of its own ATR(14) (max 250%) — post-event whip risk, blocking entry
2026-07-31 08:48:49 INFO     app.services.scheduler  [energy-gate][UBER] Symbol not in play — true range 38% of its own ATR(14) (min 50%) — blocking entry
2026-07-31 08:48:50 INFO     app.services.scheduler  [S2][TSLA] PUT entries disabled (s2_puts_enabled=0) — skip
2026-07-31 08:48:50 DEBUG    app.services.strategy_ema  [S2-freshness][MSFT] CALL cross 3 bars old — within 40-bar window ✓
2026-07-31 08:48:50 DEBUG    app.services.strategy_ema  [S2-pullback][MSFT] CALL — no pullback: pullback-bar low=459.7600 close=460.4400 EMA9=457.1113 (need low≤EMA9 or close within 0.4571)
2026-07-31 08:48:50 INFO     app.services.scheduler  [S2][META] PUT entries disabled (s2_puts_enabled=0) — skip
2026-07-31 08:49:17 INFO     app.services.scheduler  [Primary] [adaptive-band] QQQ → band=0.80% (normal (adaptive off)) | regime=BEARISH
2026-07-31 08:49:17 INFO     app.services.scheduler  [vol-ceiling][AAPL] Symbol too hot — true range 409% of its own ATR(14) (max 250%) — post-event whip risk, blocking entry
2026-07-31 08:49:18 INFO     app.services.scheduler  [vol-ceiling][AMZN] Symbol too hot — true range 526% of its own ATR(14) (max 250%) — post-event whip risk, blocking entry
2026-07-31 08:49:18 INFO     app.services.scheduler  [S2][NVDA] PUT entries disabled (s2_puts_enabled=0) — skip
2026-07-31 08:49:18 INFO     app.services.scheduler  [vol-ceiling][AMZN] Symbol too hot — true range 526% of its own ATR(14) (max 250%) — post-event whip risk, blocking entry
2026-07-31 08:49:18 INFO     app.services.strategy_ema  [S2-freshness][GOOGL] No CALL EMA cross found in TODAY's session — trend predates today, blocking
2026-07-31 08:49:19 INFO     app.services.scheduler  [vol-ceiling][AAPL] Symbol too hot — true range 409% of its own ATR(14) (max 250%) — post-event whip risk, blocking entry
2026-07-31 08:49:19 INFO     app.services.strategy  [NVDA] [L1] CALL rejected — price 195.88 is BELOW VWAP 197.41 (wrong side for bullish bounce)
2026-07-31 08:49:19 INFO     app.services.strategy  [GOOGL] [L1] Signal: CALL  price=349.29  vwap=347.17  distance=0.612%  trend=bullish
2026-07-31 08:49:19 INFO     app.services.strategy  [GOOGL] [L3] Momentum NOT confirmed for CALL — last bar close=349.27 open=349.28 prev_close=349.25 (green=False rising=True). Waiting for upward momentum.
2026-07-31 08:49:19 INFO     app.services.scheduler  [S2][INTC] PUT entries disabled (s2_puts_enabled=0) — skip
2026-07-31 08:49:20 DEBUG    app.services.strategy_ema  [S2-freshness][NOW] CALL cross 0 bars old — within 40-bar window ✓
2026-07-31 08:49:20 DEBUG    app.services.strategy_ema  [S2-pullback][NOW] CALL — no pullback: pullback-bar low=110.5700 close=110.6098 EMA9=109.8902 (need low≤EMA9 or close within 0.1099)
2026-07-31 08:49:20 INFO     app.services.strategy  [PLTR] [L1] PUT entries disabled (s1_puts_enabled=0) — skip
2026-07-31 08:49:20 INFO     app.services.strategy  [INTC] [L1] PUT entries disabled (s1_puts_enabled=0) — skip
2026-07-31 08:49:20 INFO     app.services.strategy  [NOW] [L1] EMA trend 'bullish' not yet confirmed for 2 consecutive bars — skipping
2026-07-31 08:49:21 INFO     app.services.scheduler  [energy-gate][UBER] Symbol not in play — true range 38% of its own ATR(14) (min 50%) — blocking entry
2026-07-31 08:49:21 INFO     app.services.strategy  [NFLX] [L1] PUT entries disabled (s1_puts_enabled=0) — skip
2026-07-31 08:49:21 INFO     app.services.strategy  [SHOP] [L1] PUT entries disabled (s1_puts_enabled=0) — skip
2026-07-31 08:49:22 INFO     app.services.strategy  [IWM] [L1] PUT entries disabled (s1_puts_enabled=0) — skip
2026-07-31 08:49:22 INFO     app.services.strategy  [UBER] [L1] EMA trend 'bullish' not yet confirmed for 2 consecutive bars — skipping
2026-07-31 08:49:22 INFO     app.services.scheduler  [vol-ceiling][COIN] Symbol too hot — true range 270% of its own ATR(14) (max 250%) — post-event whip risk, blocking entry
2026-07-31 08:49:22 INFO     app.services.strategy  [CRM] [L1] Signal: CALL  price=182.22  vwap=180.90  distance=0.728%  trend=bullish
2026-07-31 08:49:22 INFO     app.services.scheduler  [CRM] [L5] Regime gate: QQQ BEARISH (below VWAP) — blocking CALL
2026-07-31 08:49:23 INFO     app.services.strategy  [QCOM] [L1] PUT entries disabled (s1_puts_enabled=0) — skip
2026-07-31 08:49:23 INFO     app.services.scheduler  [vol-ceiling][COIN] Symbol too hot — true range 270% of its own ATR(14) (max 250%) — post-event whip risk, blocking entry
2026-07-31 08:49:23 INFO     app.services.strategy  [FISV] [L1] PUT entries disabled (s1_puts_enabled=0) — skip
2026-07-31 08:49:23 INFO     app.services.scheduler  [S2][TSLA] PUT entries disabled (s2_puts_enabled=0) — skip
2026-07-31 08:49:24 DEBUG    app.services.strategy_ema  [S2-freshness][MSFT] CALL cross 3 bars old — within 40-bar window ✓
2026-07-31 08:49:24 DEBUG    app.services.strategy_ema  [S2-pullback][MSFT] CALL — no pullback: pullback-bar low=460.2500 close=460.5700 EMA9=457.1113 (need low≤EMA9 or close within 0.4571)
2026-07-31 08:49:24 INFO     app.services.scheduler  [S2][META] PUT entries disabled (s2_puts_enabled=0) — skip
2026-07-31 08:49:24 INFO     app.services.strategy  [TSLA] [L1] PUT entries disabled (s1_puts_enabled=0) — skip
2026-07-31 08:49:24 INFO     app.services.strategy  [MSFT] [L1] Signal: CALL  price=459.89  vwap=456.94  distance=0.645%  trend=bullish
2026-07-31 08:49:24 INFO     app.services.strategy  [L2] Directional bounce NOT confirmed for CALL — closes not rising. Last closes: [460.28]
2026-07-31 08:49:24 INFO     app.services.strategy  [META] [L1] EMA trend 'bullish' not yet confirmed for 2 consecutive bars — skipping
2026-07-31 08:49:47 INFO     app.services.scheduler  [vol-ceiling][AAPL] Symbol too hot — true range 409% of its own ATR(14) (max 250%) — post-event whip risk, blocking entry
2026-07-31 08:49:47 INFO     app.services.scheduler  [vol-ceiling][AMZN] Symbol too hot — true range 526% of its own ATR(14) (max 250%) — post-event whip risk, blocking entry
2026-07-31 08:49:47 INFO     app.services.scheduler  [S2][NVDA] PUT entries disabled (s2_puts_enabled=0) — skip
2026-07-31 08:49:47 INFO     app.services.scheduler  [S2][INTC] PUT entries disabled (s2_puts_enabled=0) — skip
2026-07-31 08:49:48 INFO     app.services.strategy_ema  [S2-freshness][GOOGL] No CALL EMA cross found in TODAY's session — trend predates today, blocking
2026-07-31 08:49:48 DEBUG    app.services.strategy_ema  [S2-freshness][NOW] CALL cross 0 bars old — within 40-bar window ✓
2026-07-31 08:49:48 DEBUG    app.services.strategy_ema  [S2-pullback][NOW] CALL — no pullback: pullback-bar low=110.5700 close=110.6098 EMA9=109.8902 (need low≤EMA9 or close within 0.1099)
2026-07-31 08:49:48 INFO     app.services.scheduler  [vol-ceiling][COIN] Symbol too hot — true range 270% of its own ATR(14) (max 250%) — post-event whip risk, blocking entry
2026-07-31 08:49:48 INFO     app.services.scheduler  [energy-gate][UBER] Symbol not in play — true range 38% of its own ATR(14) (min 50%) — blocking entry
2026-07-31 08:49:49 INFO     app.services.scheduler  [S2][META] PUT entries disabled (s2_puts_enabled=0) — skip
2026-07-31 08:49:49 DEBUG    app.services.strategy_ema  [S2-freshness][MSFT] CALL cross 3 bars old — within 40-bar window ✓
2026-07-31 08:49:49 DEBUG    app.services.strategy_ema  [S2-pullback][MSFT] CALL — no pullback: pullback-bar low=460.2500 close=460.5700 EMA9=457.1113 (need low≤EMA9 or close within 0.4571)
2026-07-31 08:49:49 INFO     app.services.scheduler  [S2][TSLA] PUT entries disabled (s2_puts_enabled=0) — skip
2026-07-31 08:49:59 INFO     app.routers.trades  [WMT] Trade 209 broker disaster stop modified to $1.71 (bot stop $1.82 − 6% buffer) (order 139593654)
2026-07-31 08:49:59 INFO     app.routers.trades  [WMT] Trade 209: broker TP skipped — resting stop 139593654 reserves the contracts (bot-side TP enforces the new target)
2026-07-31 08:49:59 INFO     app.routers.trades  [WMT] Trade 209 levels updated — stop=$1.82  tp=$2.08
2026-07-31 08:50:17 INFO     app.services.scheduler  [Primary] [adaptive-band] QQQ → band=0.80% (normal (adaptive off)) | regime=BEARISH
2026-07-31 08:50:17 INFO     app.services.scheduler  [vol-ceiling][AAPL] Symbol too hot — true range 409% of its own ATR(14) (max 250%) — post-event whip risk, blocking entry
2026-07-31 08:50:17 INFO     app.services.scheduler  [vol-ceiling][AMZN] Symbol too hot — true range 526% of its own ATR(14) (max 250%) — post-event whip risk, blocking entry
2026-07-31 08:50:18 INFO     app.services.strategy  [NVDA] [L1] CALL rejected — price 195.97 is BELOW VWAP 197.41 (wrong side for bullish bounce)
2026-07-31 08:50:18 INFO     app.services.strategy_ema  [S2-5m-filter][WMT] PUT blocked — EMA9=111.4605 EMA21=111.3560 close=111.5650 VWAP=111.1296 EMA9_slope=↑ EMA21_slope=↑
2026-07-31 08:50:18 INFO     app.services.strategy_ema  [S2-5m-filter][NVDA] CALL blocked — EMA9=196.3740 EMA21=196.5696 close=195.9200 VWAP=197.4085 EMA9_slope=↓ EMA21_slope=↓
2026-07-31 08:50:18 INFO     app.services.scheduler  [S2][NVDA] PUT entries disabled (s2_puts_enabled=0) — skip
2026-07-31 08:50:18 INFO     app.services.scheduler  [vol-ceiling][AAPL] Symbol too hot — true range 409% of its own ATR(14) (max 250%) — post-event whip risk, blocking entry
2026-07-31 08:50:18 INFO     app.services.strategy_ema  [S2-5m-filter][GOOGL] CALL blocked — EMA9=349.7275 EMA21=348.1489 close=349.6150 VWAP=347.0925 EMA9_slope=↓ EMA21_slope=↑
2026-07-31 08:50:18 INFO     app.services.scheduler  [vol-ceiling][AMZN] Symbol too hot — true range 526% of its own ATR(14) (max 250%) — post-event whip risk, blocking entry
2026-07-31 08:50:19 INFO     app.services.strategy_ema  [S2-5m-filter][INTC] CALL blocked — EMA9=92.3047 EMA21=92.5810 close=91.9400 VWAP=93.8795 EMA9_slope=↓ EMA21_slope=↓
2026-07-31 08:50:19 INFO     app.services.scheduler  [S2][INTC] PUT entries disabled (s2_puts_enabled=0) — skip
2026-07-31 08:50:19 INFO     app.services.strategy  [GOOGL] [L1] Signal: CALL  price=349.68  vwap=347.17  distance=0.722%  trend=bullish
2026-07-31 08:50:19 INFO     app.services.scheduler  [GOOGL] [L5] Regime gate: QQQ BEARISH (below VWAP) — blocking CALL
2026-07-31 08:50:19 INFO     app.services.strategy_ema  [S2-5m-filter][PLTR] CALL blocked — EMA9=120.6910 EMA21=120.7860 close=121.1800 VWAP=121.1768 EMA9_slope=↑ EMA21_slope=↑
2026-07-31 08:50:21 INFO     app.services.strategy_ema  [S2-5m-filter][SHOP] CALL blocked — EMA9=116.3625 EMA21=117.3173 close=116.2400 VWAP=118.4065 EMA9_slope=↓ EMA21_slope=↓
2026-07-31 08:50:21 INFO     app.services.scheduler  [S2][SHOP] PUT entries disabled (s2_puts_enabled=0) — skip
2026-07-31 08:50:21 INFO     app.services.strategy  [PLTR] [L1] PUT entries disabled (s1_puts_enabled=0) — skip
2026-07-31 08:50:21 INFO     app.services.strategy  [INTC] [L1] PUT entries disabled (s1_puts_enabled=0) — skip
2026-07-31 08:50:22 DEBUG    app.services.strategy_ema  [S2-5m-filter][NOW] CALL OK — EMA9=109.9961 > EMA21=109.8900 close=110.4200 > VWAP=109.9662 slopes both↑
2026-07-31 08:50:22 DEBUG    app.services.strategy_ema  [S2-freshness][NOW] CALL cross 1 bars old — within 40-bar window ✓
2026-07-31 08:50:22 INFO     app.services.strategy  [SHOP] [L1] PUT entries disabled (s1_puts_enabled=0) — skip
2026-07-31 08:50:22 DEBUG    app.services.strategy_ema  [S2-pullback][NOW] CALL — no pullback: pullback-bar low=110.3200 close=110.6100 EMA9=109.9961 (need low≤EMA9 or close within 0.1100)
2026-07-31 08:50:22 INFO     app.services.strategy  [NOW] [L1] EMA trend 'bullish' not yet confirmed for 2 consecutive bars — skipping
2026-07-31 08:50:22 INFO     app.services.strategy  [NFLX] [L1] PUT entries disabled (s1_puts_enabled=0) — skip
2026-07-31 08:50:22 INFO     app.services.scheduler  [energy-gate][UBER] Symbol not in play — true range 38% of its own ATR(14) (min 50%) — blocking entry
2026-07-31 08:50:23 INFO     app.services.strategy_ema  [S2-5m-filter][NFLX] CALL blocked — EMA9=71.5958 EMA21=71.6846 close=71.6400 VWAP=71.7378 EMA9_slope=↑ EMA21_slope=↓
2026-07-31 08:50:23 INFO     app.services.strategy  [IWM] [L1] PUT entries disabled (s1_puts_enabled=0) — skip
2026-07-31 08:50:23 INFO     app.services.strategy  [CRM] [L1] Signal: CALL  price=182.19  vwap=180.90  distance=0.712%  trend=bullish
2026-07-31 08:50:23 INFO     app.services.strategy  [L2] Directional bounce NOT confirmed for CALL — closes not rising. Last closes: [182.17]
2026-07-31 08:50:24 INFO     app.services.scheduler  [vol-ceiling][COIN] Symbol too hot — true range 270% of its own ATR(14) (max 250%) — post-event whip risk, blocking entry
2026-07-31 08:50:24 INFO     app.services.strategy  [UBER] [L1] EMA trend 'bullish' not yet confirmed for 2 consecutive bars — skipping
2026-07-31 08:50:24 INFO     app.services.strategy_ema  [S2-5m-filter][FIG] CALL blocked — EMA9=24.0047 EMA21=24.0126 close=24.0400 VWAP=24.1755 EMA9_slope=↑ EMA21_slope=↑
2026-07-31 08:50:24 INFO     app.services.scheduler  [vol-ceiling][COIN] Symbol too hot — true range 270% of its own ATR(14) (max 250%) — post-event whip risk, blocking entry
2026-07-31 08:50:24 INFO     app.services.strategy_ema  [S2-5m-filter][FISV] CALL blocked — EMA9=53.1379 EMA21=53.1470 close=53.4100 VWAP=53.1464 EMA9_slope=↑ EMA21_slope=↑
2026-07-31 08:50:25 INFO     app.services.strategy  [FISV] [L1] PUT entries disabled (s1_puts_enabled=0) — skip
2026-07-31 08:50:26 INFO     app.services.strategy_ema  [S2-5m-filter][TSLA] CALL blocked — EMA9=306.7058 EMA21=306.8621 close=306.3950 VWAP=307.1845 EMA9_slope=↓ EMA21_slope=↓
2026-07-31 08:50:26 INFO     app.services.scheduler  [S2][TSLA] PUT entries disabled (s2_puts_enabled=0) — skip
2026-07-31 08:50:26 INFO     app.services.strategy  [QCOM] [L1] PUT entries disabled (s1_puts_enabled=0) — skip
2026-07-31 08:50:26 INFO     app.services.strategy  [TSLA] [L1] PUT entries disabled (s1_puts_enabled=0) — skip
2026-07-31 08:50:26 INFO     app.services.strategy_ema  [S2-5m-filter][QCOM] CALL blocked — EMA9=148.1660 EMA21=148.5028 close=148.0000 VWAP=148.7389 EMA9_slope=↓ EMA21_slope=↓
2026-07-31 08:50:26 INFO     app.services.scheduler  [S2][QCOM] PUT entries disabled (s2_puts_enabled=0) — skip
2026-07-31 08:50:26 DEBUG    app.services.strategy_ema  [S2-5m-filter][MSFT] CALL OK — EMA9=457.6130 > EMA21=456.6668 close=459.6200 > VWAP=457.2134 slopes both↑
2026-07-31 08:50:26 DEBUG    app.services.strategy_ema  [S2-freshness][MSFT] CALL cross 4 bars old — within 40-bar window ✓
2026-07-31 08:50:26 DEBUG    app.services.strategy_ema  [S2-pullback][MSFT] CALL — no pullback: pullback-bar low=459.7900 close=460.2799 EMA9=457.6130 (need low≤EMA9 or close within 0.4576)
2026-07-31 08:50:26 INFO     app.services.strategy  [MSFT] [L1] Signal: CALL  price=460.19  vwap=456.95  distance=0.709%  trend=bullish
2026-07-31 08:50:26 INFO     app.services.strategy  [L2] Directional bounce NOT confirmed for CALL — closes not rising. Last closes: [459.62]
2026-07-31 08:50:27 INFO     app.services.strategy_ema  [S2-5m-filter][META] CALL blocked — EMA9=545.7657 EMA21=545.8505 close=545.3075 VWAP=548.5119 EMA9_slope=↓ EMA21_slope=↓
2026-07-31 08:50:27 INFO     app.services.scheduler  [S2][META] PUT entries disabled (s2_puts_enabled=0) — skip
2026-07-31 08:50:27 INFO     app.services.strategy  [META] [L1] EMA trend 'bullish' not yet confirmed for 2 consecutive bars — skipping
2026-07-31 08:50:47 INFO     app.services.scheduler  [S2][NVDA] PUT entries disabled (s2_puts_enabled=0) — skip
2026-07-31 08:50:47 INFO     app.services.scheduler  [vol-ceiling][AMZN] Symbol too hot — true range 526% of its own ATR(14) (max 250%) — post-event whip risk, blocking entry
2026-07-31 08:50:47 INFO     app.services.scheduler  [vol-ceiling][AAPL] Symbol too hot — true range 409% of its own ATR(14) (max 250%) — post-event whip risk, blocking entry
2026-07-31 08:50:48 INFO     app.services.scheduler  [S2][INTC] PUT entries disabled (s2_puts_enabled=0) — skip
2026-07-31 08:50:48 DEBUG    app.services.strategy_ema  [S2-freshness][NOW] CALL cross 1 bars old — within 40-bar window ✓
2026-07-31 08:50:48 DEBUG    app.services.strategy_ema  [S2-pullback][NOW] CALL — no pullback: pullback-bar low=110.3200 close=110.6100 EMA9=109.9961 (need low≤EMA9 or close within 0.1100)
2026-07-31 08:50:49 INFO     app.services.scheduler  [S2][SHOP] PUT entries disabled (s2_puts_enabled=0) — skip
2026-07-31 08:50:49 INFO     app.services.scheduler  [energy-gate][UBER] Symbol not in play — true range 38% of its own ATR(14) (min 50%) — blocking entry
2026-07-31 08:50:50 INFO     app.services.scheduler  [vol-ceiling][COIN] Symbol too hot — true range 270% of its own ATR(14) (max 250%) — post-event whip risk, blocking entry
2026-07-31 08:50:50 INFO     app.services.scheduler  [S2][TSLA] PUT entries disabled (s2_puts_enabled=0) — skip
2026-07-31 08:50:50 DEBUG    app.services.strategy_ema  [S2-freshness][MSFT] CALL cross 4 bars old — within 40-bar window ✓
2026-07-31 08:50:50 DEBUG    app.services.strategy_ema  [S2-pullback][MSFT] CALL — no pullback: pullback-bar low=459.7900 close=460.2799 EMA9=457.6130 (need low≤EMA9 or close within 0.4576)
2026-07-31 08:50:50 INFO     app.services.scheduler  [S2][META] PUT entries disabled (s2_puts_enabled=0) — skip
2026-07-31 08:50:50 INFO     app.services.scheduler  [S2][QCOM] PUT entries disabled (s2_puts_enabled=0) — skip
2026-07-31 08:51:17 INFO     app.services.scheduler  [Primary] [adaptive-band] QQQ → band=0.80% (normal (adaptive off)) | regime=BEARISH
2026-07-31 08:51:17 INFO     app.services.scheduler  [vol-ceiling][AMZN] Symbol too hot — true range 526% of its own ATR(14) (max 250%) — post-event whip risk, blocking entry
2026-07-31 08:51:17 INFO     app.services.scheduler  [S2][NVDA] PUT entries disabled (s2_puts_enabled=0) — skip
2026-07-31 08:51:18 INFO     app.services.scheduler  [vol-ceiling][AAPL] Symbol too hot — true range 409% of its own ATR(14) (max 250%) — post-event whip risk, blocking entry
2026-07-31 08:51:18 INFO     app.services.scheduler  [vol-ceiling][AMZN] Symbol too hot — true range 526% of its own ATR(14) (max 250%) — post-event whip risk, blocking entry
2026-07-31 08:51:18 INFO     app.services.strategy  [NVDA] [L1] CALL rejected — price 195.98 is BELOW VWAP 197.40 (wrong side for bullish bounce)
2026-07-31 08:51:19 INFO     app.services.scheduler  [S2][INTC] PUT entries disabled (s2_puts_enabled=0) — skip
2026-07-31 08:51:19 INFO     app.services.scheduler  [vol-ceiling][AAPL] Symbol too hot — true range 409% of its own ATR(14) (max 250%) — post-event whip risk, blocking entry
2026-07-31 08:51:20 INFO     app.services.strategy  [INTC] [L1] PUT entries disabled (s1_puts_enabled=0) — skip
2026-07-31 08:51:20 INFO     app.services.strategy  [GOOGL] [L1] CALL rejected — price 350.76 is 1.025% from VWAP 347.20 (band=0.80% — waiting for pullback to VWAP)
2026-07-31 08:51:20 INFO     app.services.strategy  [PLTR] [L1] PUT entries disabled (s1_puts_enabled=0) — skip
2026-07-31 08:51:20 DEBUG    app.services.strategy_ema  [S2-freshness][NOW] CALL cross 1 bars old — within 40-bar window ✓
2026-07-31 08:51:21 DEBUG    app.services.strategy_ema  [S2-pullback][NOW] CALL — no pullback: pullback-bar low=110.4000 close=110.4200 EMA9=109.9961 (need low≤EMA9 or close within 0.1100)
2026-07-31 08:51:21 INFO     app.services.strategy  [NOW] [L1] EMA trend 'bullish' not yet confirmed for 2 consecutive bars — skipping
2026-07-31 08:51:21 INFO     app.services.scheduler  [S2][SHOP] PUT entries disabled (s2_puts_enabled=0) — skip
2026-07-31 08:51:22 INFO     app.services.strategy  [SHOP] [L1] PUT entries disabled (s1_puts_enabled=0) — skip
2026-07-31 08:51:22 INFO     app.services.scheduler  [vol-ceiling][COIN] Symbol too hot — true range 270% of its own ATR(14) (max 250%) — post-event whip risk, blocking entry
2026-07-31 08:51:22 INFO     app.services.strategy  [NFLX] [L1] PUT entries disabled (s1_puts_enabled=0) — skip
2026-07-31 08:51:22 INFO     app.services.strategy  [IWM] [L1] PUT entries disabled (s1_puts_enabled=0) — skip
2026-07-31 08:51:23 INFO     app.services.scheduler  [energy-gate][UBER] Symbol not in play — true range 38% of its own ATR(14) (min 50%) — blocking entry
2026-07-31 08:51:23 INFO     app.services.strategy  [CRM] [L1] Signal: CALL  price=182.30  vwap=180.91  distance=0.768%  trend=bullish
2026-07-31 08:51:23 INFO     app.services.scheduler  [CRM] [L5] Regime gate: QQQ BEARISH (below VWAP) — blocking CALL
2026-07-31 08:51:23 INFO     app.services.scheduler  [vol-ceiling][COIN] Symbol too hot — true range 270% of its own ATR(14) (max 250%) — post-event whip risk, blocking entry
2026-07-31 08:51:23 INFO     app.services.strategy  [UBER] [L1] EMA trend 'bullish' not yet confirmed for 2 consecutive bars — skipping
2026-07-31 08:51:24 INFO     app.services.scheduler  [S2][QCOM] PUT entries disabled (s2_puts_enabled=0) — skip
2026-07-31 08:51:24 DEBUG    app.services.strategy_ema  [S2-freshness][MSFT] CALL cross 4 bars old — within 40-bar window ✓
2026-07-31 08:51:24 INFO     app.services.scheduler  [S2][TSLA] PUT entries disabled (s2_puts_enabled=0) — skip
2026-07-31 08:51:25 INFO     app.services.strategy  [QCOM] [L1] PUT entries disabled (s1_puts_enabled=0) — skip
2026-07-31 08:51:25 DEBUG    app.services.strategy_ema  [S2-pullback][MSFT] CALL — no pullback: pullback-bar low=459.5300 close=459.6200 EMA9=457.6130 (need low≤EMA9 or close within 0.4576)
2026-07-31 08:51:25 INFO     app.services.strategy  [FISV] [L1] PUT entries disabled (s1_puts_enabled=0) — skip
2026-07-31 08:51:25 INFO     app.services.strategy  [TSLA] [L1] PUT entries disabled (s1_puts_enabled=0) — skip
2026-07-31 08:51:25 INFO     app.services.scheduler  [S2][META] PUT entries disabled (s2_puts_enabled=0) — skip
2026-07-31 08:51:25 INFO     app.services.strategy  [MSFT] [L1] CALL rejected — price 461.12 is 0.907% from VWAP 456.98 (band=0.80% — waiting for pullback to VWAP)
2026-07-31 08:51:25 INFO     app.services.strategy  [META] [L1] EMA trend 'bullish' not yet confirmed for 2 consecutive bars — skipping
2026-07-31 08:51:47 INFO     app.services.scheduler  [vol-ceiling][AMZN] Symbol too hot — true range 526% of its own ATR(14) (max 250%) — post-event whip risk, blocking entry
2026-07-31 08:51:47 INFO     app.services.scheduler  [vol-ceiling][AAPL] Symbol too hot — true range 409% of its own ATR(14) (max 250%) — post-event whip risk, blocking entry
2026-07-31 08:51:48 INFO     app.services.scheduler  [S2][NVDA] PUT entries disabled (s2_puts_enabled=0) — skip
2026-07-31 08:51:48 DEBUG    app.services.strategy_ema  [S2-freshness][NOW] CALL cross 1 bars old — within 40-bar window ✓
2026-07-31 08:51:48 INFO     app.services.scheduler  [S2][INTC] PUT entries disabled (s2_puts_enabled=0) — skip
2026-07-31 08:51:48 DEBUG    app.services.strategy_ema  [S2-pullback][NOW] CALL — no pullback: pullback-bar low=110.4000 close=110.4200 EMA9=109.9961 (need low≤EMA9 or close within 0.1100)
2026-07-31 08:51:49 INFO     app.services.scheduler  [energy-gate][UBER] Symbol not in play — true range 38% of its own ATR(14) (min 50%) — blocking entry
2026-07-31 08:51:49 INFO     app.services.scheduler  [S2][SHOP] PUT entries disabled (s2_puts_enabled=0) — skip
2026-07-31 08:51:50 INFO     app.services.scheduler  [vol-ceiling][COIN] Symbol too hot — true range 270% of its own ATR(14) (max 250%) — post-event whip risk, blocking entry
2026-07-31 08:51:50 INFO     app.services.scheduler  [S2][QCOM] PUT entries disabled (s2_puts_enabled=0) — skip
2026-07-31 08:51:50 INFO     app.services.scheduler  [S2][META] PUT entries disabled (s2_puts_enabled=0) — skip
2026-07-31 08:51:50 INFO     app.services.scheduler  [S2][TSLA] PUT entries disabled (s2_puts_enabled=0) — skip
2026-07-31 08:51:51 DEBUG    app.services.strategy_ema  [S2-freshness][MSFT] CALL cross 4 bars old — within 40-bar window ✓
2026-07-31 08:51:51 DEBUG    app.services.strategy_ema  [S2-pullback][MSFT] CALL — no pullback: pullback-bar low=459.5300 close=459.6200 EMA9=457.6130 (need low≤EMA9 or close within 0.4576)
2026-07-31 08:52:17 INFO     app.services.scheduler  [Primary] [adaptive-band] QQQ → band=0.80% (normal (adaptive off)) | regime=BEARISH
2026-07-31 08:52:17 INFO     app.services.scheduler  [vol-ceiling][AAPL] Symbol too hot — true range 409% of its own ATR(14) (max 250%) — post-event whip risk, blocking entry
2026-07-31 08:52:17 INFO     app.services.scheduler  [vol-ceiling][AAPL] Symbol too hot — true range 409% of its own ATR(14) (max 250%) — post-event whip risk, blocking entry
2026-07-31 08:52:18 INFO     app.services.scheduler  [vol-ceiling][AMZN] Symbol too hot — true range 526% of its own ATR(14) (max 250%) — post-event whip risk, blocking entry
2026-07-31 08:52:18 INFO     app.services.scheduler  [vol-ceiling][AMZN] Symbol too hot — true range 526% of its own ATR(14) (max 250%) — post-event whip risk, blocking entry
2026-07-31 08:52:18 INFO     app.services.strategy  [NVDA] [L1] CALL rejected — price 196.14 is BELOW VWAP 197.40 (wrong side for bullish bounce)
2026-07-31 08:52:18 INFO     app.services.scheduler  [S2][NVDA] PUT entries disabled (s2_puts_enabled=0) — skip
2026-07-31 08:52:19 INFO     app.services.strategy  [GOOGL] [L1] CALL rejected — price 351.76 is 1.304% from VWAP 347.23 (band=0.80% — waiting for pullback to VWAP)
2026-07-31 08:52:19 INFO     app.services.strategy  [INTC] [L1] PUT entries disabled (s1_puts_enabled=0) — skip
2026-07-31 08:52:19 INFO     app.services.scheduler  [S2][INTC] PUT entries disabled (s2_puts_enabled=0) — skip
2026-07-31 08:52:20 INFO     app.services.strategy  [NOW] [L1] EMA trend 'bullish' not yet confirmed for 2 consecutive bars — skipping
2026-07-31 08:52:20 DEBUG    app.services.strategy_ema  [S2-freshness][NOW] CALL cross 1 bars old — within 40-bar window ✓
2026-07-31 08:52:20 DEBUG    app.services.strategy_ema  [S2-pullback][NOW] CALL — no pullback: pullback-bar low=110.3213 close=110.6100 EMA9=109.9961 (need low≤EMA9 or close within 0.1100)
2026-07-31 08:52:20 INFO     app.services.strategy  [PLTR] [L1] PUT entries disabled (s1_puts_enabled=0) — skip
2026-07-31 08:52:20 INFO     app.services.strategy  [NFLX] [L1] PUT entries disabled (s1_puts_enabled=0) — skip
2026-07-31 08:52:21 INFO     app.services.scheduler  [S2][SHOP] PUT entries disabled (s2_puts_enabled=0) — skip
2026-07-31 08:52:21 INFO     app.services.strategy  [SHOP] [L1] PUT entries disabled (s1_puts_enabled=0) — skip
2026-07-31 08:52:21 INFO     app.services.scheduler  [energy-gate][UBER] Symbol not in play — true range 38% of its own ATR(14) (min 50%) — blocking entry
2026-07-31 08:52:21 INFO     app.services.strategy  [IWM] [L1] PUT entries disabled (s1_puts_enabled=0) — skip
2026-07-31 08:52:21 INFO     app.services.scheduler  [vol-ceiling][COIN] Symbol too hot — true range 270% of its own ATR(14) (max 250%) — post-event whip risk, blocking entry
2026-07-31 08:52:22 INFO     app.services.strategy  [CRM] [L1] Signal: CALL  price=182.29  vwap=180.92  distance=0.760%  trend=bullish
2026-07-31 08:52:22 INFO     app.services.scheduler  [CRM] [L5] Regime gate: QQQ BEARISH (below VWAP) — blocking CALL
2026-07-31 08:52:22 INFO     app.services.strategy  [UBER] [L1] EMA trend 'bullish' not yet confirmed for 2 consecutive bars — skipping
2026-07-31 08:52:23 INFO     app.services.scheduler  [vol-ceiling][COIN] Symbol too hot — true range 270% of its own ATR(14) (max 250%) — post-event whip risk, blocking entry
2026-07-31 08:52:23 INFO     app.services.scheduler  [S2][QCOM] PUT entries disabled (s2_puts_enabled=0) — skip
2026-07-31 08:52:23 INFO     app.services.strategy  [FISV] [L1] PUT entries disabled (s1_puts_enabled=0) — skip
2026-07-31 08:52:23 INFO     app.services.strategy  [QCOM] [L1] PUT entries disabled (s1_puts_enabled=0) — skip
2026-07-31 08:52:23 INFO     app.services.scheduler  [S2][TSLA] PUT entries disabled (s2_puts_enabled=0) — skip
2026-07-31 08:52:24 INFO     app.services.strategy  [MSFT] [L1] CALL rejected — price 461.44 is 0.971% from VWAP 457.00 (band=0.80% — waiting for pullback to VWAP)
2026-07-31 08:52:24 INFO     app.services.strategy  [TSLA] [L1] PUT entries disabled (s1_puts_enabled=0) — skip
2026-07-31 08:52:24 DEBUG    app.services.strategy_ema  [S2-freshness][MSFT] CALL cross 4 bars old — within 40-bar window ✓
2026-07-31 08:52:24 DEBUG    app.services.strategy_ema  [S2-pullback][MSFT] CALL — no pullback: pullback-bar low=459.5700 close=460.7661 EMA9=457.6130 (need low≤EMA9 or close within 0.4576)
2026-07-31 08:52:24 INFO     app.services.scheduler  [S2][META] PUT entries disabled (s2_puts_enabled=0) — skip
2026-07-31 08:52:24 INFO     app.services.strategy  [META] [L1] EMA trend 'bullish' not yet confirmed for 2 consecutive bars — skipping
2026-07-31 08:52:47 INFO     app.services.scheduler  [S2][NVDA] PUT entries disabled (s2_puts_enabled=0) — skip
2026-07-31 08:52:47 INFO     app.services.scheduler  [vol-ceiling][AMZN] Symbol too hot — true range 526% of its own ATR(14) (max 250%) — post-event whip risk, blocking entry
2026-07-31 08:52:47 INFO     app.services.scheduler  [vol-ceiling][AAPL] Symbol too hot — true range 409% of its own ATR(14) (max 250%) — post-event whip risk, blocking entry
2026-07-31 08:52:48 INFO     app.services.scheduler  [S2][INTC] PUT entries disabled (s2_puts_enabled=0) — skip
2026-07-31 08:52:48 DEBUG    app.services.strategy_ema  [S2-freshness][NOW] CALL cross 1 bars old — within 40-bar window ✓
2026-07-31 08:52:48 INFO     app.services.scheduler  [S2][SHOP] PUT entries disabled (s2_puts_enabled=0) — skip
2026-07-31 08:52:48 DEBUG    app.services.strategy_ema  [S2-pullback][NOW] CALL — no pullback: pullback-bar low=110.3213 close=110.6100 EMA9=109.9961 (need low≤EMA9 or close within 0.1100)
2026-07-31 08:52:49 INFO     app.services.scheduler  [vol-ceiling][COIN] Symbol too hot — true range 270% of its own ATR(14) (max 250%) — post-event whip risk, blocking entry
2026-07-31 08:52:49 INFO     app.services.scheduler  [energy-gate][UBER] Symbol not in play — true range 38% of its own ATR(14) (min 50%) — blocking entry
2026-07-31 08:52:49 INFO     app.services.scheduler  [S2][TSLA] PUT entries disabled (s2_puts_enabled=0) — skip
2026-07-31 08:52:49 INFO     app.services.scheduler  [S2][QCOM] PUT entries disabled (s2_puts_enabled=0) — skip
2026-07-31 08:52:50 DEBUG    app.services.strategy_ema  [S2-freshness][MSFT] CALL cross 4 bars old — within 40-bar window ✓
2026-07-31 08:52:51 INFO     app.services.scheduler  [S2][META] PUT entries disabled (s2_puts_enabled=0) — skip
2026-07-31 08:52:51 DEBUG    app.services.strategy_ema  [S2-pullback][MSFT] CALL — no pullback: pullback-bar low=459.5700 close=460.7661 EMA9=457.6130 (need low≤EMA9 or close within 0.4576)
2026-07-31 08:53:17 INFO     app.services.scheduler  [Primary] [adaptive-band] QQQ → band=0.80% (normal (adaptive off)) | regime=BEARISH
2026-07-31 08:53:17 INFO     app.services.scheduler  [S2][NVDA] PUT entries disabled (s2_puts_enabled=0) — skip
2026-07-31 08:53:17 INFO     app.services.scheduler  [vol-ceiling][AAPL] Symbol too hot — true range 409% of its own ATR(14) (max 250%) — post-event whip risk, blocking entry
2026-07-31 08:53:17 INFO     app.services.scheduler  [vol-ceiling][AMZN] Symbol too hot — true range 526% of its own ATR(14) (max 250%) — post-event whip risk, blocking entry
2026-07-31 08:53:18 INFO     app.services.strategy  [NVDA] [L1] CALL rejected — price 196.34 is BELOW VWAP 197.39 (wrong side for bullish bounce)
2026-07-31 08:53:18 INFO     app.services.scheduler  [vol-ceiling][AMZN] Symbol too hot — true range 526% of its own ATR(14) (max 250%) — post-event whip risk, blocking entry
2026-07-31 08:53:18 INFO     app.services.scheduler  [vol-ceiling][AAPL] Symbol too hot — true range 409% of its own ATR(14) (max 250%) — post-event whip risk, blocking entry
2026-07-31 08:53:18 INFO     app.services.scheduler  [S2][INTC] PUT entries disabled (s2_puts_enabled=0) — skip
2026-07-31 08:53:19 INFO     app.services.strategy  [GOOGL] [L1] CALL rejected — price 352.44 is 1.488% from VWAP 347.27 (band=0.80% — waiting for pullback to VWAP)
2026-07-31 08:53:19 INFO     app.services.strategy  [PLTR] [L1] PUT entries disabled (s1_puts_enabled=0) — skip
2026-07-31 08:53:20 INFO     app.services.strategy  [INTC] [L1] PUT entries disabled (s1_puts_enabled=0) — skip
2026-07-31 08:53:20 DEBUG    app.services.strategy_ema  [S2-freshness][NOW] CALL cross 1 bars old — within 40-bar window ✓
2026-07-31 08:53:20 INFO     app.services.strategy  [NFLX] [L1] PUT entries disabled (s1_puts_enabled=0) — skip
2026-07-31 08:53:20 INFO     app.services.strategy  [NOW] [L1] EMA trend 'bullish' not yet confirmed for 2 consecutive bars — skipping
2026-07-31 08:53:20 DEBUG    app.services.strategy_ema  [S2-pullback][NOW] CALL — no pullback: pullback-bar low=110.5500 close=110.7750 EMA9=109.9961 (need low≤EMA9 or close within 0.1100)
2026-07-31 08:53:20 INFO     app.services.scheduler  [S2][SHOP] PUT entries disabled (s2_puts_enabled=0) — skip
2026-07-31 08:53:20 INFO     app.services.scheduler  [energy-gate][UBER] Symbol not in play — true range 38% of its own ATR(14) (min 50%) — blocking entry
2026-07-31 08:53:21 INFO     app.services.strategy  [SHOP] [L1] PUT entries disabled (s1_puts_enabled=0) — skip
2026-07-31 08:53:21 INFO     app.services.strategy  [IWM] [L1] PUT entries disabled (s1_puts_enabled=0) — skip
2026-07-31 08:53:21 INFO     app.services.strategy  [UBER] [L1] EMA trend 'bullish' not yet confirmed for 2 consecutive bars — skipping
2026-07-31 08:53:22 INFO     app.services.strategy  [CRM] [L1] Signal: CALL  price=182.25  vwap=180.92  distance=0.735%  trend=bullish
2026-07-31 08:53:22 INFO     app.services.strategy  [L2] Directional bounce NOT confirmed for CALL — closes not rising. Last closes: [182.35]
2026-07-31 08:53:22 INFO     app.services.scheduler  [vol-ceiling][COIN] Symbol too hot — true range 270% of its own ATR(14) (max 250%) — post-event whip risk, blocking entry
2026-07-31 08:53:23 INFO     app.services.scheduler  [vol-ceiling][COIN] Symbol too hot — true range 270% of its own ATR(14) (max 250%) — post-event whip risk, blocking entry
2026-07-31 08:53:23 INFO     app.services.strategy  [FISV] [L1] PUT entries disabled (s1_puts_enabled=0) — skip
2026-07-31 08:53:23 INFO     app.services.scheduler  [S2][QCOM] PUT entries disabled (s2_puts_enabled=0) — skip
2026-07-31 08:53:23 INFO     app.services.scheduler  [S2][TSLA] PUT entries disabled (s2_puts_enabled=0) — skip
2026-07-31 08:53:23 DEBUG    app.services.strategy_ema  [S2-freshness][MSFT] CALL cross 4 bars old — within 40-bar window ✓
2026-07-31 08:53:23 INFO     app.services.strategy  [QCOM] [L1] PUT entries disabled (s1_puts_enabled=0) — skip
2026-07-31 08:53:23 DEBUG    app.services.strategy_ema  [S2-pullback][MSFT] CALL — no pullback: pullback-bar low=460.7500 close=461.5400 EMA9=457.6130 (need low≤EMA9 or close within 0.4576)
2026-07-31 08:53:24 INFO     app.services.strategy  [TSLA] [L1] PUT entries disabled (s1_puts_enabled=0) — skip
2026-07-31 08:53:24 INFO     app.services.strategy  [MSFT] [L1] CALL rejected — price 461.43 is 0.963% from VWAP 457.02 (band=0.80% — waiting for pullback to VWAP)
2026-07-31 08:53:24 INFO     app.services.scheduler  [S2][META] PUT entries disabled (s2_puts_enabled=0) — skip
2026-07-31 08:53:24 INFO     app.services.strategy  [META] [L1] EMA trend 'bullish' not yet confirmed for 2 consecutive bars — skipping
2026-07-31 08:53:33 INFO     app.routers.trades  [WMT] Trade 209 broker disaster stop modified to $1.71 (bot stop $1.82 − 6% buffer) (order 139593654)
2026-07-31 08:53:33 INFO     app.routers.trades  [WMT] Trade 209: broker TP skipped — resting stop 139593654 reserves the contracts (bot-side TP enforces the new target)
2026-07-31 08:53:33 INFO     app.routers.trades  [WMT] Trade 209 levels updated — stop=$1.82  tp=$2.03
2026-07-31 08:53:47 INFO     app.services.scheduler  [S2][NVDA] PUT entries disabled (s2_puts_enabled=0) — skip
2026-07-31 08:53:47 INFO     app.services.scheduler  [vol-ceiling][AMZN] Symbol too hot — true range 526% of its own ATR(14) (max 250%) — post-event whip risk, blocking entry
2026-07-31 08:53:47 INFO     app.services.scheduler  [vol-ceiling][AAPL] Symbol too hot — true range 409% of its own ATR(14) (max 250%) — post-event whip risk, blocking entry
2026-07-31 08:53:48 INFO     app.services.scheduler  [S2][INTC] PUT entries disabled (s2_puts_enabled=0) — skip
2026-07-31 08:53:48 DEBUG    app.services.strategy_ema  [S2-freshness][NOW] CALL cross 1 bars old — within 40-bar window ✓
2026-07-31 08:53:48 INFO     app.services.scheduler  [S2][SHOP] PUT entries disabled (s2_puts_enabled=0) — skip
2026-07-31 08:53:48 DEBUG    app.services.strategy_ema  [S2-pullback][NOW] CALL — no pullback: pullback-bar low=110.5500 close=110.7750 EMA9=109.9961 (need low≤EMA9 or close within 0.1100)
2026-07-31 08:53:49 INFO     app.services.scheduler  [energy-gate][UBER] Symbol not in play — true range 38% of its own ATR(14) (min 50%) — blocking entry
2026-07-31 08:53:49 INFO     app.services.scheduler  [vol-ceiling][COIN] Symbol too hot — true range 270% of its own ATR(14) (max 250%) — post-event whip risk, blocking entry
2026-07-31 08:53:49 INFO     app.services.scheduler  [S2][QCOM] PUT entries disabled (s2_puts_enabled=0) — skip
2026-07-31 08:53:49 DEBUG    app.services.strategy_ema  [S2-freshness][MSFT] CALL cross 4 bars old — within 40-bar window ✓
2026-07-31 08:53:49 INFO     app.services.scheduler  [S2][TSLA] PUT entries disabled (s2_puts_enabled=0) — skip
2026-07-31 08:53:50 DEBUG    app.services.strategy_ema  [S2-pullback][MSFT] CALL — no pullback: pullback-bar low=460.7500 close=461.5400 EMA9=457.6130 (need low≤EMA9 or close within 0.4576)
2026-07-31 08:53:50 INFO     app.services.scheduler  [S2][META] PUT entries disabled (s2_puts_enabled=0) — skip
2026-07-31 08:54:17 INFO     app.services.scheduler  [Primary] [adaptive-band] QQQ → band=0.80% (normal (adaptive off)) | regime=BEARISH
2026-07-31 08:54:17 INFO     app.services.scheduler  [S2][NVDA] PUT entries disabled (s2_puts_enabled=0) — skip
2026-07-31 08:54:17 INFO     app.services.scheduler  [vol-ceiling][AMZN] Symbol too hot — true range 526% of its own ATR(14) (max 250%) — post-event whip risk, blocking entry
2026-07-31 08:54:18 INFO     app.services.scheduler  [vol-ceiling][AAPL] Symbol too hot — true range 409% of its own ATR(14) (max 250%) — post-event whip risk, blocking entry
2026-07-31 08:54:18 INFO     app.services.strategy  [NVDA] [L1] CALL rejected — price 196.26 is BELOW VWAP 197.39 (wrong side for bullish bounce)
2026-07-31 08:54:18 INFO     app.services.scheduler  [vol-ceiling][AAPL] Symbol too hot — true range 409% of its own ATR(14) (max 250%) — post-event whip risk, blocking entry
2026-07-31 08:54:18 INFO     app.services.scheduler  [vol-ceiling][AMZN] Symbol too hot — true range 526% of its own ATR(14) (max 250%) — post-event whip risk, blocking entry
2026-07-31 08:54:18 INFO     app.services.strategy_ema  [S2-exit] TRAILING_STOP — bid 1.80 ≤ stop 1.82 (entry 1.81, mid 1.86)
2026-07-31 08:54:19 INFO     app.services.scheduler  [S2][INTC] PUT entries disabled (s2_puts_enabled=0) — skip
2026-07-31 08:54:19 INFO     app.services.strategy  [GOOGL] [L1] CALL rejected — price 351.98 is 1.348% from VWAP 347.30 (band=0.80% — waiting for pullback to VWAP)
2026-07-31 08:54:19 INFO     app.services.strategy  [INTC] [L1] PUT entries disabled (s1_puts_enabled=0) — skip
2026-07-31 08:54:19 INFO     app.services.scheduler  [WMT] Trade 209: exit limit placed at $1.86 (TRAILING_STOP, mid) — waiting up to 12s
2026-07-31 08:54:19 INFO     app.services.strategy  [PLTR] [L1] PUT entries disabled (s1_puts_enabled=0) — skip
2026-07-31 08:54:20 DEBUG    app.services.strategy_ema  [S2-freshness][NOW] CALL cross 1 bars old — within 40-bar window ✓
2026-07-31 08:54:20 DEBUG    app.services.strategy_ema  [S2-pullback][NOW] CALL — no pullback: pullback-bar low=110.6600 close=110.7600 EMA9=109.9961 (need low≤EMA9 or close within 0.1100)
2026-07-31 08:54:20 INFO     app.services.strategy  [NOW] [L1] EMA trend 'bullish' not yet confirmed for 2 consecutive bars — skipping
2026-07-31 08:54:20 INFO     app.services.scheduler  [S2][SHOP] PUT entries disabled (s2_puts_enabled=0) — skip
2026-07-31 08:54:21 INFO     app.services.strategy  [NFLX] [L1] PUT entries disabled (s1_puts_enabled=0) — skip
2026-07-31 08:54:21 INFO     app.services.strategy  [SHOP] [L1] PUT entries disabled (s1_puts_enabled=0) — skip
2026-07-31 08:54:21 INFO     app.services.scheduler  [energy-gate][UBER] Symbol not in play — true range 38% of its own ATR(14) (min 50%) — blocking entry
2026-07-31 08:54:22 INFO     app.services.strategy  [IWM] [L1] PUT entries disabled (s1_puts_enabled=0) — skip
2026-07-31 08:54:22 INFO     app.services.scheduler  [vol-ceiling][COIN] Symbol too hot — true range 270% of its own ATR(14) (max 250%) — post-event whip risk, blocking entry
2026-07-31 08:54:22 INFO     app.services.strategy  [CRM] [L1] CALL rejected — price 182.47 is 0.854% from VWAP 180.92 (band=0.80% — waiting for pullback to VWAP)
2026-07-31 08:54:22 INFO     app.services.strategy  [UBER] [L1] EMA trend 'bullish' not yet confirmed for 2 consecutive bars — skipping
2026-07-31 08:54:22 INFO     app.services.scheduler  [WMT] Trade 209: exit limit 139600018 filled
2026-07-31 08:54:22 INFO     app.services.scheduler  [vol-ceiling][COIN] Symbol too hot — true range 270% of its own ATR(14) (max 250%) — post-event whip risk, blocking entry
2026-07-31 08:54:22 INFO     app.services.scheduler  [WMT] Trade 209 exit: actual fill $1.86 vs trigger quote $1.80 (diff +0.06 — using fill price for P&L)
2026-07-31 08:54:22 INFO     app.services.scheduler  [WMT] Trade 209 CLOSED via TRAILING_STOP @ $1.86  PnL=$15.00
2026-07-31 08:54:23 INFO     app.services.strategy  [QCOM] [L1] PUT entries disabled (s1_puts_enabled=0) — skip
2026-07-31 08:54:23 INFO     app.services.scheduler  [S2][QCOM] PUT entries disabled (s2_puts_enabled=0) — skip
2026-07-31 08:54:23 INFO     app.services.scheduler  [S2][TSLA] PUT entries disabled (s2_puts_enabled=0) — skip
2026-07-31 08:54:23 INFO     app.services.strategy  [FISV] [L1] PUT entries disabled (s1_puts_enabled=0) — skip
2026-07-31 08:54:23 INFO     app.services.strategy  [TSLA] [L1] PUT entries disabled (s1_puts_enabled=0) — skip
2026-07-31 08:54:24 INFO     app.services.scheduler  [S2][META] PUT entries disabled (s2_puts_enabled=0) — skip
2026-07-31 08:54:24 DEBUG    app.services.strategy_ema  [S2-freshness][MSFT] CALL cross 4 bars old — within 40-bar window ✓
2026-07-31 08:54:24 DEBUG    app.services.strategy_ema  [S2-pullback][MSFT] CALL — no pullback: pullback-bar low=461.3360 close=461.6750 EMA9=457.6130 (need low≤EMA9 or close within 0.4576)
2026-07-31 08:54:25 INFO     app.services.strategy  [MSFT] [L1] CALL rejected — price 462.21 is 1.127% from VWAP 457.06 (band=0.80% — waiting for pullback to VWAP)
2026-07-31 08:54:25 INFO     app.services.strategy  [META] [L1] EMA trend 'bullish' not yet confirmed for 2 consecutive bars — skipping
2026-07-31 08:54:47 INFO     app.services.scheduler  [vol-ceiling][AAPL] Symbol too hot — true range 409% of its own ATR(14) (max 250%) — post-event whip risk, blocking entry
2026-07-31 08:54:48 INFO     app.services.scheduler  [vol-ceiling][AMZN] Symbol too hot — true range 526% of its own ATR(14) (max 250%) — post-event whip risk, blocking entry
2026-07-31 08:54:48 INFO     app.services.scheduler  [S2][NVDA] PUT entries disabled (s2_puts_enabled=0) — skip
2026-07-31 08:54:48 INFO     app.services.scheduler  [S2][INTC] PUT entries disabled (s2_puts_enabled=0) — skip
2026-07-31 08:54:48 DEBUG    app.services.strategy_ema  [S2-freshness][NOW] CALL cross 1 bars old — within 40-bar window ✓
2026-07-31 08:54:49 DEBUG    app.services.strategy_ema  [S2-pullback][NOW] CALL — no pullback: pullback-bar low=110.6600 close=110.7600 EMA9=109.9961 (need low≤EMA9 or close within 0.1100)
2026-07-31 08:54:49 INFO     app.services.scheduler  [energy-gate][UBER] Symbol not in play — true range 38% of its own ATR(14) (min 50%) — blocking entry
2026-07-31 08:54:50 INFO     app.services.scheduler  [vol-ceiling][COIN] Symbol too hot — true range 270% of its own ATR(14) (max 250%) — post-event whip risk, blocking entry
2026-07-31 08:54:50 INFO     app.services.scheduler  [S2][WMT] Cooldown active — last TRAILING_STOP exit at 15:54 UTC (20-min window)
2026-07-31 08:54:51 INFO     app.services.scheduler  [S2][SHOP] PUT entries disabled (s2_puts_enabled=0) — skip
2026-07-31 08:54:52 INFO     app.services.scheduler  [S2][TSLA] PUT entries disabled (s2_puts_enabled=0) — skip
2026-07-31 08:54:52 DEBUG    app.services.strategy_ema  [S2-freshness][MSFT] CALL cross 4 bars old — within 40-bar window ✓
2026-07-31 08:54:53 DEBUG    app.services.strategy_ema  [S2-pullback][MSFT] CALL — no pullback: pullback-bar low=461.3360 close=461.6750 EMA9=457.6130 (need low≤EMA9 or close within 0.4576)
2026-07-31 08:54:53 INFO     app.services.scheduler  [S2][META] PUT entries disabled (s2_puts_enabled=0) — skip
2026-07-31 08:54:53 INFO     app.services.scheduler  [S2][QCOM] PUT entries disabled (s2_puts_enabled=0) — skip
2026-07-31 08:55:17 INFO     app.services.scheduler  [Primary] [adaptive-band] QQQ → band=0.80% (normal (adaptive off)) | regime=BEARISH
2026-07-31 08:55:17 INFO     app.services.scheduler  [vol-ceiling][AMZN] Symbol too hot — true range 526% of its own ATR(14) (max 250%) — post-event whip risk, blocking entry
2026-07-31 08:55:18 INFO     app.services.strategy  [NVDA] [L1] CALL rejected — price 196.39 is BELOW VWAP 197.39 (wrong side for bullish bounce)
2026-07-31 08:55:18 INFO     app.services.scheduler  [vol-ceiling][AMZN] Symbol too hot — true range 526% of its own ATR(14) (max 250%) — post-event whip risk, blocking entry
2026-07-31 08:55:18 INFO     app.services.scheduler  [vol-ceiling][AAPL] Symbol too hot — true range 409% of its own ATR(14) (max 250%) — post-event whip risk, blocking entry
2026-07-31 08:55:18 INFO     app.services.strategy_ema  [S2-5m-filter][NVDA] CALL blocked — EMA9=196.3782 EMA21=196.5537 close=196.3950 VWAP=197.3912 EMA9_slope=↑ EMA21_slope=↓
2026-07-31 08:55:19 DEBUG    app.services.strategy_ema  [S2-5m-filter][GOOGL] CALL OK — EMA9=350.1220 > EMA21=348.4717 close=351.7000 > VWAP=347.2426 slopes both↑
2026-07-31 08:55:19 INFO     app.services.strategy_ema  [S2-freshness][GOOGL] No CALL EMA cross found in TODAY's session — trend predates today, blocking
2026-07-31 08:55:19 INFO     app.services.strategy  [GOOGL] [L1] CALL rejected — price 351.17 is 1.105% from VWAP 347.33 (band=0.80% — waiting for pullback to VWAP)
2026-07-31 08:55:19 INFO     app.services.scheduler  [vol-ceiling][AAPL] Symbol too hot — true range 409% of its own ATR(14) (max 250%) — post-event whip risk, blocking entry
2026-07-31 08:55:20 INFO     app.services.strategy_ema  [S2-5m-filter][INTC] CALL blocked — EMA9=92.2777 EMA21=92.5436 close=92.1700 VWAP=93.8619 EMA9_slope=↓ EMA21_slope=↓
2026-07-31 08:55:20 INFO     app.services.scheduler  [S2][INTC] PUT entries disabled (s2_puts_enabled=0) — skip
2026-07-31 08:55:20 INFO     app.services.strategy  [INTC] [L1] PUT entries disabled (s1_puts_enabled=0) — skip
2026-07-31 08:55:20 INFO     app.services.strategy  [PLTR] [L1] PUT entries disabled (s1_puts_enabled=0) — skip
2026-07-31 08:55:21 INFO     app.services.strategy  [NOW] [L1] EMA trend 'bullish' not yet confirmed for 2 consecutive bars — skipping
2026-07-31 08:55:21 DEBUG    app.services.strategy_ema  [S2-5m-filter][NOW] CALL OK — EMA9=110.1565 > EMA21=109.9726 close=110.7980 > VWAP=109.9764 slopes both↑
2026-07-31 08:55:21 DEBUG    app.services.strategy_ema  [S2-freshness][NOW] CALL cross 2 bars old — within 40-bar window ✓
2026-07-31 08:55:21 DEBUG    app.services.strategy_ema  [S2-pullback][NOW] CALL — no pullback: pullback-bar low=110.6500 close=110.7000 EMA9=110.1565 (need low≤EMA9 or close within 0.1102)
2026-07-31 08:55:21 INFO     app.services.strategy  [NFLX] [L1] PUT entries disabled (s1_puts_enabled=0) — skip
2026-07-31 08:55:21 DEBUG    app.services.strategy_ema  [S2-5m-filter][PLTR] CALL OK — EMA9=120.9228 > EMA21=120.8828 close=121.8502 > VWAP=121.1860 slopes both↑
2026-07-31 08:55:21 DEBUG    app.services.strategy_ema  [S2-freshness][PLTR] CALL cross 0 bars old — within 40-bar window ✓
2026-07-31 08:55:21 DEBUG    app.services.strategy_ema  [S2-pullback][PLTR] CALL — no pullback: pullback-bar low=121.5400 close=121.6700 EMA9=120.9228 (need low≤EMA9 or close within 0.1209)
2026-07-31 08:55:22 INFO     app.services.strategy_ema  [S2-5m-filter][NFLX] CALL blocked — EMA9=71.5936 EMA21=71.6756 close=71.5850 VWAP=71.7359 EMA9_slope=↓ EMA21_slope=↓
2026-07-31 08:55:22 INFO     app.services.scheduler  [S2][NFLX] PUT entries disabled (s2_puts_enabled=0) — skip
2026-07-31 08:55:22 INFO     app.services.strategy_ema  [S2-5m-filter][SHOP] CALL blocked — EMA9=116.4180 EMA21=117.2558 close=116.6400 VWAP=118.3558 EMA9_slope=↑ EMA21_slope=↓
2026-07-31 08:55:22 INFO     app.services.scheduler  [S2][WMT] Cooldown active — last TRAILING_STOP exit at 15:54 UTC (20-min window)
2026-07-31 08:55:22 INFO     app.services.strategy  [SHOP] [L1] PUT entries disabled (s1_puts_enabled=0) — skip
2026-07-31 08:55:22 INFO     app.services.strategy  [IWM] [L1] PUT entries disabled (s1_puts_enabled=0) — skip
2026-07-31 08:55:23 INFO     app.services.scheduler  [vol-ceiling][COIN] Symbol too hot — true range 270% of its own ATR(14) (max 250%) — post-event whip risk, blocking entry
2026-07-31 08:55:23 INFO     app.services.strategy  [UBER] [L1] EMA trend 'bullish' not yet confirmed for 2 consecutive bars — skipping
2026-07-31 08:55:23 INFO     app.services.scheduler  [WMT] TP cooldown active — last TRAILING_STOP exit at 15:54 UTC (30-min window)
2026-07-31 08:55:23 INFO     app.services.strategy_ema  [S2-5m-filter][FIG] CALL blocked — EMA9=24.0208 EMA21=24.0192 close=24.0850 VWAP=24.1743 EMA9_slope=↑ EMA21_slope=↑
2026-07-31 08:55:23 INFO     app.services.scheduler  [energy-gate][UBER] Symbol not in play — true range 38% of its own ATR(14) (min 50%) — blocking entry
2026-07-31 08:55:23 INFO     app.services.strategy  [CRM] [L1] CALL rejected — price 182.41 is 0.812% from VWAP 180.94 (band=0.80% — waiting for pullback to VWAP)
2026-07-31 08:55:24 INFO     app.services.scheduler  [vol-ceiling][COIN] Symbol too hot — true range 270% of its own ATR(14) (max 250%) — post-event whip risk, blocking entry
2026-07-31 08:55:24 DEBUG    app.services.strategy_ema  [S2-5m-filter][FISV] CALL OK — EMA9=53.1804 > EMA21=53.1654 close=53.3500 > VWAP=53.1548 slopes both↑
2026-07-31 08:55:24 DEBUG    app.services.strategy_ema  [S2-freshness][FISV] CALL cross 0 bars old — within 40-bar window ✓
2026-07-31 08:55:24 INFO     app.services.strategy  [FISV] [L1] PUT entries disabled (s1_puts_enabled=0) — skip
2026-07-31 08:55:25 DEBUG    app.services.strategy_ema  [S2-pullback][FISV] CALL — no pullback: pullback-bar low=53.3600 close=53.3650 EMA9=53.1804 (need low≤EMA9 or close within 0.0532)
2026-07-31 08:55:25 INFO     app.services.strategy_ema  [S2-5m-filter][TSLA] CALL blocked — EMA9=306.8766 EMA21=306.9255 close=307.5600 VWAP=307.1850 EMA9_slope=↑ EMA21_slope=↑
2026-07-31 08:55:25 INFO     app.services.strategy_ema  [S2-5m-filter][QCOM] CALL blocked — EMA9=148.2160 EMA21=148.4949 close=148.4160 VWAP=148.7332 EMA9_slope=↑ EMA21_slope=↓
2026-07-31 08:55:26 INFO     app.services.strategy  [TSLA] [L1] PUT entries disabled (s1_puts_enabled=0) — skip
2026-07-31 08:55:26 INFO     app.services.strategy_ema  [S2-5m-filter][META] CALL blocked — EMA9=545.9266 EMA21=545.9159 close=546.5700 VWAP=548.4696 EMA9_slope=↑ EMA21_slope=↑
2026-07-31 08:55:26 DEBUG    app.services.strategy_ema  [S2-5m-filter][MSFT] CALL OK — EMA9=458.5294 > EMA21=457.1694 close=462.1950 > VWAP=457.3392 slopes both↑
2026-07-31 08:55:26 DEBUG    app.services.strategy_ema  [S2-freshness][MSFT] CALL cross 5 bars old — within 40-bar window ✓
2026-07-31 08:55:26 DEBUG    app.services.strategy_ema  [S2-pullback][MSFT] CALL — no pullback: pullback-bar low=461.3600 close=461.8200 EMA9=458.5294 (need low≤EMA9 or close within 0.4585)
2026-07-31 08:55:26 INFO     app.services.strategy  [MSFT] [L1] CALL rejected — price 462.34 is 1.147% from VWAP 457.10 (band=0.80% — waiting for pullback to VWAP)
2026-07-31 08:55:26 INFO     app.services.strategy  [META] [L1] EMA trend 'bullish' not yet confirmed for 2 consecutive bars — skipping
2026-07-31 08:55:26 INFO     app.services.strategy  [QCOM] [L1] PUT entries disabled (s1_puts_enabled=0) — skip
2026-07-31 08:55:47 INFO     app.services.scheduler  [vol-ceiling][AAPL] Symbol too hot — true range 409% of its own ATR(14) (max 250%) — post-event whip risk, blocking entry
2026-07-31 08:55:47 INFO     app.services.strategy_ema  [S2-freshness][GOOGL] No CALL EMA cross found in TODAY's session — trend predates today, blocking
2026-07-31 08:55:47 INFO     app.services.scheduler  [vol-ceiling][AMZN] Symbol too hot — true range 526% of its own ATR(14) (max 250%) — post-event whip risk, blocking entry
2026-07-31 08:55:48 DEBUG    app.services.strategy_ema  [S2-freshness][NOW] CALL cross 2 bars old — within 40-bar window ✓
2026-07-31 08:55:48 DEBUG    app.services.strategy_ema  [S2-pullback][NOW] CALL — no pullback: pullback-bar low=110.6500 close=110.7000 EMA9=110.1565 (need low≤EMA9 or close within 0.1102)
2026-07-31 08:55:48 INFO     app.services.scheduler  [S2][INTC] PUT entries disabled (s2_puts_enabled=0) — skip
2026-07-31 08:55:49 INFO     app.services.scheduler  [S2][NFLX] PUT entries disabled (s2_puts_enabled=0) — skip
2026-07-31 08:55:49 DEBUG    app.services.strategy_ema  [S2-freshness][PLTR] CALL cross 0 bars old — within 40-bar window ✓
2026-07-31 08:55:49 DEBUG    app.services.strategy_ema  [S2-pullback][PLTR] CALL — no pullback: pullback-bar low=121.5400 close=121.6700 EMA9=120.9228 (need low≤EMA9 or close within 0.1209)
2026-07-31 08:55:49 INFO     app.services.scheduler  [S2][WMT] Cooldown active — last TRAILING_STOP exit at 15:54 UTC (20-min window)
2026-07-31 08:55:49 INFO     app.services.scheduler  [energy-gate][UBER] Symbol not in play — true range 38% of its own ATR(14) (min 50%) — blocking entry
2026-07-31 08:55:49 INFO     app.services.scheduler  [vol-ceiling][COIN] Symbol too hot — true range 270% of its own ATR(14) (max 250%) — post-event whip risk, blocking entry
2026-07-31 08:55:49 DEBUG    app.services.strategy_ema  [S2-freshness][MSFT] CALL cross 5 bars old — within 40-bar window ✓
2026-07-31 08:55:49 DEBUG    app.services.strategy_ema  [S2-pullback][MSFT] CALL — no pullback: pullback-bar low=461.3600 close=461.8200 EMA9=458.5294 (need low≤EMA9 or close within 0.4585)
2026-07-31 08:55:49 DEBUG    app.services.strategy_ema  [S2-freshness][FISV] CALL cross 0 bars old — within 40-bar window ✓
2026-07-31 08:55:49 DEBUG    app.services.strategy_ema  [S2-pullback][FISV] CALL — no pullback: pullback-bar low=53.3600 close=53.3650 EMA9=53.1804 (need low≤EMA9 or close within 0.0532)
2026-07-31 08:56:17 INFO     app.services.scheduler  [Primary] [adaptive-band] QQQ → band=0.80% (normal (adaptive off)) | regime=BEARISH
2026-07-31 08:56:17 INFO     app.services.scheduler  [vol-ceiling][AMZN] Symbol too hot — true range 526% of its own ATR(14) (max 250%) — post-event whip risk, blocking entry
2026-07-31 08:56:17 INFO     app.services.scheduler  [vol-ceiling][AAPL] Symbol too hot — true range 409% of its own ATR(14) (max 250%) — post-event whip risk, blocking entry
2026-07-31 08:56:18 INFO     app.services.strategy  [NVDA] [L1] CALL rejected — price 196.35 is BELOW VWAP 197.38 (wrong side for bullish bounce)
2026-07-31 08:56:18 INFO     app.services.strategy_ema  [S2-freshness][GOOGL] No CALL EMA cross found in TODAY's session — trend predates today, blocking
2026-07-31 08:56:18 INFO     app.services.scheduler  [vol-ceiling][AMZN] Symbol too hot — true range 526% of its own ATR(14) (max 250%) — post-event whip risk, blocking entry
2026-07-31 08:56:18 INFO     app.services.scheduler  [S2][INTC] PUT entries disabled (s2_puts_enabled=0) — skip
2026-07-31 08:56:18 DEBUG    app.services.strategy_ema  [S2-freshness][PLTR] CALL cross 0 bars old — within 40-bar window ✓
2026-07-31 08:56:19 INFO     app.services.scheduler  [vol-ceiling][AAPL] Symbol too hot — true range 409% of its own ATR(14) (max 250%) — post-event whip risk, blocking entry
2026-07-31 08:56:19 DEBUG    app.services.strategy_ema  [S2-pullback][PLTR] CALL — no pullback: pullback-bar low=121.6500 close=121.8502 EMA9=120.9228 (need low≤EMA9 or close within 0.1209)
2026-07-31 08:56:19 INFO     app.services.strategy  [GOOGL] [L1] CALL rejected — price 351.68 is 1.246% from VWAP 347.35 (band=0.80% — waiting for pullback to VWAP)
2026-07-31 08:56:19 DEBUG    app.services.strategy_ema  [S2-freshness][NOW] CALL cross 2 bars old — within 40-bar window ✓
2026-07-31 08:56:19 INFO     app.services.strategy  [INTC] [L1] PUT entries disabled (s1_puts_enabled=0) — skip
2026-07-31 08:56:19 INFO     app.services.strategy  [PLTR] [L1] PUT entries disabled (s1_puts_enabled=0) — skip
2026-07-31 08:56:20 DEBUG    app.services.strategy_ema  [S2-pullback][NOW] CALL — no pullback: pullback-bar low=110.7400 close=110.7980 EMA9=110.1565 (need low≤EMA9 or close within 0.1102)
2026-07-31 08:56:20 INFO     app.services.scheduler  [S2][NFLX] PUT entries disabled (s2_puts_enabled=0) — skip
2026-07-31 08:56:20 INFO     app.services.strategy  [NOW] [L1] EMA trend 'bullish' not yet confirmed for 2 consecutive bars — skipping
2026-07-31 08:56:21 INFO     app.services.strategy  [NFLX] [L1] PUT entries disabled (s1_puts_enabled=0) — skip
2026-07-31 08:56:21 INFO     app.services.scheduler  [S2][WMT] Cooldown active — last TRAILING_STOP exit at 15:54 UTC (20-min window)
2026-07-31 08:56:21 INFO     app.services.strategy  [SHOP] [L1] PUT entries disabled (s1_puts_enabled=0) — skip
2026-07-31 08:56:21 INFO     app.services.scheduler  [energy-gate][UBER] Symbol not in play — true range 38% of its own ATR(14) (min 50%) — blocking entry
2026-07-31 08:56:21 INFO     app.services.scheduler  [vol-ceiling][COIN] Symbol too hot — true range 270% of its own ATR(14) (max 250%) — post-event whip risk, blocking entry
2026-07-31 08:56:22 INFO     app.services.strategy  [IWM] [L1] PUT entries disabled (s1_puts_enabled=0) — skip
2026-07-31 08:56:22 INFO     app.services.scheduler  [vol-ceiling][COIN] Symbol too hot — true range 270% of its own ATR(14) (max 250%) — post-event whip risk, blocking entry
2026-07-31 08:56:22 INFO     app.services.scheduler  [WMT] TP cooldown active — last TRAILING_STOP exit at 15:54 UTC (30-min window)
2026-07-31 08:56:22 INFO     app.services.strategy  [CRM] [L1] CALL rejected — price 182.40 is 0.806% from VWAP 180.94 (band=0.80% — waiting for pullback to VWAP)
2026-07-31 08:56:23 INFO     app.services.strategy  [UBER] [L1] EMA trend 'bullish' not yet confirmed for 2 consecutive bars — skipping
2026-07-31 08:56:23 DEBUG    app.services.strategy_ema  [S2-freshness][FISV] CALL cross 0 bars old — within 40-bar window ✓
2026-07-31 08:56:23 INFO     app.services.strategy  [FISV] [L1] PUT entries disabled (s1_puts_enabled=0) — skip
2026-07-31 08:56:23 DEBUG    app.services.strategy_ema  [S2-pullback][FISV] CALL — no pullback: pullback-bar low=53.3350 close=53.3500 EMA9=53.1804 (need low≤EMA9 or close within 0.0532)
2026-07-31 08:56:24 INFO     app.services.strategy  [TSLA] [L1] PUT entries disabled (s1_puts_enabled=0) — skip
2026-07-31 08:56:24 INFO     app.services.strategy  [QCOM] [L1] PUT entries disabled (s1_puts_enabled=0) — skip
2026-07-31 08:56:24 DEBUG    app.services.strategy_ema  [S2-freshness][MSFT] CALL cross 5 bars old — within 40-bar window ✓
2026-07-31 08:56:24 INFO     app.services.strategy  [MSFT] [L1] CALL rejected — price 462.16 is 1.102% from VWAP 457.12 (band=0.80% — waiting for pullback to VWAP)
2026-07-31 08:56:24 DEBUG    app.services.strategy_ema  [S2-pullback][MSFT] CALL — no pullback: pullback-bar low=461.6300 close=462.1950 EMA9=458.5294 (need low≤EMA9 or close within 0.4585)
2026-07-31 08:56:25 INFO     app.services.strategy  [META] [L1] EMA trend 'bullish' not yet confirmed for 2 consecutive bars — skipping
2026-07-31 08:56:47 INFO     app.services.scheduler  [vol-ceiling][AAPL] Symbol too hot — true range 409% of its own ATR(14) (max 250%) — post-event whip risk, blocking entry
2026-07-31 08:56:47 INFO     app.services.scheduler  [vol-ceiling][AMZN] Symbol too hot — true range 526% of its own ATR(14) (max 250%) — post-event whip risk, blocking entry
2026-07-31 08:56:48 INFO     app.services.scheduler  [S2][INTC] PUT entries disabled (s2_puts_enabled=0) — skip
2026-07-31 08:56:48 DEBUG    app.services.strategy_ema  [S2-freshness][NOW] CALL cross 2 bars old — within 40-bar window ✓
2026-07-31 08:56:48 INFO     app.services.strategy_ema  [S2-freshness][GOOGL] No CALL EMA cross found in TODAY's session — trend predates today, blocking
2026-07-31 08:56:48 DEBUG    app.services.strategy_ema  [S2-freshness][PLTR] CALL cross 0 bars old — within 40-bar window ✓
2026-07-31 08:56:48 DEBUG    app.services.strategy_ema  [S2-pullback][NOW] CALL — no pullback: pullback-bar low=110.7400 close=110.7980 EMA9=110.1565 (need low≤EMA9 or close within 0.1102)
2026-07-31 08:56:49 DEBUG    app.services.strategy_ema  [S2-pullback][PLTR] CALL — no pullback: pullback-bar low=121.6500 close=121.8502 EMA9=120.9228 (need low≤EMA9 or close within 0.1209)
2026-07-31 08:56:49 INFO     app.services.scheduler  [S2][NFLX] PUT entries disabled (s2_puts_enabled=0) — skip
2026-07-31 08:56:49 INFO     app.services.scheduler  [S2][WMT] Cooldown active — last TRAILING_STOP exit at 15:54 UTC (20-min window)
2026-07-31 08:56:50 INFO     app.services.scheduler  [energy-gate][UBER] Symbol not in play — true range 38% of its own ATR(14) (min 50%) — blocking entry
2026-07-31 08:56:50 INFO     app.services.scheduler  [vol-ceiling][COIN] Symbol too hot — true range 270% of its own ATR(14) (max 250%) — post-event whip risk, blocking entry
2026-07-31 08:56:51 DEBUG    app.services.strategy_ema  [S2-freshness][FISV] CALL cross 0 bars old — within 40-bar window ✓
2026-07-31 08:56:51 DEBUG    app.services.strategy_ema  [S2-pullback][FISV] CALL — no pullback: pullback-bar low=53.3350 close=53.3500 EMA9=53.1804 (need low≤EMA9 or close within 0.0532)
2026-07-31 08:56:51 DEBUG    app.services.strategy_ema  [S2-freshness][MSFT] CALL cross 5 bars old — within 40-bar window ✓
2026-07-31 08:56:52 DEBUG    app.services.strategy_ema  [S2-pullback][MSFT] CALL — no pullback: pullback-bar low=461.6300 close=462.1950 EMA9=458.5294 (need low≤EMA9 or close within 0.4585)
2026-07-31 08:57:17 INFO     app.services.scheduler  [Primary] [adaptive-band] QQQ → band=0.80% (normal (adaptive off)) | regime=NEUTRAL
2026-07-31 08:57:17 INFO     app.services.scheduler  [vol-ceiling][AAPL] Symbol too hot — true range 409% of its own ATR(14) (max 250%) — post-event whip risk, blocking entry
2026-07-31 08:57:17 INFO     app.services.scheduler  [vol-ceiling][AMZN] Symbol too hot — true range 526% of its own ATR(14) (max 250%) — post-event whip risk, blocking entry
2026-07-31 08:57:18 INFO     app.services.scheduler  [vol-ceiling][AAPL] Symbol too hot — true range 409% of its own ATR(14) (max 250%) — post-event whip risk, blocking entry
2026-07-31 08:57:19 INFO     app.services.scheduler  [vol-ceiling][AMZN] Symbol too hot — true range 526% of its own ATR(14) (max 250%) — post-event whip risk, blocking entry
2026-07-31 08:57:19 INFO     app.services.strategy  [NVDA] [L1] CALL rejected — price 196.34 is BELOW VWAP 197.38 (wrong side for bullish bounce)
2026-07-31 08:57:19 INFO     app.services.strategy_ema  [S2-freshness][GOOGL] No CALL EMA cross found in TODAY's session — trend predates today, blocking
2026-07-31 08:57:19 INFO     app.services.scheduler  [S2][INTC] PUT entries disabled (s2_puts_enabled=0) — skip
2026-07-31 08:57:20 DEBUG    app.services.strategy_ema  [S2-freshness][PLTR] CALL cross 0 bars old — within 40-bar window ✓
2026-07-31 08:57:20 INFO     app.services.strategy  [GOOGL] [L1] CALL rejected — price 351.92 is 1.310% from VWAP 347.36 (band=0.80% — waiting for pullback to VWAP)
2026-07-31 08:57:20 INFO     app.services.strategy  [PLTR] [L1] PUT entries disabled (s1_puts_enabled=0) — skip
2026-07-31 08:57:20 DEBUG    app.services.strategy_ema  [S2-pullback][PLTR] CALL — no pullback: pullback-bar low=121.7800 close=121.9029 EMA9=120.9228 (need low≤EMA9 or close within 0.1209)
2026-07-31 08:57:20 INFO     app.services.strategy  [INTC] [L1] PUT entries disabled (s1_puts_enabled=0) — skip
2026-07-31 08:57:20 DEBUG    app.services.strategy_ema  [S2-freshness][NOW] CALL cross 2 bars old — within 40-bar window ✓
2026-07-31 08:57:21 INFO     app.services.strategy  [NOW] [L1] EMA trend 'bullish' not yet confirmed for 2 consecutive bars — skipping
2026-07-31 08:57:21 INFO     app.services.scheduler  [S2][NFLX] PUT entries disabled (s2_puts_enabled=0) — skip
2026-07-31 08:57:21 DEBUG    app.services.strategy_ema  [S2-pullback][NOW] CALL — no pullback: pullback-bar low=110.6900 close=110.7450 EMA9=110.1565 (need low≤EMA9 or close within 0.1102)
2026-07-31 08:57:22 INFO     app.services.strategy  [NFLX] [L1] PUT entries disabled (s1_puts_enabled=0) — skip
2026-07-31 08:57:22 INFO     app.services.strategy  [SHOP] [L1] PUT entries disabled (s1_puts_enabled=0) — skip
2026-07-31 08:57:22 INFO     app.services.strategy  [IWM] [L1] PUT entries disabled (s1_puts_enabled=0) — skip
2026-07-31 08:57:22 INFO     app.services.scheduler  [S2][WMT] Cooldown active — last TRAILING_STOP exit at 15:54 UTC (20-min window)
2026-07-31 08:57:22 INFO     app.services.scheduler  [vol-ceiling][COIN] Symbol too hot — true range 270% of its own ATR(14) (max 250%) — post-event whip risk, blocking entry
2026-07-31 08:57:22 INFO     app.services.scheduler  [energy-gate][UBER] Symbol not in play — true range 38% of its own ATR(14) (min 50%) — blocking entry
2026-07-31 08:57:23 INFO     app.services.scheduler  [vol-ceiling][COIN] Symbol too hot — true range 270% of its own ATR(14) (max 250%) — post-event whip risk, blocking entry
2026-07-31 08:57:23 INFO     app.services.scheduler  [WMT] TP cooldown active — last TRAILING_STOP exit at 15:54 UTC (30-min window)
2026-07-31 08:57:23 INFO     app.services.strategy  [CRM] [L1] CALL rejected — price 182.51 is 0.864% from VWAP 180.95 (band=0.80% — waiting for pullback to VWAP)
2026-07-31 08:57:23 INFO     app.services.strategy  [UBER] [L1] EMA trend 'bullish' not yet confirmed for 2 consecutive bars — skipping
2026-07-31 08:57:24 DEBUG    app.services.strategy_ema  [S2-freshness][FISV] CALL cross 0 bars old — within 40-bar window ✓
2026-07-31 08:57:24 INFO     app.services.strategy  [QCOM] [L1] PUT entries disabled (s1_puts_enabled=0) — skip
2026-07-31 08:57:25 DEBUG    app.services.strategy_ema  [S2-pullback][FISV] CALL — no pullback: pullback-bar low=53.3150 close=53.3400 EMA9=53.1804 (need low≤EMA9 or close within 0.0532)
2026-07-31 08:57:25 INFO     app.services.strategy  [FISV] [L1] PUT entries disabled (s1_puts_enabled=0) — skip
2026-07-31 08:57:25 INFO     app.services.strategy  [TSLA] [L1] PUT entries disabled (s1_puts_enabled=0) — skip
2026-07-31 08:57:25 INFO     app.services.strategy  [MSFT] [L1] CALL rejected — price 462.12 is 1.090% from VWAP 457.14 (band=0.80% — waiting for pullback to VWAP)
2026-07-31 08:57:26 DEBUG    app.services.strategy_ema  [S2-freshness][MSFT] CALL cross 5 bars old — within 40-bar window ✓
2026-07-31 08:57:26 DEBUG    app.services.strategy_ema  [S2-pullback][MSFT] CALL — no pullback: pullback-bar low=461.7450 close=462.1700 EMA9=458.5294 (need low≤EMA9 or close within 0.4585)
2026-07-31 08:57:26 INFO     app.services.strategy  [META] [L1] EMA trend 'bullish' not yet confirmed for 2 consecutive bars — skipping
2026-07-31 08:57:47 INFO     app.services.scheduler  [vol-ceiling][AMZN] Symbol too hot — true range 526% of its own ATR(14) (max 250%) — post-event whip risk, blocking entry
2026-07-31 08:57:47 INFO     app.services.scheduler  [vol-ceiling][AAPL] Symbol too hot — true range 409% of its own ATR(14) (max 250%) — post-event whip risk, blocking entry
2026-07-31 08:57:48 INFO     app.services.strategy_ema  [S2-freshness][GOOGL] No CALL EMA cross found in TODAY's session — trend predates today, blocking
2026-07-31 08:57:48 INFO     app.services.scheduler  [S2][INTC] PUT entries disabled (s2_puts_enabled=0) — skip
2026-07-31 08:57:48 DEBUG    app.services.strategy_ema  [S2-freshness][PLTR] CALL cross 0 bars old — within 40-bar window ✓
2026-07-31 08:57:48 DEBUG    app.services.strategy_ema  [S2-freshness][NOW] CALL cross 2 bars old — within 40-bar window ✓
2026-07-31 08:57:48 DEBUG    app.services.strategy_ema  [S2-pullback][PLTR] CALL — no pullback: pullback-bar low=121.7800 close=121.9029 EMA9=120.9228 (need low≤EMA9 or close within 0.1209)
2026-07-31 08:57:48 DEBUG    app.services.strategy_ema  [S2-pullback][NOW] CALL — no pullback: pullback-bar low=110.6900 close=110.7450 EMA9=110.1565 (need low≤EMA9 or close within 0.1102)
2026-07-31 08:57:48 INFO     app.services.scheduler  [S2][NFLX] PUT entries disabled (s2_puts_enabled=0) — skip
2026-07-31 08:57:48 INFO     app.services.scheduler  [S2][WMT] Cooldown active — last TRAILING_STOP exit at 15:54 UTC (20-min window)
2026-07-31 08:57:49 INFO     app.services.scheduler  [energy-gate][UBER] Symbol not in play — true range 38% of its own ATR(14) (min 50%) — blocking entry
2026-07-31 08:57:49 INFO     app.services.scheduler  [vol-ceiling][COIN] Symbol too hot — true range 270% of its own ATR(14) (max 250%) — post-event whip risk, blocking entry
2026-07-31 08:57:49 DEBUG    app.services.strategy_ema  [S2-freshness][FISV] CALL cross 0 bars old — within 40-bar window ✓
2026-07-31 08:57:49 DEBUG    app.services.strategy_ema  [S2-pullback][FISV] CALL — no pullback: pullback-bar low=53.3150 close=53.3400 EMA9=53.1804 (need low≤EMA9 or close within 0.0532)
2026-07-31 08:57:49 DEBUG    app.services.strategy_ema  [S2-freshness][MSFT] CALL cross 5 bars old — within 40-bar window ✓
2026-07-31 08:57:49 DEBUG    app.services.strategy_ema  [S2-pullback][MSFT] CALL — no pullback: pullback-bar low=461.7450 close=462.1700 EMA9=458.5294 (need low≤EMA9 or close within 0.4585)
2026-07-31 08:58:17 INFO     app.services.scheduler  [Primary] [adaptive-band] QQQ → band=0.80% (normal (adaptive off)) | regime=NEUTRAL
2026-07-31 08:58:17 INFO     app.services.scheduler  [vol-ceiling][AAPL] Symbol too hot — true range 409% of its own ATR(14) (max 250%) — post-event whip risk, blocking entry
2026-07-31 08:58:18 INFO     app.services.strategy_ema  [S2-freshness][GOOGL] No CALL EMA cross found in TODAY's session — trend predates today, blocking
2026-07-31 08:58:18 INFO     app.services.scheduler  [vol-ceiling][AAPL] Symbol too hot — true range 409% of its own ATR(14) (max 250%) — post-event whip risk, blocking entry
2026-07-31 08:58:18 INFO     app.services.strategy  [GOOGL] [L1] CALL rejected — price 351.97 is 1.323% from VWAP 347.37 (band=0.80% — waiting for pullback to VWAP)
2026-07-31 08:58:18 INFO     app.services.strategy  [NVDA] [L1] CALL rejected — price 196.45 is BELOW VWAP 197.38 (wrong side for bullish bounce)
2026-07-31 08:58:18 INFO     app.services.scheduler  [vol-ceiling][AMZN] Symbol too hot — true range 526% of its own ATR(14) (max 250%) — post-event whip risk, blocking entry
2026-07-31 08:58:19 DEBUG    app.services.strategy_ema  [S2-freshness][PLTR] CALL cross 0 bars old — within 40-bar window ✓
2026-07-31 08:58:19 INFO     app.services.scheduler  [vol-ceiling][AMZN] Symbol too hot — true range 526% of its own ATR(14) (max 250%) — post-event whip risk, blocking entry
2026-07-31 08:58:19 INFO     app.services.scheduler  [S2][INTC] PUT entries disabled (s2_puts_enabled=0) — skip
2026-07-31 08:58:20 DEBUG    app.services.strategy_ema  [S2-pullback][PLTR] CALL — no pullback: pullback-bar low=121.9000 close=121.9250 EMA9=120.9228 (need low≤EMA9 or close within 0.1209)
2026-07-31 08:58:20 INFO     app.services.strategy  [PLTR] [L1] PUT entries disabled (s1_puts_enabled=0) — skip
2026-07-31 08:58:20 INFO     app.services.strategy  [INTC] [L1] PUT entries disabled (s1_puts_enabled=0) — skip
2026-07-31 08:58:20 DEBUG    app.services.strategy_ema  [S2-freshness][NOW] CALL cross 2 bars old — within 40-bar window ✓
2026-07-31 08:58:21 INFO     app.services.strategy  [NOW] [L1] EMA trend 'bullish' not yet confirmed for 2 consecutive bars — skipping
2026-07-31 08:58:21 INFO     app.services.scheduler  [S2][NFLX] PUT entries disabled (s2_puts_enabled=0) — skip
2026-07-31 08:58:21 DEBUG    app.services.strategy_ema  [S2-pullback][NOW] CALL — no pullback: pullback-bar low=110.6800 close=110.8000 EMA9=110.1565 (need low≤EMA9 or close within 0.1102)
2026-07-31 08:58:21 INFO     app.services.strategy  [NFLX] [L1] PUT entries disabled (s1_puts_enabled=0) — skip
2026-07-31 08:58:21 INFO     app.services.scheduler  [S2][WMT] Cooldown active — last TRAILING_STOP exit at 15:54 UTC (20-min window)
2026-07-31 08:58:21 INFO     app.services.strategy  [SHOP] [L1] PUT entries disabled (s1_puts_enabled=0) — skip
2026-07-31 08:58:21 INFO     app.services.scheduler  [energy-gate][UBER] Symbol not in play — true range 38% of its own ATR(14) (min 50%) — blocking entry
2026-07-31 08:58:22 INFO     app.services.strategy  [IWM] [L1] PUT entries disabled (s1_puts_enabled=0) — skip
2026-07-31 08:58:22 INFO     app.services.strategy  [UBER] [L1] EMA trend 'bullish' not yet confirmed for 2 consecutive bars — skipping
2026-07-31 08:58:22 INFO     app.services.scheduler  [WMT] TP cooldown active — last TRAILING_STOP exit at 15:54 UTC (30-min window)
2026-07-31 08:58:22 INFO     app.services.scheduler  [vol-ceiling][COIN] Symbol too hot — true range 270% of its own ATR(14) (max 250%) — post-event whip risk, blocking entry
2026-07-31 08:58:22 INFO     app.services.strategy  [CRM] [L1] CALL rejected — price 182.61 is 0.917% from VWAP 180.95 (band=0.80% — waiting for pullback to VWAP)
2026-07-31 08:58:23 DEBUG    app.services.strategy_ema  [S2-freshness][FISV] CALL cross 0 bars old — within 40-bar window ✓
2026-07-31 08:58:23 INFO     app.services.scheduler  [vol-ceiling][COIN] Symbol too hot — true range 270% of its own ATR(14) (max 250%) — post-event whip risk, blocking entry
2026-07-31 08:58:23 INFO     app.services.strategy  [FISV] [L1] PUT entries disabled (s1_puts_enabled=0) — skip
2026-07-31 08:58:24 DEBUG    app.services.strategy_ema  [S2-pullback][FISV] CALL — no pullback: pullback-bar low=53.3500 close=53.3500 EMA9=53.1804 (need low≤EMA9 or close within 0.0532)
2026-07-31 08:58:24 INFO     app.services.strategy  [QCOM] [L1] PUT entries disabled (s1_puts_enabled=0) — skip
2026-07-31 08:58:24 DEBUG    app.services.strategy_ema  [S2-freshness][MSFT] CALL cross 5 bars old — within 40-bar window ✓
2026-07-31 08:58:24 DEBUG    app.services.strategy_ema  [S2-pullback][MSFT] CALL — no pullback: pullback-bar low=461.6300 close=461.6300 EMA9=458.5294 (need low≤EMA9 or close within 0.4585)
2026-07-31 08:58:24 INFO     app.services.strategy  [MSFT] [L1] CALL rejected — price 462.64 is 1.196% from VWAP 457.17 (band=0.80% — waiting for pullback to VWAP)
2026-07-31 08:58:24 INFO     app.services.strategy  [TSLA] [L1] PUT entries disabled (s1_puts_enabled=0) — skip
2026-07-31 08:58:25 INFO     app.services.strategy  [META] [L1] EMA trend 'bullish' not yet confirmed for 2 consecutive bars — skipping
2026-07-31 08:58:47 INFO     app.services.scheduler  [vol-ceiling][AAPL] Symbol too hot — true range 409% of its own ATR(14) (max 250%) — post-event whip risk, blocking entry
2026-07-31 08:58:47 INFO     app.services.scheduler  [vol-ceiling][AMZN] Symbol too hot — true range 526% of its own ATR(14) (max 250%) — post-event whip risk, blocking entry
2026-07-31 08:58:47 INFO     app.services.strategy_ema  [S2-freshness][GOOGL] No CALL EMA cross found in TODAY's session — trend predates today, blocking
2026-07-31 08:58:47 INFO     app.services.scheduler  [S2][INTC] PUT entries disabled (s2_puts_enabled=0) — skip
2026-07-31 08:58:48 DEBUG    app.services.strategy_ema  [S2-freshness][PLTR] CALL cross 0 bars old — within 40-bar window ✓
2026-07-31 08:58:48 DEBUG    app.services.strategy_ema  [S2-pullback][PLTR] CALL — no pullback: pullback-bar low=121.9000 close=121.9250 EMA9=120.9228 (need low≤EMA9 or close within 0.1209)
2026-07-31 08:58:48 DEBUG    app.services.strategy_ema  [S2-freshness][NOW] CALL cross 2 bars old — within 40-bar window ✓
2026-07-31 08:58:48 INFO     app.services.scheduler  [S2][NFLX] PUT entries disabled (s2_puts_enabled=0) — skip
2026-07-31 08:58:48 DEBUG    app.services.strategy_ema  [S2-pullback][NOW] CALL — no pullback: pullback-bar low=110.6800 close=110.8000 EMA9=110.1565 (need low≤EMA9 or close within 0.1102)
2026-07-31 08:58:48 INFO     app.services.scheduler  [S2][WMT] Cooldown active — last TRAILING_STOP exit at 15:54 UTC (20-min window)
2026-07-31 08:58:49 INFO     app.services.scheduler  [energy-gate][UBER] Symbol not in play — true range 38% of its own ATR(14) (min 50%) — blocking entry
2026-07-31 08:58:49 INFO     app.services.scheduler  [vol-ceiling][COIN] Symbol too hot — true range 270% of its own ATR(14) (max 250%) — post-event whip risk, blocking entry
2026-07-31 08:58:49 DEBUG    app.services.strategy_ema  [S2-freshness][FISV] CALL cross 0 bars old — within 40-bar window ✓
2026-07-31 08:58:49 DEBUG    app.services.strategy_ema  [S2-pullback][FISV] CALL — no pullback: pullback-bar low=53.3500 close=53.3500 EMA9=53.1804 (need low≤EMA9 or close within 0.0532)
2026-07-31 08:58:49 DEBUG    app.services.strategy_ema  [S2-freshness][MSFT] CALL cross 5 bars old — within 40-bar window ✓
2026-07-31 08:58:49 DEBUG    app.services.strategy_ema  [S2-pullback][MSFT] CALL — no pullback: pullback-bar low=461.6300 close=461.6300 EMA9=458.5294 (need low≤EMA9 or close within 0.4585)
2026-07-31 08:59:17 INFO     app.services.scheduler  [Primary] [adaptive-band] QQQ → band=0.80% (normal (adaptive off)) | regime=BEARISH
2026-07-31 08:59:17 INFO     app.services.scheduler  [vol-ceiling][AAPL] Symbol too hot — true range 409% of its own ATR(14) (max 250%) — post-event whip risk, blocking entry
2026-07-31 08:59:18 INFO     app.services.scheduler  [vol-ceiling][AMZN] Symbol too hot — true range 526% of its own ATR(14) (max 250%) — post-event whip risk, blocking entry
2026-07-31 08:59:18 INFO     app.services.scheduler  [vol-ceiling][AAPL] Symbol too hot — true range 409% of its own ATR(14) (max 250%) — post-event whip risk, blocking entry
2026-07-31 08:59:18 INFO     app.services.scheduler  [vol-ceiling][AMZN] Symbol too hot — true range 526% of its own ATR(14) (max 250%) — post-event whip risk, blocking entry
2026-07-31 08:59:18 INFO     app.services.strategy  [NVDA] [L1] CALL rejected — price 196.14 is BELOW VWAP 197.37 (wrong side for bullish bounce)
2026-07-31 08:59:19 INFO     app.services.strategy  [GOOGL] [L1] CALL rejected — price 351.55 is 1.200% from VWAP 347.38 (band=0.80% — waiting for pullback to VWAP)
2026-07-31 08:59:19 INFO     app.services.strategy_ema  [S2-freshness][GOOGL] No CALL EMA cross found in TODAY's session — trend predates today, blocking
2026-07-31 08:59:19 INFO     app.services.scheduler  [S2][INTC] PUT entries disabled (s2_puts_enabled=0) — skip
2026-07-31 08:59:19 DEBUG    app.services.strategy_ema  [S2-freshness][PLTR] CALL cross 0 bars old — within 40-bar window ✓
2026-07-31 08:59:19 INFO     app.services.strategy  [PLTR] [L1] PUT entries disabled (s1_puts_enabled=0) — skip
2026-07-31 08:59:20 INFO     app.services.strategy  [INTC] [L1] PUT entries disabled (s1_puts_enabled=0) — skip
2026-07-31 08:59:20 DEBUG    app.services.strategy_ema  [S2-pullback][PLTR] CALL — no pullback: pullback-bar low=121.8001 close=121.8400 EMA9=120.9228 (need low≤EMA9 or close within 0.1209)
2026-07-31 08:59:20 DEBUG    app.services.strategy_ema  [S2-freshness][NOW] CALL cross 2 bars old — within 40-bar window ✓
2026-07-31 08:59:20 INFO     app.services.strategy  [NOW] [L1] EMA trend 'bullish' not yet confirmed for 2 consecutive bars — skipping
2026-07-31 08:59:21 INFO     app.services.scheduler  [S2][NFLX] PUT entries disabled (s2_puts_enabled=0) — skip
2026-07-31 08:59:21 DEBUG    app.services.strategy_ema  [S2-pullback][NOW] CALL — no pullback: pullback-bar low=110.7300 close=110.9200 EMA9=110.1565 (need low≤EMA9 or close within 0.1102)
2026-07-31 08:59:21 INFO     app.services.scheduler  [S2][WMT] Cooldown active — last TRAILING_STOP exit at 15:54 UTC (20-min window)
2026-07-31 08:59:21 INFO     app.services.strategy  [NFLX] [L1] PUT entries disabled (s1_puts_enabled=0) — skip
2026-07-31 08:59:21 INFO     app.services.strategy  [SHOP] [L1] PUT entries disabled (s1_puts_enabled=0) — skip
2026-07-31 08:59:21 INFO     app.services.strategy  [IWM] [L1] PUT entries disabled (s1_puts_enabled=0) — skip
2026-07-31 08:59:22 INFO     app.services.scheduler  [energy-gate][UBER] Symbol not in play — true range 38% of its own ATR(14) (min 50%) — blocking entry
2026-07-31 08:59:22 INFO     app.services.scheduler  [vol-ceiling][COIN] Symbol too hot — true range 270% of its own ATR(14) (max 250%) — post-event whip risk, blocking entry
2026-07-31 08:59:22 INFO     app.services.strategy  [CRM] [L1] CALL rejected — price 182.56 is 0.886% from VWAP 180.96 (band=0.80% — waiting for pullback to VWAP)
2026-07-31 08:59:22 INFO     app.services.scheduler  [WMT] TP cooldown active — last TRAILING_STOP exit at 15:54 UTC (30-min window)
2026-07-31 08:59:23 INFO     app.services.strategy  [UBER] [L1] EMA trend 'bullish' not yet confirmed for 2 consecutive bars — skipping
2026-07-31 08:59:23 DEBUG    app.services.strategy_ema  [S2-freshness][FISV] CALL cross 0 bars old — within 40-bar window ✓
2026-07-31 08:59:23 DEBUG    app.services.strategy_ema  [S2-pullback][FISV] CALL — no pullback: pullback-bar low=53.3550 close=53.4100 EMA9=53.1804 (need low≤EMA9 or close within 0.0532)
2026-07-31 08:59:24 INFO     app.services.scheduler  [vol-ceiling][COIN] Symbol too hot — true range 270% of its own ATR(14) (max 250%) — post-event whip risk, blocking entry
2026-07-31 08:59:24 INFO     app.services.strategy  [QCOM] [L1] PUT entries disabled (s1_puts_enabled=0) — skip
2026-07-31 08:59:24 INFO     app.services.strategy  [FISV] [L1] PUT entries disabled (s1_puts_enabled=0) — skip
2026-07-31 08:59:24 INFO     app.services.strategy  [TSLA] [L1] PUT entries disabled (s1_puts_enabled=0) — skip
2026-07-31 08:59:25 DEBUG    app.services.strategy_ema  [S2-freshness][MSFT] CALL cross 5 bars old — within 40-bar window ✓
2026-07-31 08:59:25 INFO     app.services.strategy  [MSFT] [L1] CALL rejected — price 463.25 is 1.319% from VWAP 457.22 (band=0.80% — waiting for pullback to VWAP)
2026-07-31 08:59:25 DEBUG    app.services.strategy_ema  [S2-pullback][MSFT] CALL — no pullback: pullback-bar low=461.7000 close=462.8100 EMA9=458.5294 (need low≤EMA9 or close within 0.4585)
2026-07-31 08:59:25 INFO     app.services.strategy  [META] [L1] EMA trend 'bullish' not yet confirmed for 2 consecutive bars — skipping
2026-07-31 08:59:47 INFO     app.services.scheduler  [vol-ceiling][AMZN] Symbol too hot — true range 526% of its own ATR(14) (max 250%) — post-event whip risk, blocking entry
2026-07-31 08:59:47 INFO     app.services.scheduler  [vol-ceiling][AAPL] Symbol too hot — true range 409% of its own ATR(14) (max 250%) — post-event whip risk, blocking entry
2026-07-31 08:59:48 INFO     app.services.strategy_ema  [S2-freshness][GOOGL] No CALL EMA cross found in TODAY's session — trend predates today, blocking
2026-07-31 08:59:48 DEBUG    app.services.strategy_ema  [S2-freshness][PLTR] CALL cross 0 bars old — within 40-bar window ✓
2026-07-31 08:59:48 INFO     app.services.scheduler  [S2][INTC] PUT entries disabled (s2_puts_enabled=0) — skip
2026-07-31 08:59:48 DEBUG    app.services.strategy_ema  [S2-pullback][PLTR] CALL — no pullback: pullback-bar low=121.8001 close=121.8400 EMA9=120.9228 (need low≤EMA9 or close within 0.1209)
2026-07-31 08:59:48 DEBUG    app.services.strategy_ema  [S2-freshness][NOW] CALL cross 2 bars old — within 40-bar window ✓
2026-07-31 08:59:48 DEBUG    app.services.strategy_ema  [S2-pullback][NOW] CALL — no pullback: pullback-bar low=110.7300 close=110.9200 EMA9=110.1565 (need low≤EMA9 or close within 0.1102)
2026-07-31 08:59:48 INFO     app.services.scheduler  [S2][NFLX] PUT entries disabled (s2_puts_enabled=0) — skip
2026-07-31 08:59:48 INFO     app.services.scheduler  [S2][WMT] Cooldown active — last TRAILING_STOP exit at 15:54 UTC (20-min window)
2026-07-31 08:59:49 INFO     app.services.scheduler  [energy-gate][UBER] Symbol not in play — true range 38% of its own ATR(14) (min 50%) — blocking entry
2026-07-31 08:59:49 INFO     app.services.scheduler  [vol-ceiling][COIN] Symbol too hot — true range 270% of its own ATR(14) (max 250%) — post-event whip risk, blocking entry
2026-07-31 08:59:49 DEBUG    app.services.strategy_ema  [S2-freshness][FISV] CALL cross 0 bars old — within 40-bar window ✓
2026-07-31 08:59:49 DEBUG    app.services.strategy_ema  [S2-pullback][FISV] CALL — no pullback: pullback-bar low=53.3550 close=53.4100 EMA9=53.1804 (need low≤EMA9 or close within 0.0532)
2026-07-31 08:59:49 DEBUG    app.services.strategy_ema  [S2-freshness][MSFT] CALL cross 5 bars old — within 40-bar window ✓
2026-07-31 08:59:49 DEBUG    app.services.strategy_ema  [S2-pullback][MSFT] CALL — no pullback: pullback-bar low=461.7000 close=462.8100 EMA9=458.5294 (need low≤EMA9 or close within 0.4585)
2026-07-31 09:00:17 INFO     app.services.scheduler  [vol-ceiling][AAPL] Symbol too hot — true range 409% of its own ATR(14) (max 250%) — post-event whip risk, blocking entry
2026-07-31 09:00:17 INFO     app.services.scheduler  [Primary] [adaptive-band] QQQ → band=0.80% (normal (adaptive off)) | regime=BEARISH
2026-07-31 09:00:17 INFO     app.services.scheduler  [vol-ceiling][AMZN] Symbol too hot — true range 526% of its own ATR(14) (max 250%) — post-event whip risk, blocking entry
2026-07-31 09:00:18 INFO     app.services.scheduler  [vol-ceiling][AAPL] Symbol too hot — true range 409% of its own ATR(14) (max 250%) — post-event whip risk, blocking entry
2026-07-31 09:00:18 DEBUG    app.services.strategy_ema  [S2-5m-filter][GOOGL] CALL OK — EMA9=350.4416 > EMA21=348.7670 close=351.7200 > VWAP=347.3048 slopes both↑
2026-07-31 09:00:18 INFO     app.services.strategy_ema  [S2-freshness][GOOGL] No CALL EMA cross found in TODAY's session — trend predates today, blocking
2026-07-31 09:00:18 INFO     app.services.strategy_ema  [S2-5m-filter][NVDA] CALL blocked — EMA9=196.3626 EMA21=196.5307 close=196.3000 VWAP=197.3734 EMA9_slope=↓ EMA21_slope=↓
2026-07-31 09:00:18 INFO     app.services.scheduler  [S2][NVDA] PUT entries disabled (s2_puts_enabled=0) — skip
2026-07-31 09:00:19 INFO     app.services.strategy  [NVDA] [L1] CALL rejected — price 196.30 is BELOW VWAP 197.37 (wrong side for bullish bounce)
2026-07-31 09:00:20 INFO     app.services.strategy_ema  [S2-5m-filter][INTC] CALL blocked — EMA9=92.1962 EMA21=92.4824 close=91.8700 VWAP=93.8328 EMA9_slope=↓ EMA21_slope=↓
2026-07-31 09:00:20 INFO     app.services.scheduler  [S2][INTC] PUT entries disabled (s2_puts_enabled=0) — skip
2026-07-31 09:00:20 INFO     app.services.scheduler  [vol-ceiling][AMZN] Symbol too hot — true range 526% of its own ATR(14) (max 250%) — post-event whip risk, blocking entry
2026-07-31 09:00:20 INFO     app.services.strategy  [GOOGL] [L1] CALL rejected — price 351.83 is 1.278% from VWAP 347.39 (band=0.80% — waiting for pullback to VWAP)
2026-07-31 09:00:20 DEBUG    app.services.strategy_ema  [S2-5m-filter][PLTR] CALL OK — EMA9=121.0763 > EMA21=120.9561 close=121.6900 > VWAP=121.1957 slopes both↑
2026-07-31 09:00:20 DEBUG    app.services.strategy_ema  [S2-freshness][PLTR] CALL cross 1 bars old — within 40-bar window ✓
2026-07-31 09:00:20 DEBUG    app.services.strategy_ema  [S2-5m-filter][NOW] CALL OK — EMA9=110.3052 > EMA21=110.0569 close=110.9000 > VWAP=109.9864 slopes both↑
2026-07-31 09:00:20 DEBUG    app.services.strategy_ema  [S2-freshness][NOW] CALL cross 3 bars old — within 40-bar window ✓
2026-07-31 09:00:21 DEBUG    app.services.strategy_ema  [S2-pullback][NOW] CALL — no pullback: pullback-bar low=110.8900 close=110.9995 EMA9=110.3052 (need low≤EMA9 or close within 0.1103)
2026-07-31 09:00:21 INFO     app.services.strategy  [INTC] [L1] PUT entries disabled (s1_puts_enabled=0) — skip
2026-07-31 09:00:21 DEBUG    app.services.strategy_ema  [S2-pullback][PLTR] CALL — no pullback: pullback-bar low=121.7201 close=121.7201 EMA9=121.0763 (need low≤EMA9 or close within 0.1211)
2026-07-31 09:00:21 INFO     app.services.strategy  [PLTR] [L1] EMA trend 'bullish' not yet confirmed for 2 consecutive bars — skipping
2026-07-31 09:00:22 INFO     app.services.strategy_ema  [S2-5m-filter][NFLX] CALL blocked — EMA9=71.6049 EMA21=71.6733 close=71.6500 VWAP=71.7333 EMA9_slope=↑ EMA21_slope=↓
2026-07-31 09:00:22 INFO     app.services.strategy  [NOW] [L1] CALL rejected — price 110.86 is 0.808% from VWAP 109.97 (band=0.80% — waiting for pullback to VWAP)
2026-07-31 09:00:22 INFO     app.services.strategy_ema  [S2-5m-filter][SHOP] CALL blocked — EMA9=116.5144 EMA21=117.2234 close=116.9000 VWAP=118.3244 EMA9_slope=↑ EMA21_slope=↓
2026-07-31 09:00:22 INFO     app.services.scheduler  [S2][WMT] Cooldown active — last TRAILING_STOP exit at 15:54 UTC (20-min window)
2026-07-31 09:00:24 INFO     app.services.strategy  [NFLX] [L1] PUT entries disabled (s1_puts_enabled=0) — skip
2026-07-31 09:00:24 INFO     app.services.strategy  [SHOP] [L1] PUT entries disabled (s1_puts_enabled=0) — skip
2026-07-31 09:00:24 INFO     app.services.scheduler  [vol-ceiling][COIN] Symbol too hot — true range 270% of its own ATR(14) (max 250%) — post-event whip risk, blocking entry
2026-07-31 09:00:24 INFO     app.services.strategy  [IWM] [L1] PUT entries disabled (s1_puts_enabled=0) — skip
2026-07-31 09:00:24 INFO     app.services.scheduler  [energy-gate][UBER] Symbol not in play — true range 38% of its own ATR(14) (min 50%) — blocking entry
2026-07-31 09:00:24 INFO     app.services.strategy  [CRM] [L1] CALL rejected — price 182.64 is 0.892% from VWAP 181.03 (band=0.80% — waiting for pullback to VWAP)
2026-07-31 09:00:24 INFO     app.services.scheduler  [WMT] TP cooldown active — last TRAILING_STOP exit at 15:54 UTC (30-min window)
2026-07-31 09:00:25 INFO     app.services.scheduler  [vol-ceiling][COIN] Symbol too hot — true range 270% of its own ATR(14) (max 250%) — post-event whip risk, blocking entry
2026-07-31 09:00:25 INFO     app.services.strategy  [UBER] [L1] EMA trend 'bearish' not yet confirmed for 2 consecutive bars — skipping
2026-07-31 09:00:25 INFO     app.services.strategy_ema  [S2-5m-filter][FIG] CALL blocked — EMA9=24.0306 EMA21=24.0238 close=24.0700 VWAP=24.1730 EMA9_slope=↑ EMA21_slope=↑
2026-07-31 09:00:25 DEBUG    app.services.strategy_ema  [S2-5m-filter][FISV] CALL OK — EMA9=53.2223 > EMA21=53.1859 close=53.3900 > VWAP=53.1590 slopes both↑
2026-07-31 09:00:25 DEBUG    app.services.strategy_ema  [S2-freshness][FISV] CALL cross 1 bars old — within 40-bar window ✓
2026-07-31 09:00:26 INFO     app.services.strategy  [QCOM] [L1] PUT entries disabled (s1_puts_enabled=0) — skip
2026-07-31 09:00:26 INFO     app.services.strategy  [FISV] [L1] PUT entries disabled (s1_puts_enabled=0) — skip
2026-07-31 09:00:26 INFO     app.services.strategy_ema  [S2-5m-filter][QCOM] CALL blocked — EMA9=148.2228 EMA21=148.4726 close=148.2500 VWAP=148.7262 EMA9_slope=↑ EMA21_slope=↓
2026-07-31 09:00:26 DEBUG    app.services.strategy_ema  [S2-pullback][FISV] CALL — no pullback: pullback-bar low=53.4000 close=53.4100 EMA9=53.2223 (need low≤EMA9 or close within 0.0532)
2026-07-31 09:00:26 DEBUG    app.services.strategy_ema  [S2-5m-filter][TSLA] CALL OK — EMA9=307.0133 > EMA21=306.9832 close=307.5600 > VWAP=307.1891 slopes both↑
2026-07-31 09:00:26 DEBUG    app.services.strategy_ema  [S2-freshness][TSLA] CALL cross 0 bars old — within 40-bar window ✓
2026-07-31 09:00:26 DEBUG    app.services.strategy_ema  [S2-pullback][TSLA] CALL — no pullback: pullback-bar low=307.4400 close=307.4700 EMA9=307.0133 (need low≤EMA9 or close within 0.3070)
2026-07-31 09:00:26 INFO     app.services.strategy  [TSLA] [L1] EMA trend 'bullish' not yet confirmed for 2 consecutive bars — skipping
2026-07-31 09:00:27 DEBUG    app.services.strategy_ema  [S2-5m-filter][MSFT] CALL OK — EMA9=459.4435 > EMA21=457.7085 close=463.1000 > VWAP=457.4865 slopes both↑
2026-07-31 09:00:27 DEBUG    app.services.strategy_ema  [S2-freshness][MSFT] CALL cross 6 bars old — within 40-bar window ✓
2026-07-31 09:00:27 INFO     app.services.strategy  [MSFT] [L1] CALL rejected — price 463.12 is 1.287% from VWAP 457.24 (band=0.80% — waiting for pullback to VWAP)
2026-07-31 09:00:27 DEBUG    app.services.strategy_ema  [S2-pullback][MSFT] CALL — no pullback: pullback-bar low=462.5500 close=462.7050 EMA9=459.4435 (need low≤EMA9 or close within 0.4594)
2026-07-31 09:00:27 INFO     app.services.strategy  [META] [L1] CALL rejected — price 545.85 is BELOW VWAP 548.59 (wrong side for bullish bounce)
2026-07-31 09:00:28 INFO     app.services.strategy_ema  [S2-5m-filter][META] CALL blocked — EMA9=545.9012 EMA21=545.9054 close=545.8000 VWAP=548.4484 EMA9_slope=↓ EMA21_slope=↓
2026-07-31 09:00:28 INFO     app.services.scheduler  [S2][META] PUT entries disabled (s2_puts_enabled=0) — skip
2026-07-31 09:00:47 INFO     app.services.scheduler  [vol-ceiling][AAPL] Symbol too hot — true range 409% of its own ATR(14) (max 250%) — post-event whip risk, blocking entry
2026-07-31 09:00:47 INFO     app.services.scheduler  [vol-ceiling][AMZN] Symbol too hot — true range 526% of its own ATR(14) (max 250%) — post-event whip risk, blocking entry
2026-07-31 09:00:47 INFO     app.services.scheduler  [S2][NVDA] PUT entries disabled (s2_puts_enabled=0) — skip
2026-07-31 09:00:47 INFO     app.services.scheduler  [S2][INTC] PUT entries disabled (s2_puts_enabled=0) — skip
2026-07-31 09:00:47 DEBUG    app.services.strategy_ema  [S2-freshness][PLTR] CALL cross 1 bars old — within 40-bar window ✓
2026-07-31 09:00:47 INFO     app.services.strategy_ema  [S2-freshness][GOOGL] No CALL EMA cross found in TODAY's session — trend predates today, blocking
2026-07-31 09:00:47 DEBUG    app.services.strategy_ema  [S2-pullback][PLTR] CALL — no pullback: pullback-bar low=121.7201 close=121.7201 EMA9=121.0763 (need low≤EMA9 or close within 0.1211)
2026-07-31 09:00:48 DEBUG    app.services.strategy_ema  [S2-freshness][NOW] CALL cross 3 bars old — within 40-bar window ✓
2026-07-31 09:00:48 INFO     app.services.scheduler  [vol-ceiling][COIN] Symbol too hot — true range 270% of its own ATR(14) (max 250%) — post-event whip risk, blocking entry
2026-07-31 09:00:48 INFO     app.services.scheduler  [S2][WMT] Cooldown active — last TRAILING_STOP exit at 15:54 UTC (20-min window)
2026-07-31 09:00:48 DEBUG    app.services.strategy_ema  [S2-freshness][FISV] CALL cross 1 bars old — within 40-bar window ✓
2026-07-31 09:00:48 DEBUG    app.services.strategy_ema  [S2-pullback][FISV] CALL — no pullback: pullback-bar low=53.4000 close=53.4100 EMA9=53.2223 (need low≤EMA9 or close within 0.0532)
2026-07-31 09:00:48 DEBUG    app.services.strategy_ema  [S2-freshness][TSLA] CALL cross 0 bars old — within 40-bar window ✓
2026-07-31 09:00:48 DEBUG    app.services.strategy_ema  [S2-pullback][TSLA] CALL — no pullback: pullback-bar low=307.4400 close=307.4700 EMA9=307.0133 (need low≤EMA9 or close within 0.3070)
2026-07-31 09:00:48 DEBUG    app.services.strategy_ema  [S2-freshness][MSFT] CALL cross 6 bars old — within 40-bar window ✓
2026-07-31 09:00:48 DEBUG    app.services.strategy_ema  [S2-pullback][MSFT] CALL — no pullback: pullback-bar low=462.5500 close=462.7050 EMA9=459.4435 (need low≤EMA9 or close within 0.4594)
2026-07-31 09:00:48 INFO     app.services.scheduler  [S2][META] PUT entries disabled (s2_puts_enabled=0) — skip
2026-07-31 09:00:48 DEBUG    app.services.strategy_ema  [S2-pullback][NOW] CALL — no pullback: pullback-bar low=110.8900 close=110.9995 EMA9=110.3052 (need low≤EMA9 or close within 0.1103)
2026-07-31 09:00:48 INFO     app.services.scheduler  [energy-gate][UBER] Symbol not in play — true range 38% of its own ATR(14) (min 50%) — blocking entry
2026-07-31 09:01:17 INFO     app.services.scheduler  [Primary] [adaptive-band] QQQ → band=0.80% (normal (adaptive off)) | regime=NEUTRAL
2026-07-31 09:01:17 INFO     app.services.scheduler  [vol-ceiling][AAPL] Symbol too hot — true range 409% of its own ATR(14) (max 250%) — post-event whip risk, blocking entry
2026-07-31 09:01:17 INFO     app.services.scheduler  [S2][NVDA] PUT entries disabled (s2_puts_enabled=0) — skip
2026-07-31 09:01:18 INFO     app.services.scheduler  [vol-ceiling][AMZN] Symbol too hot — true range 526% of its own ATR(14) (max 250%) — post-event whip risk, blocking entry
2026-07-31 09:01:18 INFO     app.services.scheduler  [vol-ceiling][AAPL] Symbol too hot — true range 409% of its own ATR(14) (max 250%) — post-event whip risk, blocking entry
2026-07-31 09:01:18 INFO     app.services.scheduler  [vol-ceiling][AMZN] Symbol too hot — true range 526% of its own ATR(14) (max 250%) — post-event whip risk, blocking entry
2026-07-31 09:01:19 INFO     app.services.strategy_ema  [S2-freshness][GOOGL] No CALL EMA cross found in TODAY's session — trend predates today, blocking
2026-07-31 09:01:19 INFO     app.services.scheduler  [S2][INTC] PUT entries disabled (s2_puts_enabled=0) — skip
2026-07-31 09:01:19 INFO     app.services.strategy  [NVDA] [L1] CALL rejected — price 196.62 is BELOW VWAP 197.37 (wrong side for bullish bounce)
2026-07-31 09:01:20 INFO     app.services.strategy  [GOOGL] [L1] CALL rejected — price 351.74 is 1.248% from VWAP 347.40 (band=0.80% — waiting for pullback to VWAP)
2026-07-31 09:01:20 DEBUG    app.services.strategy_ema  [S2-freshness][PLTR] CALL cross 1 bars old — within 40-bar window ✓
2026-07-31 09:01:20 INFO     app.services.strategy  [INTC] [L1] PUT entries disabled (s1_puts_enabled=0) — skip
2026-07-31 09:01:20 INFO     app.services.strategy  [PLTR] [L1] EMA trend 'bullish' not yet confirmed for 2 consecutive bars — skipping
2026-07-31 09:01:20 DEBUG    app.services.strategy_ema  [S2-pullback][PLTR] CALL — no pullback: pullback-bar low=121.6501 close=121.6900 EMA9=121.0763 (need low≤EMA9 or close within 0.1211)
2026-07-31 09:01:21 INFO     app.services.strategy  [NFLX] [L1] PUT entries disabled (s1_puts_enabled=0) — skip
2026-07-31 09:01:21 DEBUG    app.services.strategy_ema  [S2-freshness][NOW] CALL cross 3 bars old — within 40-bar window ✓
2026-07-31 09:01:21 INFO     app.services.strategy  [NOW] [L1] CALL rejected — price 110.99 is 0.921% from VWAP 109.98 (band=0.80% — waiting for pullback to VWAP)
2026-07-31 09:01:21 DEBUG    app.services.strategy_ema  [S2-pullback][NOW] CALL — no pullback: pullback-bar low=110.8100 close=110.9000 EMA9=110.3052 (need low≤EMA9 or close within 0.1103)
2026-07-31 09:01:21 INFO     app.services.strategy  [SHOP] [L1] PUT entries disabled (s1_puts_enabled=0) — skip
2026-07-31 09:01:21 INFO     app.services.scheduler  [S2][WMT] Cooldown active — last TRAILING_STOP exit at 15:54 UTC (20-min window)
2026-07-31 09:01:22 INFO     app.services.scheduler  [energy-gate][UBER] Symbol not in play — true range 38% of its own ATR(14) (min 50%) — blocking entry
2026-07-31 09:01:22 INFO     app.services.strategy  [IWM] [L1] PUT entries disabled (s1_puts_enabled=0) — skip
2026-07-31 09:01:22 INFO     app.services.strategy  [CRM] [L1] CALL rejected — price 182.56 is 0.848% from VWAP 181.03 (band=0.80% — waiting for pullback to VWAP)
2026-07-31 09:01:22 INFO     app.services.scheduler  [WMT] TP cooldown active — last TRAILING_STOP exit at 15:54 UTC (30-min window)
2026-07-31 09:01:22 INFO     app.services.scheduler  [vol-ceiling][COIN] Symbol too hot — true range 270% of its own ATR(14) (max 250%) — post-event whip risk, blocking entry
2026-07-31 09:01:22 INFO     app.services.strategy  [UBER] [L1] EMA trend 'bearish' not yet confirmed for 2 consecutive bars — skipping
2026-07-31 09:01:23 DEBUG    app.services.strategy_ema  [S2-freshness][FISV] CALL cross 1 bars old — within 40-bar window ✓
2026-07-31 09:01:23 INFO     app.services.scheduler  [vol-ceiling][COIN] Symbol too hot — true range 270% of its own ATR(14) (max 250%) — post-event whip risk, blocking entry
2026-07-31 09:01:23 INFO     app.services.strategy  [FISV] [L1] PUT entries disabled (s1_puts_enabled=0) — skip
2026-07-31 09:01:24 DEBUG    app.services.strategy_ema  [S2-pullback][FISV] CALL — no pullback: pullback-bar low=53.3700 close=53.3900 EMA9=53.2223 (need low≤EMA9 or close within 0.0532)
2026-07-31 09:01:24 DEBUG    app.services.strategy_ema  [S2-freshness][MSFT] CALL cross 6 bars old — within 40-bar window ✓
2026-07-31 09:01:24 DEBUG    app.services.strategy_ema  [S2-freshness][TSLA] CALL cross 0 bars old — within 40-bar window ✓
2026-07-31 09:01:24 INFO     app.services.strategy  [QCOM] [L1] PUT entries disabled (s1_puts_enabled=0) — skip
2026-07-31 09:01:24 INFO     app.services.strategy  [TSLA] [L1] EMA trend 'bullish' not yet confirmed for 2 consecutive bars — skipping
2026-07-31 09:01:25 DEBUG    app.services.strategy_ema  [S2-pullback][TSLA] CALL — no pullback: pullback-bar low=307.3200 close=307.5600 EMA9=307.0133 (need low≤EMA9 or close within 0.3070)
2026-07-31 09:01:25 DEBUG    app.services.strategy_ema  [S2-pullback][MSFT] CALL — no pullback: pullback-bar low=462.7200 close=463.1000 EMA9=459.4435 (need low≤EMA9 or close within 0.4594)
2026-07-31 09:01:25 INFO     app.services.strategy  [MSFT] [L1] CALL rejected — price 463.39 is 1.333% from VWAP 457.30 (band=0.80% — waiting for pullback to VWAP)
2026-07-31 09:01:25 INFO     app.services.scheduler  [S2][META] PUT entries disabled (s2_puts_enabled=0) — skip
2026-07-31 09:01:25 INFO     app.services.strategy  [META] [L1] CALL rejected — price 545.50 is BELOW VWAP 548.59 (wrong side for bullish bounce)
2026-07-31 09:01:48 INFO     app.services.scheduler  [vol-ceiling][AMZN] Symbol too hot — true range 526% of its own ATR(14) (max 250%) — post-event whip risk, blocking entry
2026-07-31 09:01:48 INFO     app.services.scheduler  [S2][NVDA] PUT entries disabled (s2_puts_enabled=0) — skip
2026-07-31 09:01:48 INFO     app.services.scheduler  [vol-ceiling][AAPL] Symbol too hot — true range 409% of its own ATR(14) (max 250%) — post-event whip risk, blocking entry
2026-07-31 09:01:48 INFO     app.services.scheduler  [S2][INTC] PUT entries disabled (s2_puts_enabled=0) — skip
2026-07-31 09:01:48 DEBUG    app.services.strategy_ema  [S2-freshness][PLTR] CALL cross 1 bars old — within 40-bar window ✓
2026-07-31 09:01:49 INFO     app.services.strategy_ema  [S2-freshness][GOOGL] No CALL EMA cross found in TODAY's session — trend predates today, blocking
2026-07-31 09:01:49 DEBUG    app.services.strategy_ema  [S2-pullback][PLTR] CALL — no pullback: pullback-bar low=121.6501 close=121.6900 EMA9=121.0763 (need low≤EMA9 or close within 0.1211)
2026-07-31 09:01:49 DEBUG    app.services.strategy_ema  [S2-freshness][NOW] CALL cross 3 bars old — within 40-bar window ✓
2026-07-31 09:01:50 DEBUG    app.services.strategy_ema  [S2-pullback][NOW] CALL — no pullback: pullback-bar low=110.8100 close=110.9000 EMA9=110.3052 (need low≤EMA9 or close within 0.1103)
2026-07-31 09:01:50 INFO     app.services.scheduler  [S2][WMT] Cooldown active — last TRAILING_STOP exit at 15:54 UTC (20-min window)
2026-07-31 09:01:50 INFO     app.services.scheduler  [energy-gate][UBER] Symbol not in play — true range 38% of its own ATR(14) (min 50%) — blocking entry
2026-07-31 09:01:50 DEBUG    app.services.strategy_ema  [S2-freshness][FISV] CALL cross 1 bars old — within 40-bar window ✓
2026-07-31 09:01:51 INFO     app.services.scheduler  [vol-ceiling][COIN] Symbol too hot — true range 270% of its own ATR(14) (max 250%) — post-event whip risk, blocking entry
2026-07-31 09:01:51 DEBUG    app.services.strategy_ema  [S2-pullback][FISV] CALL — no pullback: pullback-bar low=53.3700 close=53.3900 EMA9=53.2223 (need low≤EMA9 or close within 0.0532)
2026-07-31 09:01:51 DEBUG    app.services.strategy_ema  [S2-freshness][TSLA] CALL cross 0 bars old — within 40-bar window ✓
2026-07-31 09:01:51 INFO     app.services.scheduler  [S2][META] PUT entries disabled (s2_puts_enabled=0) — skip
2026-07-31 09:01:52 DEBUG    app.services.strategy_ema  [S2-pullback][TSLA] CALL — no pullback: pullback-bar low=307.3200 close=307.5600 EMA9=307.0133 (need low≤EMA9 or close within 0.3070)
2026-07-31 09:01:52 DEBUG    app.services.strategy_ema  [S2-freshness][MSFT] CALL cross 6 bars old — within 40-bar window ✓
2026-07-31 09:01:52 DEBUG    app.services.strategy_ema  [S2-pullback][MSFT] CALL — no pullback: pullback-bar low=462.7200 close=463.1000 EMA9=459.4435 (need low≤EMA9 or close within 0.4594)
2026-07-31 09:02:17 INFO     app.services.scheduler  [Primary] [adaptive-band] QQQ → band=0.80% (normal (adaptive off)) | regime=NEUTRAL
2026-07-31 09:02:17 INFO     app.services.scheduler  [S2][NVDA] PUT entries disabled (s2_puts_enabled=0) — skip
2026-07-31 09:02:17 INFO     app.services.scheduler  [vol-ceiling][AAPL] Symbol too hot — true range 409% of its own ATR(14) (max 250%) — post-event whip risk, blocking entry
2026-07-31 09:02:18 INFO     app.services.scheduler  [vol-ceiling][AAPL] Symbol too hot — true range 409% of its own ATR(14) (max 250%) — post-event whip risk, blocking entry
2026-07-31 09:02:18 INFO     app.services.scheduler  [vol-ceiling][AMZN] Symbol too hot — true range 526% of its own ATR(14) (max 250%) — post-event whip risk, blocking entry
2026-07-31 09:02:18 INFO     app.services.strategy  [NVDA] [L1] CALL rejected — price 196.59 is BELOW VWAP 197.37 (wrong side for bullish bounce)
2026-07-31 09:02:18 INFO     app.services.scheduler  [vol-ceiling][AMZN] Symbol too hot — true range 526% of its own ATR(14) (max 250%) — post-event whip risk, blocking entry
2026-07-31 09:02:18 INFO     app.services.strategy_ema  [S2-freshness][GOOGL] No CALL EMA cross found in TODAY's session — trend predates today, blocking
2026-07-31 09:02:19 INFO     app.services.scheduler  [S2][INTC] PUT entries disabled (s2_puts_enabled=0) — skip
2026-07-31 09:02:19 INFO     app.services.strategy  [GOOGL] [L1] CALL rejected — price 351.90 is 1.291% from VWAP 347.42 (band=0.80% — waiting for pullback to VWAP)
2026-07-31 09:02:19 DEBUG    app.services.strategy_ema  [S2-freshness][PLTR] CALL cross 1 bars old — within 40-bar window ✓
2026-07-31 09:02:20 DEBUG    app.services.strategy_ema  [S2-freshness][NOW] CALL cross 3 bars old — within 40-bar window ✓
2026-07-31 09:02:20 DEBUG    app.services.strategy_ema  [S2-pullback][PLTR] CALL — no pullback: pullback-bar low=121.6600 close=122.0000 EMA9=121.0763 (need low≤EMA9 or close within 0.1211)
2026-07-31 09:02:20 INFO     app.services.strategy  [PLTR] [L1] EMA trend 'bullish' not yet confirmed for 2 consecutive bars — skipping
2026-07-31 09:02:20 INFO     app.services.strategy  [INTC] [L1] PUT entries disabled (s1_puts_enabled=0) — skip
2026-07-31 09:02:20 DEBUG    app.services.strategy_ema  [S2-pullback][NOW] CALL — no pullback: pullback-bar low=110.8200 close=110.9450 EMA9=110.3052 (need low≤EMA9 or close within 0.1103)
2026-07-31 09:02:20 INFO     app.services.strategy  [NOW] [L1] Signal: CALL  price=110.82  vwap=109.98  distance=0.765%  trend=bullish
2026-07-31 09:02:20 INFO     app.services.strategy  [L2] Directional bounce NOT confirmed for CALL — closes not rising. Last closes: [110.85]
2026-07-31 09:02:21 INFO     app.services.strategy  [NFLX] [L1] PUT entries disabled (s1_puts_enabled=0) — skip
2026-07-31 09:02:21 INFO     app.services.scheduler  [energy-gate][UBER] Symbol not in play — true range 38% of its own ATR(14) (min 50%) — blocking entry
2026-07-31 09:02:21 INFO     app.services.scheduler  [S2][WMT] Cooldown active — last TRAILING_STOP exit at 15:54 UTC (20-min window)
2026-07-31 09:02:21 INFO     app.services.strategy  [SHOP] [L1] PUT entries disabled (s1_puts_enabled=0) — skip
2026-07-31 09:02:21 INFO     app.services.scheduler  [vol-ceiling][COIN] Symbol too hot — true range 270% of its own ATR(14) (max 250%) — post-event whip risk, blocking entry
2026-07-31 09:02:21 INFO     app.services.strategy  [IWM] [L1] PUT entries disabled (s1_puts_enabled=0) — skip
2026-07-31 09:02:22 INFO     app.services.strategy  [UBER] [L1] EMA trend 'bearish' not yet confirmed for 2 consecutive bars — skipping
2026-07-31 09:02:22 INFO     app.services.scheduler  [WMT] TP cooldown active — last TRAILING_STOP exit at 15:54 UTC (30-min window)
2026-07-31 09:02:22 INFO     app.services.scheduler  [vol-ceiling][COIN] Symbol too hot — true range 270% of its own ATR(14) (max 250%) — post-event whip risk, blocking entry
2026-07-31 09:02:22 INFO     app.services.strategy  [CRM] [L1] Signal: CALL  price=182.44  vwap=181.04  distance=0.777%  trend=bullish
2026-07-31 09:02:22 INFO     app.services.strategy  [L2] Directional bounce NOT confirmed for CALL — closes not rising. Last closes: [182.43]
2026-07-31 09:02:23 DEBUG    app.services.strategy_ema  [S2-freshness][FISV] CALL cross 1 bars old — within 40-bar window ✓
2026-07-31 09:02:23 INFO     app.services.strategy  [FISV] [L1] PUT entries disabled (s1_puts_enabled=0) — skip
2026-07-31 09:02:23 DEBUG    app.services.strategy_ema  [S2-pullback][FISV] CALL — no pullback: pullback-bar low=53.3800 close=53.3950 EMA9=53.2223 (need low≤EMA9 or close within 0.0532)
2026-07-31 09:02:23 INFO     app.services.strategy  [QCOM] [L1] PUT entries disabled (s1_puts_enabled=0) — skip
2026-07-31 09:02:24 DEBUG    app.services.strategy_ema  [S2-freshness][TSLA] CALL cross 0 bars old — within 40-bar window ✓
2026-07-31 09:02:24 INFO     app.services.strategy  [TSLA] [L1] EMA trend 'bullish' not yet confirmed for 2 consecutive bars — skipping
2026-07-31 09:02:24 INFO     app.services.strategy  [MSFT] [L1] CALL rejected — price 463.01 is 1.243% from VWAP 457.33 (band=0.80% — waiting for pullback to VWAP)
2026-07-31 09:02:24 DEBUG    app.services.strategy_ema  [S2-freshness][MSFT] CALL cross 6 bars old — within 40-bar window ✓
2026-07-31 09:02:24 DEBUG    app.services.strategy_ema  [S2-pullback][MSFT] CALL — no pullback: pullback-bar low=462.9040 close=463.8500 EMA9=459.4435 (need low≤EMA9 or close within 0.4594)
2026-07-31 09:02:24 INFO     app.services.scheduler  [S2][META] PUT entries disabled (s2_puts_enabled=0) — skip
2026-07-31 09:02:24 INFO     app.services.strategy  [META] [L1] CALL rejected — price 545.84 is BELOW VWAP 548.58 (wrong side for bullish bounce)
2026-07-31 09:02:25 DEBUG    app.services.strategy_ema  [S2-pullback][TSLA] CALL — no pullback: pullback-bar low=307.4600 close=307.7800 EMA9=307.0133 (need low≤EMA9 or close within 0.3070)
2026-07-31 09:02:47 INFO     app.services.scheduler  [vol-ceiling][AAPL] Symbol too hot — true range 409% of its own ATR(14) (max 250%) — post-event whip risk, blocking entry
2026-07-31 09:02:47 INFO     app.services.scheduler  [S2][NVDA] PUT entries disabled (s2_puts_enabled=0) — skip
2026-07-31 09:02:47 INFO     app.services.scheduler  [vol-ceiling][AMZN] Symbol too hot — true range 526% of its own ATR(14) (max 250%) — post-event whip risk, blocking entry
2026-07-31 09:02:47 INFO     app.services.scheduler  [S2][INTC] PUT entries disabled (s2_puts_enabled=0) — skip
2026-07-31 09:02:47 DEBUG    app.services.strategy_ema  [S2-freshness][PLTR] CALL cross 1 bars old — within 40-bar window ✓
2026-07-31 09:02:47 INFO     app.services.strategy_ema  [S2-freshness][GOOGL] No CALL EMA cross found in TODAY's session — trend predates today, blocking
2026-07-31 09:02:48 DEBUG    app.services.strategy_ema  [S2-pullback][PLTR] CALL — no pullback: pullback-bar low=121.6600 close=122.0000 EMA9=121.0763 (need low≤EMA9 or close within 0.1211)
2026-07-31 09:02:48 DEBUG    app.services.strategy_ema  [S2-freshness][NOW] CALL cross 3 bars old — within 40-bar window ✓
2026-07-31 09:02:48 DEBUG    app.services.strategy_ema  [S2-pullback][NOW] CALL — no pullback: pullback-bar low=110.8200 close=110.9450 EMA9=110.3052 (need low≤EMA9 or close within 0.1103)
2026-07-31 09:02:48 INFO     app.services.scheduler  [S2][WMT] Cooldown active — last TRAILING_STOP exit at 15:54 UTC (20-min window)
2026-07-31 09:02:48 INFO     app.services.scheduler  [energy-gate][UBER] Symbol not in play — true range 38% of its own ATR(14) (min 50%) — blocking entry
2026-07-31 09:02:49 INFO     app.services.scheduler  [vol-ceiling][COIN] Symbol too hot — true range 270% of its own ATR(14) (max 250%) — post-event whip risk, blocking entry
2026-07-31 09:02:49 DEBUG    app.services.strategy_ema  [S2-freshness][FISV] CALL cross 1 bars old — within 40-bar window ✓
2026-07-31 09:02:49 DEBUG    app.services.strategy_ema  [S2-pullback][FISV] CALL — no pullback: pullback-bar low=53.3800 close=53.3950 EMA9=53.2223 (need low≤EMA9 or close within 0.0532)
2026-07-31 09:02:49 DEBUG    app.services.strategy_ema  [S2-freshness][TSLA] CALL cross 0 bars old — within 40-bar window ✓
2026-07-31 09:02:49 DEBUG    app.services.strategy_ema  [S2-pullback][TSLA] CALL — no pullback: pullback-bar low=307.4600 close=307.7800 EMA9=307.0133 (need low≤EMA9 or close within 0.3070)
2026-07-31 09:02:50 DEBUG    app.services.strategy_ema  [S2-freshness][MSFT] CALL cross 6 bars old — within 40-bar window ✓
2026-07-31 09:02:50 INFO     app.services.scheduler  [S2][META] PUT entries disabled (s2_puts_enabled=0) — skip
2026-07-31 09:02:50 DEBUG    app.services.strategy_ema  [S2-pullback][MSFT] CALL — no pullback: pullback-bar low=462.9040 close=463.8500 EMA9=459.4435 (need low≤EMA9 or close within 0.4594)
2026-07-31 09:03:17 INFO     app.services.scheduler  [Primary] [adaptive-band] QQQ → band=0.80% (normal (adaptive off)) | regime=NEUTRAL
2026-07-31 09:03:17 INFO     app.services.scheduler  [vol-ceiling][AAPL] Symbol too hot — true range 409% of its own ATR(14) (max 250%) — post-event whip risk, blocking entry
2026-07-31 09:03:17 INFO     app.services.scheduler  [vol-ceiling][AMZN] Symbol too hot — true range 526% of its own ATR(14) (max 250%) — post-event whip risk, blocking entry
2026-07-31 09:03:17 INFO     app.services.scheduler  [vol-ceiling][AAPL] Symbol too hot — true range 409% of its own ATR(14) (max 250%) — post-event whip risk, blocking entry
2026-07-31 09:03:17 INFO     app.services.strategy  [NVDA] [L1] CALL rejected — price 196.62 is BELOW VWAP 197.36 (wrong side for bullish bounce)
2026-07-31 09:03:18 INFO     app.services.scheduler  [vol-ceiling][AMZN] Symbol too hot — true range 526% of its own ATR(14) (max 250%) — post-event whip risk, blocking entry
2026-07-31 09:03:18 INFO     app.services.scheduler  [S2][NVDA] PUT entries disabled (s2_puts_enabled=0) — skip
2026-07-31 09:03:18 INFO     app.services.strategy_ema  [S2-freshness][GOOGL] No CALL EMA cross found in TODAY's session — trend predates today, blocking
2026-07-31 09:03:18 INFO     app.services.scheduler  [S2][INTC] PUT entries disabled (s2_puts_enabled=0) — skip
2026-07-31 09:03:18 INFO     app.services.strategy  [GOOGL] [L1] CALL rejected — price 351.95 is 1.303% from VWAP 347.42 (band=0.80% — waiting for pullback to VWAP)
2026-07-31 09:03:19 DEBUG    app.services.strategy_ema  [S2-freshness][PLTR] CALL cross 1 bars old — within 40-bar window ✓
2026-07-31 09:03:19 INFO     app.services.strategy  [PLTR] [L1] EMA trend 'bullish' not yet confirmed for 2 consecutive bars — skipping
2026-07-31 09:03:19 INFO     app.services.strategy  [INTC] [L1] PUT entries disabled (s1_puts_enabled=0) — skip
2026-07-31 09:03:19 DEBUG    app.services.strategy_ema  [S2-pullback][PLTR] CALL — no pullback: pullback-bar low=121.8550 close=121.8600 EMA9=121.0763 (need low≤EMA9 or close within 0.1211)
2026-07-31 09:03:20 DEBUG    app.services.strategy_ema  [S2-freshness][NOW] CALL cross 3 bars old — within 40-bar window ✓
2026-07-31 09:03:20 INFO     app.services.strategy  [NFLX] [L1] PUT entries disabled (s1_puts_enabled=0) — skip
2026-07-31 09:03:20 INFO     app.services.strategy  [NOW] [L1] CALL rejected — price 110.88 is 0.818% from VWAP 109.98 (band=0.80% — waiting for pullback to VWAP)
2026-07-31 09:03:20 DEBUG    app.services.strategy_ema  [S2-pullback][NOW] CALL — no pullback: pullback-bar low=110.8200 close=110.8500 EMA9=110.3052 (need low≤EMA9 or close within 0.1103)
2026-07-31 09:03:20 INFO     app.services.scheduler  [S2][WMT] Cooldown active — last TRAILING_STOP exit at 15:54 UTC (20-min window)
2026-07-31 09:03:20 INFO     app.services.strategy  [SHOP] [L1] PUT entries disabled (s1_puts_enabled=0) — skip
2026-07-31 09:03:20 INFO     app.services.scheduler  [energy-gate][UBER] Symbol not in play — true range 38% of its own ATR(14) (min 50%) — blocking entry
2026-07-31 09:03:21 INFO     app.services.strategy  [IWM] [L1] PUT entries disabled (s1_puts_enabled=0) — skip
2026-07-31 09:03:21 INFO     app.services.scheduler  [vol-ceiling][COIN] Symbol too hot — true range 270% of its own ATR(14) (max 250%) — post-event whip risk, blocking entry
2026-07-31 09:03:21 INFO     app.services.strategy  [CRM] [L1] CALL rejected — price 182.62 is 0.872% from VWAP 181.04 (band=0.80% — waiting for pullback to VWAP)
2026-07-31 09:03:21 INFO     app.services.scheduler  [WMT] TP cooldown active — last TRAILING_STOP exit at 15:54 UTC (30-min window)
2026-07-31 09:03:21 DEBUG    app.services.strategy_ema  [S2-freshness][FISV] CALL cross 1 bars old — within 40-bar window ✓
2026-07-31 09:03:21 INFO     app.services.strategy  [UBER] [L1] EMA trend 'bearish' not yet confirmed for 2 consecutive bars — skipping
2026-07-31 09:03:22 DEBUG    app.services.strategy_ema  [S2-pullback][FISV] CALL — no pullback: pullback-bar low=53.3950 close=53.4100 EMA9=53.2223 (need low≤EMA9 or close within 0.0532)
2026-07-31 09:03:22 INFO     app.services.scheduler  [vol-ceiling][COIN] Symbol too hot — true range 270% of its own ATR(14) (max 250%) — post-event whip risk, blocking entry
2026-07-31 09:03:22 INFO     app.services.strategy  [FISV] [L1] PUT entries disabled (s1_puts_enabled=0) — skip
2026-07-31 09:03:22 INFO     app.services.strategy  [QCOM] [L1] PUT entries disabled (s1_puts_enabled=0) — skip
2026-07-31 09:03:23 INFO     app.services.strategy  [TSLA] [L1] EMA trend 'bullish' not yet confirmed for 2 consecutive bars — skipping
2026-07-31 09:03:23 DEBUG    app.services.strategy_ema  [S2-freshness][TSLA] CALL cross 0 bars old — within 40-bar window ✓
2026-07-31 09:03:23 DEBUG    app.services.strategy_ema  [S2-pullback][TSLA] CALL — no pullback: pullback-bar low=307.8000 close=307.8612 EMA9=307.0133 (need low≤EMA9 or close within 0.3070)
2026-07-31 09:03:23 DEBUG    app.services.strategy_ema  [S2-freshness][MSFT] CALL cross 6 bars old — within 40-bar window ✓
2026-07-31 09:03:23 INFO     app.services.scheduler  [S2][META] PUT entries disabled (s2_puts_enabled=0) — skip
2026-07-31 09:03:23 DEBUG    app.services.strategy_ema  [S2-pullback][MSFT] CALL — no pullback: pullback-bar low=462.9000 close=462.9800 EMA9=459.4435 (need low≤EMA9 or close within 0.4594)
2026-07-31 09:03:23 INFO     app.services.strategy  [MSFT] [L1] CALL rejected — price 462.86 is 1.206% from VWAP 457.35 (band=0.80% — waiting for pullback to VWAP)
2026-07-31 09:03:23 INFO     app.services.strategy  [META] [L1] CALL rejected — price 546.30 is BELOW VWAP 548.58 (wrong side for bullish bounce)
2026-07-31 09:03:47 INFO     app.services.scheduler  [vol-ceiling][AAPL] Symbol too hot — true range 409% of its own ATR(14) (max 250%) — post-event whip risk, blocking entry
2026-07-31 09:03:47 INFO     app.services.scheduler  [S2][NVDA] PUT entries disabled (s2_puts_enabled=0) — skip
2026-07-31 09:03:47 INFO     app.services.scheduler  [vol-ceiling][AMZN] Symbol too hot — true range 526% of its own ATR(14) (max 250%) — post-event whip risk, blocking entry
2026-07-31 09:03:47 INFO     app.services.scheduler  [S2][INTC] PUT entries disabled (s2_puts_enabled=0) — skip
2026-07-31 09:03:47 INFO     app.services.strategy_ema  [S2-freshness][GOOGL] No CALL EMA cross found in TODAY's session — trend predates today, blocking
2026-07-31 09:03:47 DEBUG    app.services.strategy_ema  [S2-freshness][PLTR] CALL cross 1 bars old — within 40-bar window ✓
2026-07-31 09:03:48 DEBUG    app.services.strategy_ema  [S2-pullback][PLTR] CALL — no pullback: pullback-bar low=121.8550 close=121.8600 EMA9=121.0763 (need low≤EMA9 or close within 0.1211)
2026-07-31 09:03:48 DEBUG    app.services.strategy_ema  [S2-freshness][NOW] CALL cross 3 bars old — within 40-bar window ✓
2026-07-31 09:03:48 DEBUG    app.services.strategy_ema  [S2-pullback][NOW] CALL — no pullback: pullback-bar low=110.8200 close=110.8500 EMA9=110.3052 (need low≤EMA9 or close within 0.1103)
2026-07-31 09:03:48 INFO     app.services.scheduler  [S2][WMT] Cooldown active — last TRAILING_STOP exit at 15:54 UTC (20-min window)
2026-07-31 09:03:48 INFO     app.services.scheduler  [vol-ceiling][COIN] Symbol too hot — true range 270% of its own ATR(14) (max 250%) — post-event whip risk, blocking entry
2026-07-31 09:03:48 INFO     app.services.scheduler  [energy-gate][UBER] Symbol not in play — true range 38% of its own ATR(14) (min 50%) — blocking entry
2026-07-31 09:03:49 DEBUG    app.services.strategy_ema  [S2-freshness][FISV] CALL cross 1 bars old — within 40-bar window ✓
2026-07-31 09:03:49 DEBUG    app.services.strategy_ema  [S2-freshness][TSLA] CALL cross 0 bars old — within 40-bar window ✓
2026-07-31 09:03:49 DEBUG    app.services.strategy_ema  [S2-pullback][FISV] CALL — no pullback: pullback-bar low=53.3950 close=53.4100 EMA9=53.2223 (need low≤EMA9 or close within 0.0532)
2026-07-31 09:03:49 DEBUG    app.services.strategy_ema  [S2-pullback][TSLA] CALL — no pullback: pullback-bar low=307.8000 close=307.8612 EMA9=307.0133 (need low≤EMA9 or close within 0.3070)
2026-07-31 09:03:49 DEBUG    app.services.strategy_ema  [S2-freshness][MSFT] CALL cross 6 bars old — within 40-bar window ✓
2026-07-31 09:03:49 DEBUG    app.services.strategy_ema  [S2-pullback][MSFT] CALL — no pullback: pullback-bar low=462.9000 close=462.9800 EMA9=459.4435 (need low≤EMA9 or close within 0.4594)
2026-07-31 09:03:49 INFO     app.services.scheduler  [S2][META] PUT entries disabled (s2_puts_enabled=0) — skip
2026-07-31 09:04:17 INFO     app.services.scheduler  [Primary] [adaptive-band] QQQ → band=0.80% (normal (adaptive off)) | regime=NEUTRAL
2026-07-31 09:04:17 INFO     app.services.scheduler  [S2][NVDA] PUT entries disabled (s2_puts_enabled=0) — skip
2026-07-31 09:04:17 INFO     app.services.scheduler  [vol-ceiling][AAPL] Symbol too hot — true range 409% of its own ATR(14) (max 250%) — post-event whip risk, blocking entry
2026-07-31 09:04:18 INFO     app.services.scheduler  [vol-ceiling][AAPL] Symbol too hot — true range 409% of its own ATR(14) (max 250%) — post-event whip risk, blocking entry
2026-07-31 09:04:18 INFO     app.services.strategy_ema  [S2-freshness][GOOGL] No CALL EMA cross found in TODAY's session — trend predates today, blocking
2026-07-31 09:04:18 INFO     app.services.scheduler  [vol-ceiling][AMZN] Symbol too hot — true range 526% of its own ATR(14) (max 250%) — post-event whip risk, blocking entry
2026-07-31 09:04:18 INFO     app.services.strategy  [NVDA] [L1] CALL rejected — price 196.68 is BELOW VWAP 197.36 (wrong side for bullish bounce)
2026-07-31 09:04:18 INFO     app.services.scheduler  [vol-ceiling][AMZN] Symbol too hot — true range 526% of its own ATR(14) (max 250%) — post-event whip risk, blocking entry
2026-07-31 09:04:19 INFO     app.services.strategy  [GOOGL] [L1] CALL rejected — price 351.96 is 1.304% from VWAP 347.43 (band=0.80% — waiting for pullback to VWAP)
2026-07-31 09:04:19 INFO     app.services.scheduler  [S2][INTC] PUT entries disabled (s2_puts_enabled=0) — skip
2026-07-31 09:04:19 DEBUG    app.services.strategy_ema  [S2-freshness][PLTR] CALL cross 1 bars old — within 40-bar window ✓
2026-07-31 09:04:19 INFO     app.services.strategy  [INTC] [L1] PUT entries disabled (s1_puts_enabled=0) — skip
2026-07-31 09:04:19 INFO     app.services.strategy  [PLTR] [L1] EMA trend 'bullish' not yet confirmed for 2 consecutive bars — skipping
2026-07-31 09:04:19 DEBUG    app.services.strategy_ema  [S2-pullback][PLTR] CALL — no pullback: pullback-bar low=121.8000 close=121.9200 EMA9=121.0763 (need low≤EMA9 or close within 0.1211)
2026-07-31 09:04:20 DEBUG    app.services.strategy_ema  [S2-freshness][NOW] CALL cross 3 bars old — within 40-bar window ✓
2026-07-31 09:04:20 INFO     app.services.strategy  [NOW] [L1] CALL rejected — price 110.94 is 0.871% from VWAP 109.98 (band=0.80% — waiting for pullback to VWAP)
2026-07-31 09:04:21 INFO     app.services.strategy  [SHOP] [L1] PUT entries disabled (s1_puts_enabled=0) — skip
2026-07-31 09:04:21 INFO     app.services.strategy  [NFLX] [L1] PUT entries disabled (s1_puts_enabled=0) — skip
2026-07-31 09:04:21 DEBUG    app.services.strategy_ema  [S2-pullback][NOW] CALL — no pullback: pullback-bar low=110.7601 close=110.9200 EMA9=110.3052 (need low≤EMA9 or close within 0.1103)
2026-07-31 09:04:21 INFO     app.services.scheduler  [S2][WMT] Cooldown active — last TRAILING_STOP exit at 15:54 UTC (20-min window)
2026-07-31 09:04:22 INFO     app.services.scheduler  [energy-gate][UBER] Symbol not in play — true range 38% of its own ATR(14) (min 50%) — blocking entry
2026-07-31 09:04:22 INFO     app.services.strategy  [IWM] [L1] PUT entries disabled (s1_puts_enabled=0) — skip
2026-07-31 09:04:22 INFO     app.services.strategy  [CRM] [L1] CALL rejected — price 182.70 is 0.914% from VWAP 181.04 (band=0.80% — waiting for pullback to VWAP)
2026-07-31 09:04:22 INFO     app.services.scheduler  [WMT] TP cooldown active — last TRAILING_STOP exit at 15:54 UTC (30-min window)
2026-07-31 09:04:22 INFO     app.services.scheduler  [vol-ceiling][COIN] Symbol too hot — true range 270% of its own ATR(14) (max 250%) — post-event whip risk, blocking entry
2026-07-31 09:04:22 INFO     app.services.strategy  [UBER] [L1] EMA trend 'bearish' not yet confirmed for 2 consecutive bars — skipping
2026-07-31 09:04:23 DEBUG    app.services.strategy_ema  [S2-freshness][FISV] CALL cross 1 bars old — within 40-bar window ✓
2026-07-31 09:04:23 INFO     app.services.scheduler  [vol-ceiling][COIN] Symbol too hot — true range 270% of its own ATR(14) (max 250%) — post-event whip risk, blocking entry
2026-07-31 09:04:23 DEBUG    app.services.strategy_ema  [S2-pullback][FISV] CALL — no pullback: pullback-bar low=53.3700 close=53.4150 EMA9=53.2223 (need low≤EMA9 or close within 0.0532)
2026-07-31 09:04:24 INFO     app.services.strategy  [FISV] [L1] PUT entries disabled (s1_puts_enabled=0) — skip
2026-07-31 09:04:24 DEBUG    app.services.strategy_ema  [S2-freshness][TSLA] CALL cross 0 bars old — within 40-bar window ✓
2026-07-31 09:04:24 INFO     app.services.strategy  [QCOM] [L1] PUT entries disabled (s1_puts_enabled=0) — skip
2026-07-31 09:04:24 INFO     app.services.strategy  [TSLA] [L1] EMA trend 'bullish' not yet confirmed for 2 consecutive bars — skipping
2026-07-31 09:04:24 DEBUG    app.services.strategy_ema  [S2-pullback][TSLA] CALL — no pullback: pullback-bar low=307.7701 close=308.1000 EMA9=307.0133 (need low≤EMA9 or close within 0.3070)
2026-07-31 09:04:24 INFO     app.services.scheduler  [S2][META] PUT entries disabled (s2_puts_enabled=0) — skip
2026-07-31 09:04:25 INFO     app.services.strategy  [MSFT] [L1] CALL rejected — price 462.77 is 1.182% from VWAP 457.36 (band=0.80% — waiting for pullback to VWAP)
2026-07-31 09:04:25 INFO     app.services.strategy  [META] [L1] CALL rejected — price 546.89 is BELOW VWAP 548.57 (wrong side for bullish bounce)
2026-07-31 09:04:25 DEBUG    app.services.strategy_ema  [S2-freshness][MSFT] CALL cross 6 bars old — within 40-bar window ✓
2026-07-31 09:04:25 DEBUG    app.services.strategy_ema  [S2-pullback][MSFT] CALL — no pullback: pullback-bar low=462.6400 close=463.1300 EMA9=459.4435 (need low≤EMA9 or close within 0.4594)
2026-07-31 09:04:47 INFO     app.services.scheduler  [vol-ceiling][AMZN] Symbol too hot — true range 526% of its own ATR(14) (max 250%) — post-event whip risk, blocking entry
2026-07-31 09:04:47 INFO     app.services.scheduler  [vol-ceiling][AAPL] Symbol too hot — true range 409% of its own ATR(14) (max 250%) — post-event whip risk, blocking entry
2026-07-31 09:04:47 INFO     app.services.scheduler  [S2][NVDA] PUT entries disabled (s2_puts_enabled=0) — skip
2026-07-31 09:04:48 INFO     app.services.strategy_ema  [S2-freshness][GOOGL] No CALL EMA cross found in TODAY's session — trend predates today, blocking
2026-07-31 09:04:48 INFO     app.services.scheduler  [S2][INTC] PUT entries disabled (s2_puts_enabled=0) — skip
2026-07-31 09:04:48 DEBUG    app.services.strategy_ema  [S2-freshness][PLTR] CALL cross 1 bars old — within 40-bar window ✓
2026-07-31 09:04:48 DEBUG    app.services.strategy_ema  [S2-pullback][PLTR] CALL — no pullback: pullback-bar low=121.8000 close=121.9200 EMA9=121.0763 (need low≤EMA9 or close within 0.1211)
2026-07-31 09:04:49 DEBUG    app.services.strategy_ema  [S2-freshness][NOW] CALL cross 3 bars old — within 40-bar window ✓
2026-07-31 09:04:49 DEBUG    app.services.strategy_ema  [S2-pullback][NOW] CALL — no pullback: pullback-bar low=110.7601 close=110.9200 EMA9=110.3052 (need low≤EMA9 or close within 0.1103)
2026-07-31 09:04:49 INFO     app.services.scheduler  [S2][WMT] Cooldown active — last TRAILING_STOP exit at 15:54 UTC (20-min window)
2026-07-31 09:04:49 INFO     app.services.scheduler  [energy-gate][UBER] Symbol not in play — true range 38% of its own ATR(14) (min 50%) — blocking entry
2026-07-31 09:04:49 INFO     app.services.scheduler  [vol-ceiling][COIN] Symbol too hot — true range 270% of its own ATR(14) (max 250%) — post-event whip risk, blocking entry
2026-07-31 09:04:50 DEBUG    app.services.strategy_ema  [S2-freshness][FISV] CALL cross 1 bars old — within 40-bar window ✓
2026-07-31 09:04:50 DEBUG    app.services.strategy_ema  [S2-pullback][FISV] CALL — no pullback: pullback-bar low=53.3700 close=53.4150 EMA9=53.2223 (need low≤EMA9 or close within 0.0532)
2026-07-31 09:04:50 DEBUG    app.services.strategy_ema  [S2-freshness][TSLA] CALL cross 0 bars old — within 40-bar window ✓
2026-07-31 09:04:50 INFO     app.services.scheduler  [S2][META] PUT entries disabled (s2_puts_enabled=0) — skip
2026-07-31 09:04:50 DEBUG    app.services.strategy_ema  [S2-pullback][TSLA] CALL — no pullback: pullback-bar low=307.7701 close=308.1000 EMA9=307.0133 (need low≤EMA9 or close within 0.3070)
2026-07-31 09:04:51 DEBUG    app.services.strategy_ema  [S2-freshness][MSFT] CALL cross 6 bars old — within 40-bar window ✓
2026-07-31 09:04:51 DEBUG    app.services.strategy_ema  [S2-pullback][MSFT] CALL — no pullback: pullback-bar low=462.6400 close=463.1300 EMA9=459.4435 (need low≤EMA9 or close within 0.4594)
2026-07-31 09:05:17 INFO     app.services.scheduler  [Primary] [adaptive-band] QQQ → band=0.80% (normal (adaptive off)) | regime=NEUTRAL
2026-07-31 09:05:17 INFO     app.services.scheduler  [vol-ceiling][AAPL] Symbol too hot — true range 409% of its own ATR(14) (max 250%) — post-event whip risk, blocking entry
2026-07-31 09:05:17 INFO     app.services.scheduler  [vol-ceiling][AMZN] Symbol too hot — true range 526% of its own ATR(14) (max 250%) — post-event whip risk, blocking entry
2026-07-31 09:05:17 INFO     app.services.scheduler  [vol-ceiling][AAPL] Symbol too hot — true range 409% of its own ATR(14) (max 250%) — post-event whip risk, blocking entry
2026-07-31 09:05:18 INFO     app.services.scheduler  [vol-ceiling][AMZN] Symbol too hot — true range 526% of its own ATR(14) (max 250%) — post-event whip risk, blocking entry
2026-07-31 09:05:18 DEBUG    app.services.strategy_ema  [S2-5m-filter][GOOGL] CALL OK — EMA9=350.7503 > EMA21=349.0595 close=351.9850 > VWAP=347.3522 slopes both↑
2026-07-31 09:05:18 INFO     app.services.strategy_ema  [S2-freshness][GOOGL] No CALL EMA cross found in TODAY's session — trend predates today, blocking
2026-07-31 09:05:18 INFO     app.services.strategy  [NVDA] [L1] CALL rejected — price 196.56 is BELOW VWAP 197.36 (wrong side for bullish bounce)
2026-07-31 09:05:18 INFO     app.services.strategy_ema  [S2-5m-filter][NVDA] CALL blocked — EMA9=196.4131 EMA21=196.5383 close=196.6150 VWAP=197.3597 EMA9_slope=↑ EMA21_slope=↑
2026-07-31 09:05:19 INFO     app.services.strategy  [GOOGL] [L1] CALL rejected — price 352.20 is 1.369% from VWAP 347.44 (band=0.80% — waiting for pullback to VWAP)
2026-07-31 09:05:19 INFO     app.services.strategy_ema  [S2-5m-filter][INTC] CALL blocked — EMA9=92.1370 EMA21=92.4294 close=91.9000 VWAP=93.8099 EMA9_slope=↓ EMA21_slope=↓
2026-07-31 09:05:19 INFO     app.services.scheduler  [S2][INTC] PUT entries disabled (s2_puts_enabled=0) — skip
2026-07-31 09:05:19 INFO     app.services.strategy  [INTC] [L1] PUT entries disabled (s1_puts_enabled=0) — skip
2026-07-31 09:05:19 DEBUG    app.services.strategy_ema  [S2-5m-filter][PLTR] CALL OK — EMA9=121.2706 > EMA21=121.0554 close=122.0481 > VWAP=121.2071 slopes both↑
2026-07-31 09:05:19 DEBUG    app.services.strategy_ema  [S2-freshness][PLTR] CALL cross 2 bars old — within 40-bar window ✓
2026-07-31 09:05:19 DEBUG    app.services.strategy_ema  [S2-5m-filter][NOW] CALL OK — EMA9=110.4502 > EMA21=110.1453 close=111.0300 > VWAP=109.9990 slopes both↑
2026-07-31 09:05:19 DEBUG    app.services.strategy_ema  [S2-freshness][NOW] CALL cross 4 bars old — within 40-bar window ✓
2026-07-31 09:05:20 INFO     app.services.strategy  [PLTR] [L1] EMA trend 'bullish' not yet confirmed for 2 consecutive bars — skipping
2026-07-31 09:05:20 DEBUG    app.services.strategy_ema  [S2-pullback][PLTR] CALL — no pullback: pullback-bar low=121.8101 close=121.9600 EMA9=121.2706 (need low≤EMA9 or close within 0.1213)
2026-07-31 09:05:20 INFO     app.services.strategy  [NOW] [L1] CALL rejected — price 111.03 is 0.951% from VWAP 109.98 (band=0.80% — waiting for pullback to VWAP)
2026-07-31 09:05:20 DEBUG    app.services.strategy_ema  [S2-pullback][NOW] CALL — no pullback: pullback-bar low=110.8580 close=110.9350 EMA9=110.4502 (need low≤EMA9 or close within 0.1105)
2026-07-31 09:05:20 INFO     app.services.strategy_ema  [S2-5m-filter][NFLX] CALL blocked — EMA9=71.6169 EMA21=71.6725 close=71.6650 VWAP=71.7321 EMA9_slope=↑ EMA21_slope=↓
2026-07-31 09:05:20 INFO     app.services.strategy  [NFLX] [L1] PUT entries disabled (s1_puts_enabled=0) — skip
2026-07-31 09:05:21 INFO     app.services.strategy_ema  [S2-5m-filter][SHOP] CALL blocked — EMA9=116.7395 EMA21=117.2613 close=117.6400 VWAP=118.2999 EMA9_slope=↑ EMA21_slope=↑
2026-07-31 09:05:21 INFO     app.services.scheduler  [S2][WMT] Cooldown active — last TRAILING_STOP exit at 15:54 UTC (20-min window)
2026-07-31 09:05:21 INFO     app.services.strategy  [SHOP] [L1] PUT entries disabled (s1_puts_enabled=0) — skip
2026-07-31 09:05:22 INFO     app.services.scheduler  [energy-gate][UBER] Symbol not in play — true range 38% of its own ATR(14) (min 50%) — blocking entry
2026-07-31 09:05:22 INFO     app.services.strategy  [IWM] [L1] PUT entries disabled (s1_puts_enabled=0) — skip
2026-07-31 09:05:22 INFO     app.services.scheduler  [vol-ceiling][COIN] Symbol too hot — true range 270% of its own ATR(14) (max 250%) — post-event whip risk, blocking entry
2026-07-31 09:05:22 INFO     app.services.strategy  [CRM] [L1] CALL rejected — price 182.90 is 1.020% from VWAP 181.05 (band=0.80% — waiting for pullback to VWAP)
2026-07-31 09:05:22 INFO     app.services.scheduler  [WMT] TP cooldown active — last TRAILING_STOP exit at 15:54 UTC (30-min window)
2026-07-31 09:05:23 INFO     app.services.strategy_ema  [S2-5m-filter][FIG] CALL blocked — EMA9=24.0425 EMA21=24.0298 close=24.0900 VWAP=24.1716 EMA9_slope=↑ EMA21_slope=↑
2026-07-31 09:05:23 INFO     app.services.strategy  [UBER] [L1] EMA trend 'bearish' not yet confirmed for 2 consecutive bars — skipping
2026-07-31 09:05:23 DEBUG    app.services.strategy_ema  [S2-5m-filter][FISV] CALL OK — EMA9=53.2738 > EMA21=53.2126 close=53.4800 > VWAP=53.1624 slopes both↑
2026-07-31 09:05:23 DEBUG    app.services.strategy_ema  [S2-freshness][FISV] CALL cross 2 bars old — within 40-bar window ✓
2026-07-31 09:05:23 INFO     app.services.scheduler  [vol-ceiling][COIN] Symbol too hot — true range 270% of its own ATR(14) (max 250%) — post-event whip risk, blocking entry
2026-07-31 09:05:23 INFO     app.services.strategy_ema  [S2-5m-filter][QCOM] CALL blocked — EMA9=148.2773 EMA21=148.4747 close=148.4950 VWAP=148.7165 EMA9_slope=↑ EMA21_slope=↑
2026-07-31 09:05:23 INFO     app.services.strategy  [FISV] [L1] PUT entries disabled (s1_puts_enabled=0) — skip
2026-07-31 09:05:23 DEBUG    app.services.strategy_ema  [S2-pullback][FISV] CALL — no pullback: pullback-bar low=53.4000 close=53.4050 EMA9=53.2738 (need low≤EMA9 or close within 0.0533)
2026-07-31 09:05:24 INFO     app.services.strategy  [QCOM] [L1] PUT entries disabled (s1_puts_enabled=0) — skip
2026-07-31 09:05:24 DEBUG    app.services.strategy_ema  [S2-5m-filter][TSLA] CALL OK — EMA9=307.2086 > EMA21=307.0747 close=307.9900 > VWAP=307.1977 slopes both↑
2026-07-31 09:05:24 DEBUG    app.services.strategy_ema  [S2-freshness][TSLA] CALL cross 1 bars old — within 40-bar window ✓
2026-07-31 09:05:24 INFO     app.services.strategy  [MSFT] [L1] CALL rejected — price 462.65 is 1.154% from VWAP 457.38 (band=0.80% — waiting for pullback to VWAP)
2026-07-31 09:05:24 INFO     app.services.strategy  [TSLA] [L1] EMA trend 'bullish' not yet confirmed for 2 consecutive bars — skipping
2026-07-31 09:05:25 DEBUG    app.services.strategy_ema  [S2-5m-filter][MSFT] CALL OK — EMA9=460.0286 > EMA21=458.1321 close=462.3686 > VWAP=457.6170 slopes both↑
2026-07-31 09:05:25 DEBUG    app.services.strategy_ema  [S2-freshness][MSFT] CALL cross 7 bars old — within 40-bar window ✓
2026-07-31 09:05:25 DEBUG    app.services.strategy_ema  [S2-pullback][MSFT] CALL — no pullback: pullback-bar low=462.6500 close=462.6500 EMA9=460.0286 (need low≤EMA9 or close within 0.4600)
2026-07-31 09:05:25 INFO     app.services.strategy  [META] [L1] CALL rejected — price 546.60 is BELOW VWAP 548.56 (wrong side for bullish bounce)
2026-07-31 09:05:25 DEBUG    app.services.strategy_ema  [S2-pullback][TSLA] CALL — no pullback: pullback-bar low=307.8200 close=308.1050 EMA9=307.2086 (need low≤EMA9 or close within 0.3072)
2026-07-31 09:05:25 INFO     app.services.strategy_ema  [S2-5m-filter][META] CALL blocked — EMA9=546.0000 EMA21=545.9499 close=546.3950 VWAP=548.4222 EMA9_slope=↑ EMA21_slope=↑
2026-07-31 09:05:47 INFO     app.services.scheduler  [vol-ceiling][AMZN] Symbol too hot — true range 526% of its own ATR(14) (max 250%) — post-event whip risk, blocking entry
2026-07-31 09:05:47 INFO     app.services.scheduler  [vol-ceiling][AAPL] Symbol too hot — true range 409% of its own ATR(14) (max 250%) — post-event whip risk, blocking entry
2026-07-31 09:05:47 INFO     app.services.scheduler  [S2][INTC] PUT entries disabled (s2_puts_enabled=0) — skip
2026-07-31 09:05:47 DEBUG    app.services.strategy_ema  [S2-freshness][PLTR] CALL cross 2 bars old — within 40-bar window ✓
2026-07-31 09:05:47 INFO     app.services.strategy_ema  [S2-freshness][GOOGL] No CALL EMA cross found in TODAY's session — trend predates today, blocking
2026-07-31 09:05:47 DEBUG    app.services.strategy_ema  [S2-pullback][PLTR] CALL — no pullback: pullback-bar low=121.8101 close=121.9600 EMA9=121.2706 (need low≤EMA9 or close within 0.1213)
2026-07-31 09:05:48 DEBUG    app.services.strategy_ema  [S2-freshness][NOW] CALL cross 4 bars old — within 40-bar window ✓
2026-07-31 09:05:48 DEBUG    app.services.strategy_ema  [S2-pullback][NOW] CALL — no pullback: pullback-bar low=110.8580 close=110.9350 EMA9=110.4502 (need low≤EMA9 or close within 0.1105)
2026-07-31 09:05:48 INFO     app.services.scheduler  [S2][WMT] Cooldown active — last TRAILING_STOP exit at 15:54 UTC (20-min window)
2026-07-31 09:05:48 INFO     app.services.scheduler  [energy-gate][UBER] Symbol not in play — true range 38% of its own ATR(14) (min 50%) — blocking entry
2026-07-31 09:05:49 INFO     app.services.scheduler  [vol-ceiling][COIN] Symbol too hot — true range 270% of its own ATR(14) (max 250%) — post-event whip risk, blocking entry
2026-07-31 09:05:49 DEBUG    app.services.strategy_ema  [S2-freshness][TSLA] CALL cross 1 bars old — within 40-bar window ✓
2026-07-31 09:05:49 DEBUG    app.services.strategy_ema  [S2-pullback][TSLA] CALL — no pullback: pullback-bar low=307.8200 close=308.1050 EMA9=307.2086 (need low≤EMA9 or close within 0.3072)
2026-07-31 09:05:49 DEBUG    app.services.strategy_ema  [S2-freshness][FISV] CALL cross 2 bars old — within 40-bar window ✓
2026-07-31 09:05:49 DEBUG    app.services.strategy_ema  [S2-freshness][MSFT] CALL cross 7 bars old — within 40-bar window ✓
2026-07-31 09:05:49 DEBUG    app.services.strategy_ema  [S2-pullback][MSFT] CALL — no pullback: pullback-bar low=462.6500 close=462.6500 EMA9=460.0286 (need low≤EMA9 or close within 0.4600)
2026-07-31 09:05:49 DEBUG    app.services.strategy_ema  [S2-pullback][FISV] CALL — no pullback: pullback-bar low=53.4000 close=53.4050 EMA9=53.2738 (need low≤EMA9 or close within 0.0533)
2026-07-31 09:06:17 INFO     app.services.scheduler  [Primary] [adaptive-band] QQQ → band=0.80% (normal (adaptive off)) | regime=BEARISH
2026-07-31 09:06:17 INFO     app.services.scheduler  [vol-ceiling][AAPL] Symbol too hot — true range 409% of its own ATR(14) (max 250%) — post-event whip risk, blocking entry
2026-07-31 09:06:17 INFO     app.services.scheduler  [vol-ceiling][AMZN] Symbol too hot — true range 526% of its own ATR(14) (max 250%) — post-event whip risk, blocking entry
2026-07-31 09:06:17 INFO     app.services.scheduler  [vol-ceiling][AMZN] Symbol too hot — true range 526% of its own ATR(14) (max 250%) — post-event whip risk, blocking entry
2026-07-31 09:06:17 INFO     app.services.scheduler  [vol-ceiling][AAPL] Symbol too hot — true range 409% of its own ATR(14) (max 250%) — post-event whip risk, blocking entry
2026-07-31 09:06:18 INFO     app.services.strategy  [NVDA] [L1] CALL rejected — price 196.47 is BELOW VWAP 197.36 (wrong side for bullish bounce)
2026-07-31 09:06:18 INFO     app.services.scheduler  [S2][INTC] PUT entries disabled (s2_puts_enabled=0) — skip
2026-07-31 09:06:18 DEBUG    app.services.strategy_ema  [S2-freshness][PLTR] CALL cross 2 bars old — within 40-bar window ✓
2026-07-31 09:06:18 INFO     app.services.strategy_ema  [S2-freshness][GOOGL] No CALL EMA cross found in TODAY's session — trend predates today, blocking
2026-07-31 09:06:19 INFO     app.services.strategy  [PLTR] [L1] EMA trend 'bullish' not yet confirmed for 2 consecutive bars — skipping
2026-07-31 09:06:19 INFO     app.services.strategy  [GOOGL] [L1] CALL rejected — price 352.25 is 1.380% from VWAP 347.45 (band=0.80% — waiting for pullback to VWAP)
2026-07-31 09:06:19 DEBUG    app.services.strategy_ema  [S2-pullback][PLTR] CALL — no pullback: pullback-bar low=121.9500 close=122.0481 EMA9=121.2706 (need low≤EMA9 or close within 0.1213)
2026-07-31 09:06:19 INFO     app.services.strategy  [INTC] [L1] PUT entries disabled (s1_puts_enabled=0) — skip
2026-07-31 09:06:20 DEBUG    app.services.strategy_ema  [S2-freshness][NOW] CALL cross 4 bars old — within 40-bar window ✓
2026-07-31 09:06:20 INFO     app.services.strategy  [NFLX] [L1] PUT entries disabled (s1_puts_enabled=0) — skip
2026-07-31 09:06:20 DEBUG    app.services.strategy_ema  [S2-pullback][NOW] CALL — no pullback: pullback-bar low=110.9401 close=111.0300 EMA9=110.4502 (need low≤EMA9 or close within 0.1105)
2026-07-31 09:06:20 INFO     app.services.scheduler  [S2][WMT] Cooldown active — last TRAILING_STOP exit at 15:54 UTC (20-min window)
2026-07-31 09:06:21 INFO     app.services.strategy  [NOW] [L1] CALL rejected — price 110.89 is 0.822% from VWAP 109.99 (band=0.80% — waiting for pullback to VWAP)
2026-07-31 09:06:21 INFO     app.services.scheduler  [energy-gate][UBER] Symbol not in play — true range 38% of its own ATR(14) (min 50%) — blocking entry
2026-07-31 09:06:21 INFO     app.services.strategy  [SHOP] [L1] PUT entries disabled (s1_puts_enabled=0) — skip
2026-07-31 09:06:21 INFO     app.services.strategy  [IWM] [L1] PUT entries disabled (s1_puts_enabled=0) — skip
2026-07-31 09:06:22 INFO     app.services.strategy  [UBER] [L1] EMA trend 'bearish' not yet confirmed for 2 consecutive bars — skipping
2026-07-31 09:06:22 INFO     app.services.scheduler  [WMT] TP cooldown active — last TRAILING_STOP exit at 15:54 UTC (30-min window)
2026-07-31 09:06:22 INFO     app.services.scheduler  [vol-ceiling][COIN] Symbol too hot — true range 270% of its own ATR(14) (max 250%) — post-event whip risk, blocking entry
2026-07-31 09:06:22 INFO     app.services.strategy  [CRM] [L1] CALL rejected — price 182.75 is 0.932% from VWAP 181.06 (band=0.80% — waiting for pullback to VWAP)
2026-07-31 09:06:22 DEBUG    app.services.strategy_ema  [S2-freshness][FISV] CALL cross 2 bars old — within 40-bar window ✓
2026-07-31 09:06:23 INFO     app.services.scheduler  [vol-ceiling][COIN] Symbol too hot — true range 270% of its own ATR(14) (max 250%) — post-event whip risk, blocking entry
2026-07-31 09:06:23 DEBUG    app.services.strategy_ema  [S2-pullback][FISV] CALL — no pullback: pullback-bar low=53.4046 close=53.4800 EMA9=53.2738 (need low≤EMA9 or close within 0.0533)
2026-07-31 09:06:24 INFO     app.services.strategy  [FISV] [L1] PUT entries disabled (s1_puts_enabled=0) — skip
2026-07-31 09:06:24 INFO     app.services.strategy  [QCOM] [L1] PUT entries disabled (s1_puts_enabled=0) — skip
2026-07-31 09:06:24 DEBUG    app.services.strategy_ema  [S2-freshness][MSFT] CALL cross 7 bars old — within 40-bar window ✓
2026-07-31 09:06:24 DEBUG    app.services.strategy_ema  [S2-freshness][TSLA] CALL cross 1 bars old — within 40-bar window ✓
2026-07-31 09:06:25 DEBUG    app.services.strategy_ema  [S2-pullback][MSFT] CALL — no pullback: pullback-bar low=462.2900 close=462.3686 EMA9=460.0286 (need low≤EMA9 or close within 0.4600)
2026-07-31 09:06:25 INFO     app.services.strategy  [MSFT] [L1] CALL rejected — price 461.39 is 0.874% from VWAP 457.39 (band=0.80% — waiting for pullback to VWAP)
2026-07-31 09:06:25 INFO     app.services.strategy  [TSLA] [L1] EMA trend 'bullish' not yet confirmed for 2 consecutive bars — skipping
2026-07-31 09:06:25 DEBUG    app.services.strategy_ema  [S2-pullback][TSLA] CALL — no pullback: pullback-bar low=307.9200 close=307.9900 EMA9=307.2086 (need low≤EMA9 or close within 0.3072)
2026-07-31 09:06:25 INFO     app.services.strategy  [META] [L1] CALL rejected — price 546.05 is BELOW VWAP 548.56 (wrong side for bullish bounce)
2026-07-31 09:06:47 INFO     app.services.scheduler  [vol-ceiling][AAPL] Symbol too hot — true range 409% of its own ATR(14) (max 250%) — post-event whip risk, blocking entry
2026-07-31 09:06:47 INFO     app.services.scheduler  [vol-ceiling][AMZN] Symbol too hot — true range 526% of its own ATR(14) (max 250%) — post-event whip risk, blocking entry
2026-07-31 09:06:48 INFO     app.services.strategy_ema  [S2-freshness][GOOGL] No CALL EMA cross found in TODAY's session — trend predates today, blocking
2026-07-31 09:06:48 INFO     app.services.scheduler  [S2][INTC] PUT entries disabled (s2_puts_enabled=0) — skip
2026-07-31 09:06:48 DEBUG    app.services.strategy_ema  [S2-freshness][PLTR] CALL cross 2 bars old — within 40-bar window ✓
2026-07-31 09:06:49 DEBUG    app.services.strategy_ema  [S2-freshness][NOW] CALL cross 4 bars old — within 40-bar window ✓
2026-07-31 09:06:49 DEBUG    app.services.strategy_ema  [S2-pullback][PLTR] CALL — no pullback: pullback-bar low=121.9500 close=122.0481 EMA9=121.2706 (need low≤EMA9 or close within 0.1213)
2026-07-31 09:06:49 DEBUG    app.services.strategy_ema  [S2-pullback][NOW] CALL — no pullback: pullback-bar low=110.9401 close=111.0300 EMA9=110.4502 (need low≤EMA9 or close within 0.1105)
2026-07-31 09:06:49 INFO     app.services.scheduler  [S2][WMT] Cooldown active — last TRAILING_STOP exit at 15:54 UTC (20-min window)
2026-07-31 09:06:49 INFO     app.services.scheduler  [energy-gate][UBER] Symbol not in play — true range 38% of its own ATR(14) (min 50%) — blocking entry
2026-07-31 09:06:49 INFO     app.services.scheduler  [vol-ceiling][COIN] Symbol too hot — true range 270% of its own ATR(14) (max 250%) — post-event whip risk, blocking entry
2026-07-31 09:06:50 DEBUG    app.services.strategy_ema  [S2-freshness][FISV] CALL cross 2 bars old — within 40-bar window ✓
2026-07-31 09:06:51 DEBUG    app.services.strategy_ema  [S2-pullback][FISV] CALL — no pullback: pullback-bar low=53.4046 close=53.4800 EMA9=53.2738 (need low≤EMA9 or close within 0.0533)
2026-07-31 09:06:51 DEBUG    app.services.strategy_ema  [S2-freshness][TSLA] CALL cross 1 bars old — within 40-bar window ✓
2026-07-31 09:06:51 DEBUG    app.services.strategy_ema  [S2-pullback][TSLA] CALL — no pullback: pullback-bar low=307.9200 close=307.9900 EMA9=307.2086 (need low≤EMA9 or close within 0.3072)
2026-07-31 09:06:51 DEBUG    app.services.strategy_ema  [S2-freshness][MSFT] CALL cross 7 bars old — within 40-bar window ✓
2026-07-31 09:06:51 DEBUG    app.services.strategy_ema  [S2-pullback][MSFT] CALL — no pullback: pullback-bar low=462.2900 close=462.3686 EMA9=460.0286 (need low≤EMA9 or close within 0.4600)
2026-07-31 09:07:17 INFO     app.services.scheduler  [vol-ceiling][AMZN] Symbol too hot — true range 526% of its own ATR(14) (max 250%) — post-event whip risk, blocking entry
2026-07-31 09:07:17 INFO     app.services.scheduler  [vol-ceiling][AAPL] Symbol too hot — true range 409% of its own ATR(14) (max 250%) — post-event whip risk, blocking entry
2026-07-31 09:07:17 INFO     app.services.scheduler  [Primary] [adaptive-band] QQQ → band=0.80% (normal (adaptive off)) | regime=BEARISH
2026-07-31 09:07:17 INFO     app.services.scheduler  [vol-ceiling][AAPL] Symbol too hot — true range 409% of its own ATR(14) (max 250%) — post-event whip risk, blocking entry
2026-07-31 09:07:18 INFO     app.services.scheduler  [S2][INTC] PUT entries disabled (s2_puts_enabled=0) — skip
2026-07-31 09:07:18 INFO     app.services.scheduler  [vol-ceiling][AMZN] Symbol too hot — true range 526% of its own ATR(14) (max 250%) — post-event whip risk, blocking entry
2026-07-31 09:07:18 INFO     app.services.strategy  [NVDA] [L1] CALL rejected — price 196.37 is BELOW VWAP 197.35 (wrong side for bullish bounce)
2026-07-31 09:07:19 INFO     app.services.strategy_ema  [S2-freshness][GOOGL] No CALL EMA cross found in TODAY's session — trend predates today, blocking
2026-07-31 09:07:19 INFO     app.services.strategy  [INTC] [L1] PUT entries disabled (s1_puts_enabled=0) — skip
2026-07-31 09:07:19 INFO     app.services.strategy  [GOOGL] [L1] CALL rejected — price 352.25 is 1.377% from VWAP 347.47 (band=0.80% — waiting for pullback to VWAP)
2026-07-31 09:07:19 DEBUG    app.services.strategy_ema  [S2-freshness][PLTR] CALL cross 2 bars old — within 40-bar window ✓
2026-07-31 09:07:19 DEBUG    app.services.strategy_ema  [S2-freshness][NOW] CALL cross 4 bars old — within 40-bar window ✓
2026-07-31 09:07:20 DEBUG    app.services.strategy_ema  [S2-pullback][PLTR] CALL — no pullback: pullback-bar low=121.9010 close=121.9010 EMA9=121.2706 (need low≤EMA9 or close within 0.1213)
2026-07-31 09:07:20 INFO     app.services.strategy  [PLTR] [L1] EMA trend 'bullish' not yet confirmed for 2 consecutive bars — skipping
2026-07-31 09:07:20 DEBUG    app.services.strategy_ema  [S2-pullback][NOW] CALL — no pullback: pullback-bar low=110.9250 close=110.9250 EMA9=110.4502 (need low≤EMA9 or close within 0.1105)
2026-07-31 09:07:20 INFO     app.services.strategy  [NFLX] [L1] PUT entries disabled (s1_puts_enabled=0) — skip
2026-07-31 09:07:20 INFO     app.services.strategy  [NOW] [L1] CALL rejected — price 110.89 is 0.815% from VWAP 109.99 (band=0.80% — waiting for pullback to VWAP)
2026-07-31 09:07:21 INFO     app.services.strategy  [IWM] [L1] PUT entries disabled (s1_puts_enabled=0) — skip
2026-07-31 09:07:21 INFO     app.services.scheduler  [S2][WMT] Cooldown active — last TRAILING_STOP exit at 15:54 UTC (20-min window)
2026-07-31 09:07:21 INFO     app.services.strategy  [SHOP] [L1] PUT entries disabled (s1_puts_enabled=0) — skip
2026-07-31 09:07:22 INFO     app.services.scheduler  [vol-ceiling][COIN] Symbol too hot — true range 270% of its own ATR(14) (max 250%) — post-event whip risk, blocking entry
2026-07-31 09:07:22 INFO     app.services.scheduler  [energy-gate][UBER] Symbol not in play — true range 38% of its own ATR(14) (min 50%) — blocking entry
2026-07-31 09:07:22 INFO     app.services.strategy  [CRM] [L1] CALL rejected — price 182.68 is 0.890% from VWAP 181.07 (band=0.80% — waiting for pullback to VWAP)
2026-07-31 09:07:22 INFO     app.services.scheduler  [WMT] TP cooldown active — last TRAILING_STOP exit at 15:54 UTC (30-min window)
2026-07-31 09:07:23 INFO     app.services.strategy  [UBER] [L1] EMA trend 'bearish' not yet confirmed for 2 consecutive bars — skipping
2026-07-31 09:07:23 INFO     app.services.scheduler  [vol-ceiling][COIN] Symbol too hot — true range 270% of its own ATR(14) (max 250%) — post-event whip risk, blocking entry
2026-07-31 09:07:23 DEBUG    app.services.strategy_ema  [S2-freshness][FISV] CALL cross 2 bars old — within 40-bar window ✓
2026-07-31 09:07:23 INFO     app.services.strategy  [FISV] [L1] PUT entries disabled (s1_puts_enabled=0) — skip
2026-07-31 09:07:24 DEBUG    app.services.strategy_ema  [S2-pullback][FISV] CALL — no pullback: pullback-bar low=53.4800 close=53.4900 EMA9=53.2738 (need low≤EMA9 or close within 0.0533)
2026-07-31 09:07:24 INFO     app.services.strategy  [QCOM] [L1] PUT entries disabled (s1_puts_enabled=0) — skip
2026-07-31 09:07:24 DEBUG    app.services.strategy_ema  [S2-freshness][TSLA] CALL cross 1 bars old — within 40-bar window ✓
2026-07-31 09:07:24 INFO     app.services.strategy  [TSLA] [L1] EMA trend 'bullish' not yet confirmed for 2 consecutive bars — skipping
2026-07-31 09:07:24 DEBUG    app.services.strategy_ema  [S2-freshness][MSFT] CALL cross 7 bars old — within 40-bar window ✓
2026-07-31 09:07:24 INFO     app.services.strategy  [MSFT] [L1] CALL rejected — price 461.50 is 0.896% from VWAP 457.40 (band=0.80% — waiting for pullback to VWAP)
2026-07-31 09:07:24 DEBUG    app.services.strategy_ema  [S2-pullback][MSFT] CALL — no pullback: pullback-bar low=461.9000 close=461.9600 EMA9=460.0286 (need low≤EMA9 or close within 0.4600)
2026-07-31 09:07:25 DEBUG    app.services.strategy_ema  [S2-pullback][TSLA] CALL — no pullback: pullback-bar low=307.8900 close=307.8980 EMA9=307.2086 (need low≤EMA9 or close within 0.3072)
2026-07-31 09:07:25 INFO     app.services.strategy  [META] [L1] CALL rejected — price 546.09 is BELOW VWAP 548.56 (wrong side for bullish bounce)
2026-07-31 09:07:47 INFO     app.services.scheduler  [vol-ceiling][AMZN] Symbol too hot — true range 526% of its own ATR(14) (max 250%) — post-event whip risk, blocking entry
2026-07-31 09:07:47 INFO     app.services.scheduler  [vol-ceiling][AAPL] Symbol too hot — true range 409% of its own ATR(14) (max 250%) — post-event whip risk, blocking entry
2026-07-31 09:07:47 INFO     app.services.strategy_ema  [S2-freshness][GOOGL] No CALL EMA cross found in TODAY's session — trend predates today, blocking
2026-07-31 09:07:48 INFO     app.services.scheduler  [S2][INTC] PUT entries disabled (s2_puts_enabled=0) — skip
2026-07-31 09:07:48 DEBUG    app.services.strategy_ema  [S2-freshness][NOW] CALL cross 4 bars old — within 40-bar window ✓
2026-07-31 09:07:48 DEBUG    app.services.strategy_ema  [S2-freshness][PLTR] CALL cross 2 bars old — within 40-bar window ✓
2026-07-31 09:07:48 DEBUG    app.services.strategy_ema  [S2-pullback][NOW] CALL — no pullback: pullback-bar low=110.9250 close=110.9250 EMA9=110.4502 (need low≤EMA9 or close within 0.1105)
2026-07-31 09:07:48 DEBUG    app.services.strategy_ema  [S2-pullback][PLTR] CALL — no pullback: pullback-bar low=121.9010 close=121.9010 EMA9=121.2706 (need low≤EMA9 or close within 0.1213)
2026-07-31 09:07:49 INFO     app.services.scheduler  [S2][WMT] Cooldown active — last TRAILING_STOP exit at 15:54 UTC (20-min window)
2026-07-31 09:07:49 INFO     app.services.scheduler  [energy-gate][UBER] Symbol not in play — true range 38% of its own ATR(14) (min 50%) — blocking entry
2026-07-31 09:07:49 INFO     app.services.scheduler  [vol-ceiling][COIN] Symbol too hot — true range 270% of its own ATR(14) (max 250%) — post-event whip risk, blocking entry
2026-07-31 09:07:49 DEBUG    app.services.strategy_ema  [S2-freshness][FISV] CALL cross 2 bars old — within 40-bar window ✓
2026-07-31 09:07:50 DEBUG    app.services.strategy_ema  [S2-pullback][FISV] CALL — no pullback: pullback-bar low=53.4800 close=53.4900 EMA9=53.2738 (need low≤EMA9 or close within 0.0533)
2026-07-31 09:07:50 DEBUG    app.services.strategy_ema  [S2-freshness][MSFT] CALL cross 7 bars old — within 40-bar window ✓
2026-07-31 09:07:50 DEBUG    app.services.strategy_ema  [S2-freshness][TSLA] CALL cross 1 bars old — within 40-bar window ✓
2026-07-31 09:07:50 DEBUG    app.services.strategy_ema  [S2-pullback][TSLA] CALL — no pullback: pullback-bar low=307.8900 close=307.8980 EMA9=307.2086 (need low≤EMA9 or close within 0.3072)
2026-07-31 09:07:50 DEBUG    app.services.strategy_ema  [S2-pullback][MSFT] CALL — no pullback: pullback-bar low=461.9000 close=461.9600 EMA9=460.0286 (need low≤EMA9 or close within 0.4600)
2026-07-31 09:08:17 INFO     app.services.scheduler  [Primary] [adaptive-band] QQQ → band=0.80% (normal (adaptive off)) | regime=BEARISH
2026-07-31 09:08:18 INFO     app.services.scheduler  [vol-ceiling][AAPL] Symbol too hot — true range 409% of its own ATR(14) (max 250%) — post-event whip risk, blocking entry
2026-07-31 09:08:18 INFO     app.services.scheduler  [vol-ceiling][AMZN] Symbol too hot — true range 526% of its own ATR(14) (max 250%) — post-event whip risk, blocking entry
2026-07-31 09:08:18 INFO     app.services.strategy  [NVDA] [L1] CALL rejected — price 196.36 is BELOW VWAP 197.35 (wrong side for bullish bounce)
2026-07-31 09:08:19 INFO     app.services.scheduler  [vol-ceiling][AAPL] Symbol too hot — true range 409% of its own ATR(14) (max 250%) — post-event whip risk, blocking entry
2026-07-31 09:08:19 INFO     app.services.strategy_ema  [S2-freshness][GOOGL] No CALL EMA cross found in TODAY's session — trend predates today, blocking
2026-07-31 09:08:19 INFO     app.services.scheduler  [S2][INTC] PUT entries disabled (s2_puts_enabled=0) — skip
2026-07-31 09:08:19 INFO     app.services.scheduler  [vol-ceiling][AMZN] Symbol too hot — true range 526% of its own ATR(14) (max 250%) — post-event whip risk, blocking entry
2026-07-31 09:08:20 DEBUG    app.services.strategy_ema  [S2-freshness][PLTR] CALL cross 2 bars old — within 40-bar window ✓
2026-07-31 09:08:20 INFO     app.services.strategy  [INTC] [L1] PUT entries disabled (s1_puts_enabled=0) — skip
2026-07-31 09:08:20 INFO     app.services.strategy  [GOOGL] [L1] CALL rejected — price 352.41 is 1.420% from VWAP 347.48 (band=0.80% — waiting for pullback to VWAP)
2026-07-31 09:08:20 DEBUG    app.services.strategy_ema  [S2-freshness][NOW] CALL cross 4 bars old — within 40-bar window ✓
2026-07-31 09:08:20 DEBUG    app.services.strategy_ema  [S2-pullback][PLTR] CALL — no pullback: pullback-bar low=121.8506 close=121.8700 EMA9=121.2706 (need low≤EMA9 or close within 0.1213)
2026-07-31 09:08:20 INFO     app.services.strategy  [PLTR] [L1] EMA trend 'bullish' not yet confirmed for 2 consecutive bars — skipping
2026-07-31 09:08:21 DEBUG    app.services.strategy_ema  [S2-pullback][NOW] CALL — no pullback: pullback-bar low=110.7900 close=110.8400 EMA9=110.4502 (need low≤EMA9 or close within 0.1105)
2026-07-31 09:08:21 INFO     app.services.strategy  [NOW] [L1] Signal: CALL  price=110.86  vwap=109.99  distance=0.791%  trend=bullish
2026-07-31 09:08:21 INFO     app.services.scheduler  [NOW] [L5] Regime gate: QQQ BEARISH (below VWAP) — blocking CALL
2026-07-31 09:08:21 INFO     app.services.strategy  [NFLX] [L1] PUT entries disabled (s1_puts_enabled=0) — skip
2026-07-31 09:08:22 INFO     app.services.scheduler  [S2][WMT] Cooldown active — last TRAILING_STOP exit at 15:54 UTC (20-min window)
2026-07-31 09:08:22 INFO     app.services.strategy  [SHOP] [L1] PUT entries disabled (s1_puts_enabled=0) — skip
2026-07-31 09:08:22 INFO     app.services.scheduler  [energy-gate][UBER] Symbol not in play — true range 38% of its own ATR(14) (min 50%) — blocking entry
2026-07-31 09:08:22 INFO     app.services.strategy  [IWM] [L1] PUT entries disabled (s1_puts_enabled=0) — skip
2026-07-31 09:08:22 INFO     app.services.scheduler  [vol-ceiling][COIN] Symbol too hot — true range 270% of its own ATR(14) (max 250%) — post-event whip risk, blocking entry
2026-07-31 09:08:22 INFO     app.services.strategy  [CRM] [L1] CALL rejected — price 182.54 is 0.808% from VWAP 181.07 (band=0.80% — waiting for pullback to VWAP)
2026-07-31 09:08:22 INFO     app.services.scheduler  [WMT] TP cooldown active — last TRAILING_STOP exit at 15:54 UTC (30-min window)
2026-07-31 09:08:23 INFO     app.services.strategy  [UBER] [L1] EMA trend 'bearish' not yet confirmed for 2 consecutive bars — skipping
2026-07-31 09:08:23 DEBUG    app.services.strategy_ema  [S2-freshness][FISV] CALL cross 2 bars old — within 40-bar window ✓
2026-07-31 09:08:23 INFO     app.services.scheduler  [vol-ceiling][COIN] Symbol too hot — true range 270% of its own ATR(14) (max 250%) — post-event whip risk, blocking entry
2026-07-31 09:08:23 INFO     app.services.strategy  [FISV] [L1] PUT entries disabled (s1_puts_enabled=0) — skip
2026-07-31 09:08:23 DEBUG    app.services.strategy_ema  [S2-pullback][FISV] CALL — no pullback: pullback-bar low=53.4400 close=53.4500 EMA9=53.2738 (need low≤EMA9 or close within 0.0533)
2026-07-31 09:08:24 DEBUG    app.services.strategy_ema  [S2-freshness][TSLA] CALL cross 1 bars old — within 40-bar window ✓
2026-07-31 09:08:24 INFO     app.services.strategy  [QCOM] [L1] PUT entries disabled (s1_puts_enabled=0) — skip
2026-07-31 09:08:24 INFO     app.services.strategy  [TSLA] [L1] EMA trend 'bullish' not yet confirmed for 2 consecutive bars — skipping
2026-07-31 09:08:25 DEBUG    app.services.strategy_ema  [S2-pullback][TSLA] CALL — no pullback: pullback-bar low=307.5500 close=307.7581 EMA9=307.2086 (need low≤EMA9 or close within 0.3072)
2026-07-31 09:08:25 INFO     app.services.strategy  [MSFT] [L1] CALL rejected — price 461.41 is 0.874% from VWAP 457.41 (band=0.80% — waiting for pullback to VWAP)
2026-07-31 09:08:25 DEBUG    app.services.strategy_ema  [S2-freshness][MSFT] CALL cross 7 bars old — within 40-bar window ✓
2026-07-31 09:08:25 DEBUG    app.services.strategy_ema  [S2-pullback][MSFT] CALL — no pullback: pullback-bar low=461.1800 close=461.6100 EMA9=460.0286 (need low≤EMA9 or close within 0.4600)
2026-07-31 09:08:25 INFO     app.services.strategy  [META] [L1] CALL rejected — price 546.35 is BELOW VWAP 548.55 (wrong side for bullish bounce)
2026-07-31 09:08:47 INFO     app.services.scheduler  [vol-ceiling][AAPL] Symbol too hot — true range 409% of its own ATR(14) (max 250%) — post-event whip risk, blocking entry
2026-07-31 09:08:47 INFO     app.services.scheduler  [vol-ceiling][AMZN] Symbol too hot — true range 526% of its own ATR(14) (max 250%) — post-event whip risk, blocking entry
2026-07-31 09:08:48 DEBUG    app.services.strategy_ema  [S2-freshness][PLTR] CALL cross 2 bars old — within 40-bar window ✓
2026-07-31 09:08:48 INFO     app.services.strategy_ema  [S2-freshness][GOOGL] No CALL EMA cross found in TODAY's session — trend predates today, blocking
2026-07-31 09:08:48 INFO     app.services.scheduler  [S2][INTC] PUT entries disabled (s2_puts_enabled=0) — skip
2026-07-31 09:08:48 DEBUG    app.services.strategy_ema  [S2-pullback][PLTR] CALL — no pullback: pullback-bar low=121.8506 close=121.8700 EMA9=121.2706 (need low≤EMA9 or close within 0.1213)
2026-07-31 09:08:48 DEBUG    app.services.strategy_ema  [S2-freshness][NOW] CALL cross 4 bars old — within 40-bar window ✓
2026-07-31 09:08:48 DEBUG    app.services.strategy_ema  [S2-pullback][NOW] CALL — no pullback: pullback-bar low=110.7900 close=110.8400 EMA9=110.4502 (need low≤EMA9 or close within 0.1105)
2026-07-31 09:08:48 INFO     app.services.scheduler  [S2][WMT] Cooldown active — last TRAILING_STOP exit at 15:54 UTC (20-min window)
2026-07-31 09:08:49 INFO     app.services.scheduler  [vol-ceiling][COIN] Symbol too hot — true range 270% of its own ATR(14) (max 250%) — post-event whip risk, blocking entry
2026-07-31 09:08:49 INFO     app.services.scheduler  [energy-gate][UBER] Symbol not in play — true range 38% of its own ATR(14) (min 50%) — blocking entry
2026-07-31 09:08:49 DEBUG    app.services.strategy_ema  [S2-freshness][FISV] CALL cross 2 bars old — within 40-bar window ✓
2026-07-31 09:08:49 DEBUG    app.services.strategy_ema  [S2-pullback][FISV] CALL — no pullback: pullback-bar low=53.4400 close=53.4500 EMA9=53.2738 (need low≤EMA9 or close within 0.0533)
2026-07-31 09:08:50 DEBUG    app.services.strategy_ema  [S2-freshness][TSLA] CALL cross 1 bars old — within 40-bar window ✓
2026-07-31 09:08:50 DEBUG    app.services.strategy_ema  [S2-freshness][MSFT] CALL cross 7 bars old — within 40-bar window ✓
2026-07-31 09:08:50 DEBUG    app.services.strategy_ema  [S2-pullback][MSFT] CALL — no pullback: pullback-bar low=461.1800 close=461.6100 EMA9=460.0286 (need low≤EMA9 or close within 0.4600)
2026-07-31 09:08:50 DEBUG    app.services.strategy_ema  [S2-pullback][TSLA] CALL — no pullback: pullback-bar low=307.5500 close=307.7581 EMA9=307.2086 (need low≤EMA9 or close within 0.3072)
2026-07-31 09:09:17 INFO     app.services.scheduler  [Primary] [adaptive-band] QQQ → band=0.80% (normal (adaptive off)) | regime=NEUTRAL
2026-07-31 09:09:18 INFO     app.services.scheduler  [vol-ceiling][AAPL] Symbol too hot — true range 409% of its own ATR(14) (max 250%) — post-event whip risk, blocking entry
2026-07-31 09:09:18 INFO     app.services.scheduler  [vol-ceiling][AAPL] Symbol too hot — true range 409% of its own ATR(14) (max 250%) — post-event whip risk, blocking entry
2026-07-31 09:09:18 INFO     app.services.scheduler  [vol-ceiling][AMZN] Symbol too hot — true range 526% of its own ATR(14) (max 250%) — post-event whip risk, blocking entry
2026-07-31 09:09:18 INFO     app.services.strategy  [NVDA] [L1] CALL rejected — price 196.59 is BELOW VWAP 197.35 (wrong side for bullish bounce)
2026-07-31 09:09:19 INFO     app.services.scheduler  [vol-ceiling][AMZN] Symbol too hot — true range 526% of its own ATR(14) (max 250%) — post-event whip risk, blocking entry
2026-07-31 09:09:19 INFO     app.services.strategy_ema  [S2-freshness][GOOGL] No CALL EMA cross found in TODAY's session — trend predates today, blocking
2026-07-31 09:09:19 INFO     app.services.scheduler  [S2][INTC] PUT entries disabled (s2_puts_enabled=0) — skip
2026-07-31 09:09:19 INFO     app.services.strategy  [GOOGL] [L1] CALL rejected — price 352.59 is 1.467% from VWAP 347.49 (band=0.80% — waiting for pullback to VWAP)
2026-07-31 09:09:20 DEBUG    app.services.strategy_ema  [S2-freshness][PLTR] CALL cross 2 bars old — within 40-bar window ✓
2026-07-31 09:09:20 INFO     app.services.strategy  [INTC] [L1] PUT entries disabled (s1_puts_enabled=0) — skip
2026-07-31 09:09:20 INFO     app.services.strategy  [PLTR] [L1] EMA trend 'bullish' not yet confirmed for 2 consecutive bars — skipping
2026-07-31 09:09:20 DEBUG    app.services.strategy_ema  [S2-pullback][PLTR] CALL — no pullback: pullback-bar low=121.8342 close=121.9000 EMA9=121.2706 (need low≤EMA9 or close within 0.1213)
2026-07-31 09:09:20 DEBUG    app.services.strategy_ema  [S2-freshness][NOW] CALL cross 4 bars old — within 40-bar window ✓
2026-07-31 09:09:20 INFO     app.services.strategy  [NOW] [L1] Signal: CALL  price=110.77  vwap=109.99  distance=0.707%  trend=bullish
2026-07-31 09:09:20 INFO     app.services.strategy  [L2] Directional bounce NOT confirmed for CALL — closes not rising. Last closes: [110.86]
2026-07-31 09:09:21 DEBUG    app.services.strategy_ema  [S2-pullback][NOW] CALL — no pullback: pullback-bar low=110.8301 close=110.8700 EMA9=110.4502 (need low≤EMA9 or close within 0.1105)
2026-07-31 09:09:21 INFO     app.services.scheduler  [S2][WMT] Cooldown active — last TRAILING_STOP exit at 15:54 UTC (20-min window)
2026-07-31 09:09:21 INFO     app.services.strategy  [NFLX] [L1] PUT entries disabled (s1_puts_enabled=0) — skip
2026-07-31 09:09:21 INFO     app.services.strategy  [SHOP] [L1] PUT entries disabled (s1_puts_enabled=0) — skip
2026-07-31 09:09:21 INFO     app.services.strategy  [IWM] [L1] PUT entries disabled (s1_puts_enabled=0) — skip
2026-07-31 09:09:22 INFO     app.services.scheduler  [vol-ceiling][COIN] Symbol too hot — true range 270% of its own ATR(14) (max 250%) — post-event whip risk, blocking entry
2026-07-31 09:09:22 INFO     app.services.scheduler  [energy-gate][UBER] Symbol not in play — true range 38% of its own ATR(14) (min 50%) — blocking entry
2026-07-31 09:09:22 INFO     app.services.strategy  [UBER] [L1] EMA trend 'bearish' not yet confirmed for 2 consecutive bars — skipping
2026-07-31 09:09:22 INFO     app.services.scheduler  [WMT] TP cooldown active — last TRAILING_STOP exit at 15:54 UTC (30-min window)
2026-07-31 09:09:22 INFO     app.services.strategy  [CRM] [L1] Signal: CALL  price=182.52  vwap=181.08  distance=0.796%  trend=bullish
2026-07-31 09:09:22 INFO     app.services.strategy  [L2] Directional bounce NOT confirmed for CALL — closes not rising. Last closes: [182.59]
2026-07-31 09:09:23 INFO     app.services.scheduler  [vol-ceiling][COIN] Symbol too hot — true range 270% of its own ATR(14) (max 250%) — post-event whip risk, blocking entry
2026-07-31 09:09:23 INFO     app.services.strategy  [FISV] [L1] PUT entries disabled (s1_puts_enabled=0) — skip
2026-07-31 09:09:23 DEBUG    app.services.strategy_ema  [S2-freshness][FISV] CALL cross 2 bars old — within 40-bar window ✓
2026-07-31 09:09:23 DEBUG    app.services.strategy_ema  [S2-pullback][FISV] CALL — no pullback: pullback-bar low=53.4100 close=53.4250 EMA9=53.2738 (need low≤EMA9 or close within 0.0533)
2026-07-31 09:09:24 INFO     app.services.strategy  [QCOM] [L1] PUT entries disabled (s1_puts_enabled=0) — skip
2026-07-31 09:09:24 INFO     app.services.strategy  [TSLA] [L1] EMA trend 'bullish' not yet confirmed for 2 consecutive bars — skipping
2026-07-31 09:09:24 DEBUG    app.services.strategy_ema  [S2-freshness][TSLA] CALL cross 1 bars old — within 40-bar window ✓
2026-07-31 09:09:24 DEBUG    app.services.strategy_ema  [S2-pullback][TSLA] CALL — no pullback: pullback-bar low=307.5100 close=307.6150 EMA9=307.2086 (need low≤EMA9 or close within 0.3072)
2026-07-31 09:09:25 INFO     app.services.strategy  [MSFT] [L1] CALL rejected — price 461.36 is 0.860% from VWAP 457.43 (band=0.80% — waiting for pullback to VWAP)
2026-07-31 09:09:25 DEBUG    app.services.strategy_ema  [S2-freshness][MSFT] CALL cross 7 bars old — within 40-bar window ✓
2026-07-31 09:09:25 DEBUG    app.services.strategy_ema  [S2-pullback][MSFT] CALL — no pullback: pullback-bar low=461.2500 close=461.4901 EMA9=460.0286 (need low≤EMA9 or close within 0.4600)
2026-07-31 09:09:25 INFO     app.services.strategy  [META] [L1] CALL rejected — price 546.70 is BELOW VWAP 548.55 (wrong side for bullish bounce)
2026-07-31 09:09:47 INFO     app.services.scheduler  [vol-ceiling][AAPL] Symbol too hot — true range 409% of its own ATR(14) (max 250%) — post-event whip risk, blocking entry
2026-07-31 09:09:47 INFO     app.services.scheduler  [vol-ceiling][AMZN] Symbol too hot — true range 526% of its own ATR(14) (max 250%) — post-event whip risk, blocking entry
2026-07-31 09:09:48 INFO     app.services.strategy_ema  [S2-freshness][GOOGL] No CALL EMA cross found in TODAY's session — trend predates today, blocking
2026-07-31 09:09:48 INFO     app.services.scheduler  [S2][INTC] PUT entries disabled (s2_puts_enabled=0) — skip
2026-07-31 09:09:48 DEBUG    app.services.strategy_ema  [S2-freshness][NOW] CALL cross 4 bars old — within 40-bar window ✓
2026-07-31 09:09:48 DEBUG    app.services.strategy_ema  [S2-freshness][PLTR] CALL cross 2 bars old — within 40-bar window ✓
2026-07-31 09:09:48 DEBUG    app.services.strategy_ema  [S2-pullback][PLTR] CALL — no pullback: pullback-bar low=121.8342 close=121.9000 EMA9=121.2706 (need low≤EMA9 or close within 0.1213)
2026-07-31 09:09:48 DEBUG    app.services.strategy_ema  [S2-pullback][NOW] CALL — no pullback: pullback-bar low=110.8301 close=110.8700 EMA9=110.4502 (need low≤EMA9 or close within 0.1105)
2026-07-31 09:09:49 INFO     app.services.scheduler  [energy-gate][UBER] Symbol not in play — true range 38% of its own ATR(14) (min 50%) — blocking entry
2026-07-31 09:09:49 INFO     app.services.scheduler  [S2][WMT] Cooldown active — last TRAILING_STOP exit at 15:54 UTC (20-min window)
2026-07-31 09:09:50 INFO     app.services.scheduler  [vol-ceiling][COIN] Symbol too hot — true range 270% of its own ATR(14) (max 250%) — post-event whip risk, blocking entry
2026-07-31 09:09:50 DEBUG    app.services.strategy_ema  [S2-freshness][FISV] CALL cross 2 bars old — within 40-bar window ✓
2026-07-31 09:09:50 DEBUG    app.services.strategy_ema  [S2-pullback][FISV] CALL — no pullback: pullback-bar low=53.4100 close=53.4250 EMA9=53.2738 (need low≤EMA9 or close within 0.0533)
2026-07-31 09:09:51 DEBUG    app.services.strategy_ema  [S2-freshness][TSLA] CALL cross 1 bars old — within 40-bar window ✓
2026-07-31 09:09:51 DEBUG    app.services.strategy_ema  [S2-pullback][TSLA] CALL — no pullback: pullback-bar low=307.5100 close=307.6150 EMA9=307.2086 (need low≤EMA9 or close within 0.3072)
2026-07-31 09:09:51 DEBUG    app.services.strategy_ema  [S2-freshness][MSFT] CALL cross 7 bars old — within 40-bar window ✓
2026-07-31 09:09:51 DEBUG    app.services.strategy_ema  [S2-pullback][MSFT] CALL — no pullback: pullback-bar low=461.2500 close=461.4901 EMA9=460.0286 (need low≤EMA9 or close within 0.4600)
2026-07-31 09:10:17 INFO     app.services.scheduler  [Primary] [adaptive-band] QQQ → band=0.80% (normal (adaptive off)) | regime=NEUTRAL
2026-07-31 09:10:17 INFO     app.services.strategy_ema  [S2-5m-filter][NVDA] CALL blocked — EMA9=196.4604 EMA21=196.5485 close=196.6500 VWAP=197.3488 EMA9_slope=↑ EMA21_slope=↑
2026-07-31 09:10:18 INFO     app.services.strategy  [NVDA] [L1] CALL rejected — price 196.71 is BELOW VWAP 197.34 (wrong side for bullish bounce)
2026-07-31 09:10:18 INFO     app.services.scheduler  [vol-ceiling][AAPL] Symbol too hot — true range 409% of its own ATR(14) (max 250%) — post-event whip risk, blocking entry
2026-07-31 09:10:18 INFO     app.services.scheduler  [vol-ceiling][AMZN] Symbol too hot — true range 526% of its own ATR(14) (max 250%) — post-event whip risk, blocking entry
2026-07-31 09:10:18 INFO     app.services.scheduler  [vol-ceiling][AMZN] Symbol too hot — true range 526% of its own ATR(14) (max 250%) — post-event whip risk, blocking entry
2026-07-31 09:10:19 INFO     app.services.scheduler  [vol-ceiling][AAPL] Symbol too hot — true range 409% of its own ATR(14) (max 250%) — post-event whip risk, blocking entry
2026-07-31 09:10:19 DEBUG    app.services.strategy_ema  [S2-5m-filter][GOOGL] CALL OK — EMA9=351.1038 > EMA21=349.3739 close=352.5177 > VWAP=347.4219 slopes both↑
2026-07-31 09:10:19 INFO     app.services.strategy_ema  [S2-freshness][GOOGL] No CALL EMA cross found in TODAY's session — trend predates today, blocking
2026-07-31 09:10:20 INFO     app.services.strategy  [INTC] [L1] PUT entries disabled (s1_puts_enabled=0) — skip
2026-07-31 09:10:20 INFO     app.services.strategy_ema  [S2-5m-filter][INTC] CALL blocked — EMA9=92.0736 EMA21=92.3740 close=91.8200 VWAP=93.7897 EMA9_slope=↓ EMA21_slope=↓
2026-07-31 09:10:20 INFO     app.services.scheduler  [S2][INTC] PUT entries disabled (s2_puts_enabled=0) — skip
2026-07-31 09:10:20 INFO     app.services.strategy  [GOOGL] [L1] CALL rejected — price 352.56 is 1.455% from VWAP 347.50 (band=0.80% — waiting for pullback to VWAP)
2026-07-31 09:10:20 INFO     app.services.strategy  [PLTR] [L1] EMA trend 'bullish' not yet confirmed for 2 consecutive bars — skipping
2026-07-31 09:10:20 DEBUG    app.services.strategy_ema  [S2-5m-filter][NOW] CALL OK — EMA9=110.5011 > EMA21=110.1962 close=110.7050 > VWAP=110.0102 slopes both↑
2026-07-31 09:10:20 DEBUG    app.services.strategy_ema  [S2-freshness][NOW] CALL cross 5 bars old — within 40-bar window ✓
2026-07-31 09:10:20 DEBUG    app.services.strategy_ema  [S2-5m-filter][PLTR] CALL OK — EMA9=121.3965 > EMA21=121.1322 close=121.9000 > VWAP=121.2142 slopes both↑
2026-07-31 09:10:20 DEBUG    app.services.strategy_ema  [S2-freshness][PLTR] CALL cross 3 bars old — within 40-bar window ✓
2026-07-31 09:10:20 DEBUG    app.services.strategy_ema  [S2-pullback][PLTR] CALL — no pullback: pullback-bar low=121.8008 close=121.9350 EMA9=121.3965 (need low≤EMA9 or close within 0.1214)
2026-07-31 09:10:21 DEBUG    app.services.strategy_ema  [S2-pullback][NOW] CALL — no pullback: pullback-bar low=110.7900 close=110.8650 EMA9=110.5011 (need low≤EMA9 or close within 0.1105)
2026-07-31 09:10:21 INFO     app.services.strategy_ema  [S2-5m-filter][SHOP] CALL blocked — EMA9=116.8756 EMA21=117.2757 close=117.4200 VWAP=118.2811 EMA9_slope=↑ EMA21_slope=↑
2026-07-31 09:10:21 INFO     app.services.strategy_ema  [S2-5m-filter][NFLX] CALL blocked — EMA9=71.6225 EMA21=71.6700 close=71.6450 VWAP=71.7309 EMA9_slope=↑ EMA21_slope=↓
2026-07-31 09:10:21 INFO     app.services.scheduler  [S2][WMT] Cooldown active — last TRAILING_STOP exit at 15:54 UTC (20-min window)
2026-07-31 09:10:21 INFO     app.services.strategy  [NFLX] [L1] PUT entries disabled (s1_puts_enabled=0) — skip
2026-07-31 09:10:21 INFO     app.services.strategy  [NOW] [L1] Signal: CALL  price=110.70  vwap=110.00  distance=0.640%  trend=bullish
2026-07-31 09:10:21 INFO     app.services.strategy  [L2] Directional bounce NOT confirmed for CALL — closes not rising. Last closes: [110.7]
2026-07-31 09:10:21 INFO     app.services.strategy  [SHOP] [L1] PUT entries disabled (s1_puts_enabled=0) — skip
2026-07-31 09:10:23 INFO     app.services.strategy  [IWM] [L1] PUT entries disabled (s1_puts_enabled=0) — skip
2026-07-31 09:10:23 INFO     app.services.scheduler  [energy-gate][UBER] Symbol not in play — true range 38% of its own ATR(14) (min 50%) — blocking entry
2026-07-31 09:10:23 INFO     app.services.strategy  [CRM] [L1] Signal: CALL  price=182.38  vwap=181.08  distance=0.716%  trend=bullish
2026-07-31 09:10:23 INFO     app.services.strategy  [L2] Directional bounce NOT confirmed for CALL — closes not rising. Last closes: [182.32]
2026-07-31 09:10:23 INFO     app.services.scheduler  [WMT] TP cooldown active — last TRAILING_STOP exit at 15:54 UTC (30-min window)
2026-07-31 09:10:23 INFO     app.services.scheduler  [vol-ceiling][COIN] Symbol too hot — true range 270% of its own ATR(14) (max 250%) — post-event whip risk, blocking entry
2026-07-31 09:10:23 INFO     app.services.strategy_ema  [S2-5m-filter][FIG] CALL blocked — EMA9=24.0430 EMA21=24.0312 close=24.0450 VWAP=24.1710 EMA9_slope=↑ EMA21_slope=↑
2026-07-31 09:10:23 INFO     app.services.strategy  [UBER] [L1] EMA trend 'bearish' not yet confirmed for 2 consecutive bars — skipping
2026-07-31 09:10:24 INFO     app.services.scheduler  [vol-ceiling][COIN] Symbol too hot — true range 270% of its own ATR(14) (max 250%) — post-event whip risk, blocking entry
2026-07-31 09:10:24 INFO     app.services.strategy_ema  [S2-5m-filter][QCOM] CALL blocked — EMA9=148.2878 EMA21=148.4615 close=148.3300 VWAP=148.7120 EMA9_slope=↑ EMA21_slope=↓
2026-07-31 09:10:24 DEBUG    app.services.strategy_ema  [S2-5m-filter][FISV] CALL OK — EMA9=53.2981 > EMA21=53.2292 close=53.3950 > VWAP=53.1660 slopes both↑
2026-07-31 09:10:24 DEBUG    app.services.strategy_ema  [S2-freshness][FISV] CALL cross 3 bars old — within 40-bar window ✓
2026-07-31 09:10:24 DEBUG    app.services.strategy_ema  [S2-5m-filter][TSLA] CALL OK — EMA9=307.3469 > EMA21=307.1498 close=307.9000 > VWAP=307.2037 slopes both↑
2026-07-31 09:10:24 DEBUG    app.services.strategy_ema  [S2-freshness][TSLA] CALL cross 2 bars old — within 40-bar window ✓
2026-07-31 09:10:24 INFO     app.services.strategy  [QCOM] [L1] PUT entries disabled (s1_puts_enabled=0) — skip
2026-07-31 09:10:24 DEBUG    app.services.strategy_ema  [S2-pullback][FISV] CALL — no pullback: pullback-bar low=53.4250 close=53.4450 EMA9=53.2981 (need low≤EMA9 or close within 0.0533)
2026-07-31 09:10:24 INFO     app.services.strategy  [FISV] [L1] PUT entries disabled (s1_puts_enabled=0) — skip
2026-07-31 09:10:25 DEBUG    app.services.strategy_ema  [S2-pullback][TSLA] CALL — no pullback: pullback-bar low=307.5800 close=307.9300 EMA9=307.3469 (need low≤EMA9 or close within 0.3073)
2026-07-31 09:10:25 INFO     app.services.strategy  [TSLA] [L1] EMA trend 'bullish' not yet confirmed for 2 consecutive bars — skipping
2026-07-31 09:10:25 DEBUG    app.services.strategy_ema  [S2-5m-filter][MSFT] CALL OK — EMA9=460.2428 > EMA21=458.4020 close=461.1000 > VWAP=457.6726 slopes both↑
2026-07-31 09:10:25 DEBUG    app.services.strategy_ema  [S2-freshness][MSFT] CALL cross 8 bars old — within 40-bar window ✓
2026-07-31 09:10:25 INFO     app.services.strategy  [MSFT] [L1] CALL rejected — price 461.28 is 0.841% from VWAP 457.43 (band=0.80% — waiting for pullback to VWAP)
2026-07-31 09:10:25 DEBUG    app.services.strategy_ema  [S2-pullback][MSFT] CALL — no pullback: pullback-bar low=461.1500 close=461.3200 EMA9=460.2428 (need low≤EMA9 or close within 0.4602)
2026-07-31 09:10:26 INFO     app.services.strategy_ema  [S2-5m-filter][META] CALL blocked — EMA9=546.0350 EMA21=545.9704 close=546.1750 VWAP=548.4040 EMA9_slope=↑ EMA21_slope=↑
2026-07-31 09:10:26 INFO     app.services.strategy  [META] [L1] CALL rejected — price 546.28 is BELOW VWAP 548.54 (wrong side for bullish bounce)
2026-07-31 09:10:47 INFO     app.services.scheduler  [vol-ceiling][AAPL] Symbol too hot — true range 409% of its own ATR(14) (max 250%) — post-event whip risk, blocking entry
2026-07-31 09:10:47 INFO     app.services.scheduler  [vol-ceiling][AMZN] Symbol too hot — true range 526% of its own ATR(14) (max 250%) — post-event whip risk, blocking entry
2026-07-31 09:10:47 INFO     app.services.scheduler  [S2][INTC] PUT entries disabled (s2_puts_enabled=0) — skip
2026-07-31 09:10:48 DEBUG    app.services.strategy_ema  [S2-freshness][PLTR] CALL cross 3 bars old — within 40-bar window ✓
2026-07-31 09:10:48 INFO     app.services.strategy_ema  [S2-freshness][GOOGL] No CALL EMA cross found in TODAY's session — trend predates today, blocking
2026-07-31 09:10:48 DEBUG    app.services.strategy_ema  [S2-pullback][PLTR] CALL — no pullback: pullback-bar low=121.8008 close=121.9350 EMA9=121.3965 (need low≤EMA9 or close within 0.1214)
2026-07-31 09:10:48 DEBUG    app.services.strategy_ema  [S2-freshness][NOW] CALL cross 5 bars old — within 40-bar window ✓
2026-07-31 09:10:48 DEBUG    app.services.strategy_ema  [S2-pullback][NOW] CALL — no pullback: pullback-bar low=110.7900 close=110.8650 EMA9=110.5011 (need low≤EMA9 or close within 0.1105)
2026-07-31 09:10:48 INFO     app.services.scheduler  [S2][WMT] Cooldown active — last TRAILING_STOP exit at 15:54 UTC (20-min window)
2026-07-31 09:10:48 INFO     app.services.scheduler  [energy-gate][UBER] Symbol not in play — true range 38% of its own ATR(14) (min 50%) — blocking entry
2026-07-31 09:10:49 DEBUG    app.services.strategy_ema  [S2-freshness][FISV] CALL cross 3 bars old — within 40-bar window ✓
2026-07-31 09:10:49 DEBUG    app.services.strategy_ema  [S2-pullback][FISV] CALL — no pullback: pullback-bar low=53.4250 close=53.4450 EMA9=53.2981 (need low≤EMA9 or close within 0.0533)
2026-07-31 09:10:49 INFO     app.services.scheduler  [vol-ceiling][COIN] Symbol too hot — true range 270% of its own ATR(14) (max 250%) — post-event whip risk, blocking entry
2026-07-31 09:10:49 DEBUG    app.services.strategy_ema  [S2-freshness][MSFT] CALL cross 8 bars old — within 40-bar window ✓
2026-07-31 09:10:49 DEBUG    app.services.strategy_ema  [S2-pullback][MSFT] CALL — no pullback: pullback-bar low=461.1500 close=461.3200 EMA9=460.2428 (need low≤EMA9 or close within 0.4602)
2026-07-31 09:10:49 DEBUG    app.services.strategy_ema  [S2-freshness][TSLA] CALL cross 2 bars old — within 40-bar window ✓
2026-07-31 09:10:49 DEBUG    app.services.strategy_ema  [S2-pullback][TSLA] CALL — no pullback: pullback-bar low=307.5800 close=307.9300 EMA9=307.3469 (need low≤EMA9 or close within 0.3073)
2026-07-31 09:11:17 INFO     app.services.scheduler  [Primary] [adaptive-band] QQQ → band=0.80% (normal (adaptive off)) | regime=NEUTRAL
2026-07-31 09:11:18 INFO     app.services.scheduler  [vol-ceiling][AMZN] Symbol too hot — true range 526% of its own ATR(14) (max 250%) — post-event whip risk, blocking entry
2026-07-31 09:11:18 INFO     app.services.scheduler  [vol-ceiling][AMZN] Symbol too hot — true range 526% of its own ATR(14) (max 250%) — post-event whip risk, blocking entry
2026-07-31 09:11:18 INFO     app.services.scheduler  [vol-ceiling][AAPL] Symbol too hot — true range 409% of its own ATR(14) (max 250%) — post-event whip risk, blocking entry
2026-07-31 09:11:18 INFO     app.services.scheduler  [vol-ceiling][AAPL] Symbol too hot — true range 409% of its own ATR(14) (max 250%) — post-event whip risk, blocking entry
2026-07-31 09:11:18 INFO     app.services.strategy  [NVDA] [L1] CALL rejected — price 196.59 is BELOW VWAP 197.34 (wrong side for bullish bounce)
2026-07-31 09:11:19 INFO     app.services.strategy_ema  [S2-freshness][GOOGL] No CALL EMA cross found in TODAY's session — trend predates today, blocking
2026-07-31 09:11:19 INFO     app.services.scheduler  [S2][INTC] PUT entries disabled (s2_puts_enabled=0) — skip
2026-07-31 09:11:19 INFO     app.services.strategy  [GOOGL] [L1] CALL rejected — price 352.78 is 1.515% from VWAP 347.52 (band=0.80% — waiting for pullback to VWAP)
2026-07-31 09:11:19 INFO     app.services.strategy  [INTC] [L1] PUT entries disabled (s1_puts_enabled=0) — skip
2026-07-31 09:11:20 DEBUG    app.services.strategy_ema  [S2-freshness][PLTR] CALL cross 3 bars old — within 40-bar window ✓
2026-07-31 09:11:20 INFO     app.services.strategy  [PLTR] [L1] EMA trend 'bullish' not yet confirmed for 2 consecutive bars — skipping
2026-07-31 09:11:20 DEBUG    app.services.strategy_ema  [S2-freshness][NOW] CALL cross 5 bars old — within 40-bar window ✓
2026-07-31 09:11:20 DEBUG    app.services.strategy_ema  [S2-pullback][PLTR] CALL — no pullback: pullback-bar low=121.9000 close=121.9000 EMA9=121.3965 (need low≤EMA9 or close within 0.1214)
2026-07-31 09:11:20 INFO     app.services.strategy  [NFLX] [L1] PUT entries disabled (s1_puts_enabled=0) — skip
2026-07-31 09:11:20 INFO     app.services.strategy  [NOW] [L1] Signal: CALL  price=110.82  vwap=110.00  distance=0.744%  trend=bullish
2026-07-31 09:11:20 INFO     app.services.scheduler  [NOW] All Layers 1–5 passed: CALL  price=110.82  vwap=110.00
2026-07-31 09:11:21 DEBUG    app.services.strategy_ema  [S2-pullback][NOW] CALL — no pullback: pullback-bar low=110.6801 close=110.7050 EMA9=110.5011 (need low≤EMA9 or close within 0.1105)
2026-07-31 09:11:21 INFO     app.services.scheduler  [S2][WMT] Cooldown active — last TRAILING_STOP exit at 15:54 UTC (20-min window)
2026-07-31 09:11:21 INFO     app.services.scheduler  [NOW] Structural levels: stop_u=109.89 target_u=112.39 R/R=1.69 → option SL=3.26 (−12%) TP=4.44 | stop 0.93 = 2.03×ATR(0.46)
2026-07-31 09:11:21 INFO     app.services.scheduler  [energy-gate][UBER] Symbol not in play — true range 38% of its own ATR(14) (min 50%) — blocking entry
2026-07-31 09:11:21 INFO     app.services.scheduler  [NOW] Limit order 139609949 placed: NOW260807C00111000 x1 @ $3.70 (ask $3.80, saving $0.10/contract)
2026-07-31 09:11:21 INFO     app.services.strategy  [IWM] [L1] PUT entries disabled (s1_puts_enabled=0) — skip
2026-07-31 09:11:21 INFO     app.services.strategy  [SHOP] [L1] PUT entries disabled (s1_puts_enabled=0) — skip
2026-07-31 09:11:22 INFO     app.services.strategy  [UBER] [L1] EMA trend 'bearish' not yet confirmed for 2 consecutive bars — skipping
2026-07-31 09:11:22 INFO     app.services.strategy  [CRM] [L1] Signal: CALL  price=182.45  vwap=181.09  distance=0.750%  trend=bullish
2026-07-31 09:11:22 INFO     app.services.scheduler  [CRM] All Layers 1–5 passed: CALL  price=182.45  vwap=181.09
2026-07-31 09:11:22 DEBUG    app.services.strategy_ema  [S2-freshness][FISV] CALL cross 3 bars old — within 40-bar window ✓
2026-07-31 09:11:22 INFO     app.services.scheduler  [CRM] Structural gate blocked CALL entry — reward/risk 0.33 < 1.20 (stop 1.54 vs target 0.50 in underlying)
2026-07-31 09:11:22 INFO     app.services.scheduler  [WMT] TP cooldown active — last TRAILING_STOP exit at 15:54 UTC (30-min window)
2026-07-31 09:11:22 DEBUG    app.services.strategy_ema  [S2-pullback][FISV] CALL — no pullback: pullback-bar low=53.3900 close=53.3950 EMA9=53.2981 (need low≤EMA9 or close within 0.0533)
2026-07-31 09:11:22 INFO     app.services.strategy  [FISV] [L1] PUT entries disabled (s1_puts_enabled=0) — skip
2026-07-31 09:11:22 INFO     app.services.scheduler  [vol-ceiling][COIN] Symbol too hot — true range 270% of its own ATR(14) (max 250%) — post-event whip risk, blocking entry
2026-07-31 09:11:23 DEBUG    app.services.strategy_ema  [S2-freshness][TSLA] CALL cross 2 bars old — within 40-bar window ✓
2026-07-31 09:11:23 INFO     app.services.scheduler  [vol-ceiling][COIN] Symbol too hot — true range 270% of its own ATR(14) (max 250%) — post-event whip risk, blocking entry
2026-07-31 09:11:23 INFO     app.services.strategy  [QCOM] [L1] PUT entries disabled (s1_puts_enabled=0) — skip
2026-07-31 09:11:23 INFO     app.services.strategy  [TSLA] [L1] EMA trend 'bullish' not yet confirmed for 2 consecutive bars — skipping
2026-07-31 09:11:23 DEBUG    app.services.strategy_ema  [S2-pullback][TSLA] CALL — no pullback: pullback-bar low=307.8100 close=307.9000 EMA9=307.3469 (need low≤EMA9 or close within 0.3073)
2026-07-31 09:11:23 DEBUG    app.services.strategy_ema  [S2-freshness][MSFT] CALL cross 8 bars old — within 40-bar window ✓
2026-07-31 09:11:23 DEBUG    app.services.strategy_ema  [S2-pullback][MSFT] CALL — no pullback: pullback-bar low=461.0400 close=461.1000 EMA9=460.2428 (need low≤EMA9 or close within 0.4602)
2026-07-31 09:11:23 INFO     app.services.strategy  [MSFT] [L1] CALL rejected — price 462.24 is 1.046% from VWAP 457.45 (band=0.80% — waiting for pullback to VWAP)
2026-07-31 09:11:24 INFO     app.services.strategy  [META] [L1] CALL rejected — price 547.07 is BELOW VWAP 548.54 (wrong side for bullish bounce)
2026-07-31 09:11:30 INFO     app.services.scheduler  [Primary] [NOW] Trade OPENED: CALL NOW260807C00111000 x1 @ $3.70  SL=3.26  TP=4.44  (premium $370, risk-at-stop $44)
2026-07-31 09:11:30 INFO     app.services.scheduler  [NOW] Broker disaster stop placed: order 139610065 @ $3.06 (bot stop $3.26 − 6% buffer)
2026-07-31 09:11:30 INFO     app.services.scheduler  [NOW] Broker TP skipped — resting disaster stop 139610065 already reserves the contracts (bot-side TP remains active)
2026-07-31 09:11:48 INFO     app.services.scheduler  [vol-ceiling][AAPL] Symbol too hot — true range 409% of its own ATR(14) (max 250%) — post-event whip risk, blocking entry
2026-07-31 09:11:49 INFO     app.services.scheduler  [vol-ceiling][AMZN] Symbol too hot — true range 526% of its own ATR(14) (max 250%) — post-event whip risk, blocking entry
2026-07-31 09:11:50 INFO     app.services.scheduler  [S2][INTC] PUT entries disabled (s2_puts_enabled=0) — skip
2026-07-31 09:11:50 DEBUG    app.services.strategy_ema  [S2-freshness][PLTR] CALL cross 3 bars old — within 40-bar window ✓
2026-07-31 09:11:50 DEBUG    app.services.strategy_ema  [S2-pullback][PLTR] CALL — no pullback: pullback-bar low=121.9000 close=121.9000 EMA9=121.3965 (need low≤EMA9 or close within 0.1214)
2026-07-31 09:11:51 INFO     app.services.strategy_ema  [S2-freshness][GOOGL] No CALL EMA cross found in TODAY's session — trend predates today, blocking
2026-07-31 09:11:51 INFO     app.services.scheduler  [S2][WMT] Cooldown active — last TRAILING_STOP exit at 15:54 UTC (20-min window)
2026-07-31 09:11:51 INFO     app.services.scheduler  [energy-gate][UBER] Symbol not in play — true range 38% of its own ATR(14) (min 50%) — blocking entry
2026-07-31 09:11:52 INFO     app.services.scheduler  [vol-ceiling][COIN] Symbol too hot — true range 270% of its own ATR(14) (max 250%) — post-event whip risk, blocking entry
2026-07-31 09:11:52 DEBUG    app.services.strategy_ema  [S2-freshness][FISV] CALL cross 3 bars old — within 40-bar window ✓
2026-07-31 09:11:52 DEBUG    app.services.strategy_ema  [S2-pullback][FISV] CALL — no pullback: pullback-bar low=53.3900 close=53.3950 EMA9=53.2981 (need low≤EMA9 or close within 0.0533)
2026-07-31 09:11:53 DEBUG    app.services.strategy_ema  [S2-freshness][TSLA] CALL cross 2 bars old — within 40-bar window ✓
2026-07-31 09:11:53 DEBUG    app.services.strategy_ema  [S2-pullback][TSLA] CALL — no pullback: pullback-bar low=307.8100 close=307.9000 EMA9=307.3469 (need low≤EMA9 or close within 0.3073)
2026-07-31 09:11:53 DEBUG    app.services.strategy_ema  [S2-freshness][MSFT] CALL cross 8 bars old — within 40-bar window ✓
2026-07-31 09:11:53 DEBUG    app.services.strategy_ema  [S2-pullback][MSFT] CALL — no pullback: pullback-bar low=461.0400 close=461.1000 EMA9=460.2428 (need low≤EMA9 or close within 0.4602)
2026-07-31 09:12:17 INFO     app.services.scheduler  [Primary] [adaptive-band] QQQ → band=0.80% (normal (adaptive off)) | regime=NEUTRAL
2026-07-31 09:12:17 INFO     app.services.scheduler  [vol-ceiling][AAPL] Symbol too hot — true range 409% of its own ATR(14) (max 250%) — post-event whip risk, blocking entry
2026-07-31 09:12:17 INFO     app.services.scheduler  [vol-ceiling][AMZN] Symbol too hot — true range 526% of its own ATR(14) (max 250%) — post-event whip risk, blocking entry
2026-07-31 09:12:17 INFO     app.services.scheduler  [vol-ceiling][AAPL] Symbol too hot — true range 409% of its own ATR(14) (max 250%) — post-event whip risk, blocking entry
2026-07-31 09:12:18 INFO     app.services.scheduler  [vol-ceiling][AMZN] Symbol too hot — true range 526% of its own ATR(14) (max 250%) — post-event whip risk, blocking entry
2026-07-31 09:12:18 INFO     app.services.strategy  [NVDA] [L1] CALL rejected — price 196.70 is BELOW VWAP 197.34 (wrong side for bullish bounce)
2026-07-31 09:12:18 INFO     app.services.strategy_ema  [S2-freshness][GOOGL] No CALL EMA cross found in TODAY's session — trend predates today, blocking
2026-07-31 09:12:18 INFO     app.services.scheduler  [S2][INTC] PUT entries disabled (s2_puts_enabled=0) — skip
2026-07-31 09:12:18 DEBUG    app.services.strategy_ema  [S2-freshness][PLTR] CALL cross 3 bars old — within 40-bar window ✓
2026-07-31 09:12:19 DEBUG    app.services.strategy_ema  [S2-pullback][PLTR] CALL — no pullback: pullback-bar low=121.8700 close=121.9300 EMA9=121.3965 (need low≤EMA9 or close within 0.1214)
2026-07-31 09:12:19 INFO     app.services.strategy  [PLTR] [L1] EMA trend 'bullish' not yet confirmed for 2 consecutive bars — skipping
2026-07-31 09:12:19 INFO     app.services.strategy  [GOOGL] [L1] CALL rejected — price 352.55 is 1.444% from VWAP 347.53 (band=0.80% — waiting for pullback to VWAP)
2026-07-31 09:12:19 INFO     app.services.strategy  [INTC] [L1] PUT entries disabled (s1_puts_enabled=0) — skip
2026-07-31 09:12:20 INFO     app.services.scheduler  [S2][WMT] Cooldown active — last TRAILING_STOP exit at 15:54 UTC (20-min window)
2026-07-31 09:12:20 INFO     app.services.scheduler  [energy-gate][UBER] Symbol not in play — true range 38% of its own ATR(14) (min 50%) — blocking entry
2026-07-31 09:12:20 INFO     app.services.strategy  [SHOP] [L1] PUT entries disabled (s1_puts_enabled=0) — skip
2026-07-31 09:12:20 INFO     app.services.strategy  [NFLX] [L1] PUT entries disabled (s1_puts_enabled=0) — skip
2026-07-31 09:12:21 INFO     app.services.scheduler  [vol-ceiling][COIN] Symbol too hot — true range 270% of its own ATR(14) (max 250%) — post-event whip risk, blocking entry
2026-07-31 09:12:21 INFO     app.services.strategy  [IWM] [L1] PUT entries disabled (s1_puts_enabled=0) — skip
2026-07-31 09:12:21 INFO     app.services.strategy  [UBER] [L1] EMA trend 'bearish' not yet confirmed for 2 consecutive bars — skipping
2026-07-31 09:12:21 INFO     app.services.scheduler  [WMT] TP cooldown active — last TRAILING_STOP exit at 15:54 UTC (30-min window)
2026-07-31 09:12:21 INFO     app.services.scheduler  [vol-ceiling][COIN] Symbol too hot — true range 270% of its own ATR(14) (max 250%) — post-event whip risk, blocking entry
2026-07-31 09:12:21 INFO     app.services.strategy  [CRM] [L1] Signal: CALL  price=182.35  vwap=181.09  distance=0.696%  trend=bullish
2026-07-31 09:12:21 INFO     app.services.strategy  [L2] Directional bounce NOT confirmed for CALL — closes not rising. Last closes: [182.45]
2026-07-31 09:12:22 DEBUG    app.services.strategy_ema  [S2-freshness][FISV] CALL cross 3 bars old — within 40-bar window ✓
2026-07-31 09:12:22 DEBUG    app.services.strategy_ema  [S2-pullback][FISV] CALL — no pullback: pullback-bar low=53.4000 close=53.4500 EMA9=53.2981 (need low≤EMA9 or close within 0.0533)
2026-07-31 09:12:22 INFO     app.services.strategy  [QCOM] [L1] PUT entries disabled (s1_puts_enabled=0) — skip
2026-07-31 09:12:23 DEBUG    app.services.strategy_ema  [S2-freshness][TSLA] CALL cross 2 bars old — within 40-bar window ✓
2026-07-31 09:12:23 INFO     app.services.strategy  [TSLA] [L1] EMA trend 'bullish' not yet confirmed for 2 consecutive bars — skipping
2026-07-31 09:12:23 DEBUG    app.services.strategy_ema  [S2-pullback][TSLA] CALL — no pullback: pullback-bar low=307.8000 close=307.9750 EMA9=307.3469 (need low≤EMA9 or close within 0.3073)
2026-07-31 09:12:23 DEBUG    app.services.strategy_ema  [S2-freshness][MSFT] CALL cross 8 bars old — within 40-bar window ✓
2026-07-31 09:12:23 INFO     app.services.strategy  [MSFT] [L1] CALL rejected — price 461.87 is 0.962% from VWAP 457.46 (band=0.80% — waiting for pullback to VWAP)
2026-07-31 09:12:23 DEBUG    app.services.strategy_ema  [S2-pullback][MSFT] CALL — no pullback: pullback-bar low=461.0300 close=461.9000 EMA9=460.2428 (need low≤EMA9 or close within 0.4602)
2026-07-31 09:12:23 INFO     app.services.strategy  [FISV] [L1] PUT entries disabled (s1_puts_enabled=0) — skip
2026-07-31 09:12:24 INFO     app.services.strategy  [META] [L1] CALL rejected — price 546.59 is BELOW VWAP 548.54 (wrong side for bullish bounce)
2026-07-31 09:12:47 INFO     app.services.scheduler  [vol-ceiling][AMZN] Symbol too hot — true range 526% of its own ATR(14) (max 250%) — post-event whip risk, blocking entry
2026-07-31 09:12:47 INFO     app.services.scheduler  [vol-ceiling][AAPL] Symbol too hot — true range 409% of its own ATR(14) (max 250%) — post-event whip risk, blocking entry
2026-07-31 09:12:48 INFO     app.services.scheduler  [S2][INTC] PUT entries disabled (s2_puts_enabled=0) — skip
2026-07-31 09:12:48 INFO     app.services.strategy_ema  [S2-freshness][GOOGL] No CALL EMA cross found in TODAY's session — trend predates today, blocking
2026-07-31 09:12:48 DEBUG    app.services.strategy_ema  [S2-freshness][PLTR] CALL cross 3 bars old — within 40-bar window ✓
2026-07-31 09:12:48 DEBUG    app.services.strategy_ema  [S2-pullback][PLTR] CALL — no pullback: pullback-bar low=121.8700 close=121.9300 EMA9=121.3965 (need low≤EMA9 or close within 0.1214)
2026-07-31 09:12:48 INFO     app.services.scheduler  [S2][WMT] Cooldown active — last TRAILING_STOP exit at 15:54 UTC (20-min window)
2026-07-31 09:12:48 INFO     app.services.scheduler  [energy-gate][UBER] Symbol not in play — true range 38% of its own ATR(14) (min 50%) — blocking entry
2026-07-31 09:12:49 INFO     app.services.scheduler  [vol-ceiling][COIN] Symbol too hot — true range 270% of its own ATR(14) (max 250%) — post-event whip risk, blocking entry
2026-07-31 09:12:49 DEBUG    app.services.strategy_ema  [S2-freshness][FISV] CALL cross 3 bars old — within 40-bar window ✓
2026-07-31 09:12:49 DEBUG    app.services.strategy_ema  [S2-pullback][FISV] CALL — no pullback: pullback-bar low=53.4000 close=53.4500 EMA9=53.2981 (need low≤EMA9 or close within 0.0533)
2026-07-31 09:12:49 DEBUG    app.services.strategy_ema  [S2-freshness][MSFT] CALL cross 8 bars old — within 40-bar window ✓
2026-07-31 09:12:49 DEBUG    app.services.strategy_ema  [S2-freshness][TSLA] CALL cross 2 bars old — within 40-bar window ✓
2026-07-31 09:12:49 DEBUG    app.services.strategy_ema  [S2-pullback][MSFT] CALL — no pullback: pullback-bar low=461.0300 close=461.9000 EMA9=460.2428 (need low≤EMA9 or close within 0.4602)
2026-07-31 09:12:49 DEBUG    app.services.strategy_ema  [S2-pullback][TSLA] CALL — no pullback: pullback-bar low=307.8000 close=307.9750 EMA9=307.3469 (need low≤EMA9 or close within 0.3073)
2026-07-31 09:13:17 INFO     app.services.scheduler  [Primary] [adaptive-band] QQQ → band=0.80% (normal (adaptive off)) | regime=NEUTRAL
2026-07-31 09:13:17 INFO     app.services.scheduler  [vol-ceiling][AMZN] Symbol too hot — true range 526% of its own ATR(14) (max 250%) — post-event whip risk, blocking entry
2026-07-31 09:13:18 INFO     app.services.scheduler  [vol-ceiling][AMZN] Symbol too hot — true range 526% of its own ATR(14) (max 250%) — post-event whip risk, blocking entry
2026-07-31 09:13:18 INFO     app.services.scheduler  [vol-ceiling][AAPL] Symbol too hot — true range 409% of its own ATR(14) (max 250%) — post-event whip risk, blocking entry
2026-07-31 09:13:18 INFO     app.services.strategy  [NVDA] [L1] CALL rejected — price 196.63 is BELOW VWAP 197.34 (wrong side for bullish bounce)
2026-07-31 09:13:18 INFO     app.services.scheduler  [vol-ceiling][AAPL] Symbol too hot — true range 409% of its own ATR(14) (max 250%) — post-event whip risk, blocking entry
2026-07-31 09:13:18 INFO     app.services.strategy_ema  [S2-freshness][GOOGL] No CALL EMA cross found in TODAY's session — trend predates today, blocking
2026-07-31 09:13:19 INFO     app.services.strategy  [GOOGL] [L1] CALL rejected — price 352.80 is 1.516% from VWAP 347.53 (band=0.80% — waiting for pullback to VWAP)
2026-07-31 09:13:19 INFO     app.services.strategy  [PLTR] [L1] EMA trend 'bullish' not yet confirmed for 2 consecutive bars — skipping
2026-07-31 09:13:19 INFO     app.services.scheduler  [S2][INTC] PUT entries disabled (s2_puts_enabled=0) — skip
2026-07-31 09:13:19 INFO     app.services.strategy  [INTC] [L1] PUT entries disabled (s1_puts_enabled=0) — skip
2026-07-31 09:13:19 DEBUG    app.services.strategy_ema  [S2-freshness][PLTR] CALL cross 3 bars old — within 40-bar window ✓
2026-07-31 09:13:19 DEBUG    app.services.strategy_ema  [S2-pullback][PLTR] CALL — no pullback: pullback-bar low=121.9100 close=121.9600 EMA9=121.3965 (need low≤EMA9 or close within 0.1214)
2026-07-31 09:13:20 INFO     app.services.strategy  [NFLX] [L1] PUT entries disabled (s1_puts_enabled=0) — skip
2026-07-31 09:13:20 INFO     app.services.scheduler  [S2][WMT] Cooldown active — last TRAILING_STOP exit at 15:54 UTC (20-min window)
2026-07-31 09:13:20 INFO     app.services.strategy  [SHOP] [L1] PUT entries disabled (s1_puts_enabled=0) — skip
2026-07-31 09:13:20 INFO     app.services.scheduler  [energy-gate][UBER] Symbol not in play — true range 38% of its own ATR(14) (min 50%) — blocking entry
2026-07-31 09:13:21 INFO     app.services.strategy  [CRM] [L1] Signal: CALL  price=182.32  vwap=181.09  distance=0.679%  trend=bullish
2026-07-31 09:13:21 INFO     app.services.strategy  [L2] Directional bounce NOT confirmed for CALL — closes not rising. Last closes: [182.3]
2026-07-31 09:13:21 INFO     app.services.strategy  [IWM] [L1] PUT entries disabled (s1_puts_enabled=0) — skip
2026-07-31 09:13:21 INFO     app.services.scheduler  [WMT] TP cooldown active — last TRAILING_STOP exit at 15:54 UTC (30-min window)
2026-07-31 09:13:21 INFO     app.services.scheduler  [vol-ceiling][COIN] Symbol too hot — true range 270% of its own ATR(14) (max 250%) — post-event whip risk, blocking entry
2026-07-31 09:13:22 INFO     app.services.scheduler  [vol-ceiling][COIN] Symbol too hot — true range 270% of its own ATR(14) (max 250%) — post-event whip risk, blocking entry
2026-07-31 09:13:22 DEBUG    app.services.strategy_ema  [S2-freshness][FISV] CALL cross 3 bars old — within 40-bar window ✓
2026-07-31 09:13:22 INFO     app.services.strategy  [FISV] [L1] PUT entries disabled (s1_puts_enabled=0) — skip
2026-07-31 09:13:22 DEBUG    app.services.strategy_ema  [S2-pullback][FISV] CALL — no pullback: pullback-bar low=53.4500 close=53.4600 EMA9=53.2981 (need low≤EMA9 or close within 0.0533)
2026-07-31 09:13:22 INFO     app.services.strategy  [UBER] [L1] EMA trend 'bearish' not yet confirmed for 2 consecutive bars — skipping
2026-07-31 09:13:23 DEBUG    app.services.strategy_ema  [S2-freshness][TSLA] CALL cross 2 bars old — within 40-bar window ✓
2026-07-31 09:13:23 INFO     app.services.strategy  [QCOM] [L1] PUT entries disabled (s1_puts_enabled=0) — skip
2026-07-31 09:13:23 DEBUG    app.services.strategy_ema  [S2-freshness][MSFT] CALL cross 8 bars old — within 40-bar window ✓
2026-07-31 09:13:23 INFO     app.services.strategy  [TSLA] [L1] EMA trend 'bullish' not yet confirmed for 2 consecutive bars — skipping
2026-07-31 09:13:23 DEBUG    app.services.strategy_ema  [S2-pullback][TSLA] CALL — no pullback: pullback-bar low=307.8400 close=308.1900 EMA9=307.3469 (need low≤EMA9 or close within 0.3073)
2026-07-31 09:13:23 DEBUG    app.services.strategy_ema  [S2-pullback][MSFT] CALL — no pullback: pullback-bar low=461.7600 close=461.9600 EMA9=460.2428 (need low≤EMA9 or close within 0.4602)
2026-07-31 09:13:23 INFO     app.services.strategy  [MSFT] [L1] CALL rejected — price 462.16 is 1.024% from VWAP 457.48 (band=0.80% — waiting for pullback to VWAP)
2026-07-31 09:13:24 INFO     app.services.strategy  [META] [L1] CALL rejected — price 546.92 is BELOW VWAP 548.53 (wrong side for bullish bounce)
2026-07-31 09:13:48 INFO     app.services.scheduler  [vol-ceiling][AAPL] Symbol too hot — true range 409% of its own ATR(14) (max 250%) — post-event whip risk, blocking entry
2026-07-31 09:13:48 INFO     app.services.scheduler  [vol-ceiling][AMZN] Symbol too hot — true range 526% of its own ATR(14) (max 250%) — post-event whip risk, blocking entry
2026-07-31 09:13:48 INFO     app.services.strategy_ema  [S2-freshness][GOOGL] No CALL EMA cross found in TODAY's session — trend predates today, blocking
2026-07-31 09:13:49 INFO     app.services.scheduler  [S2][INTC] PUT entries disabled (s2_puts_enabled=0) — skip
2026-07-31 09:13:49 DEBUG    app.services.strategy_ema  [S2-freshness][PLTR] CALL cross 3 bars old — within 40-bar window ✓
2026-07-31 09:13:49 DEBUG    app.services.strategy_ema  [S2-pullback][PLTR] CALL — no pullback: pullback-bar low=121.9100 close=121.9600 EMA9=121.3965 (need low≤EMA9 or close within 0.1214)
2026-07-31 09:13:49 INFO     app.services.scheduler  [S2][WMT] Cooldown active — last TRAILING_STOP exit at 15:54 UTC (20-min window)
2026-07-31 09:13:49 INFO     app.services.scheduler  [energy-gate][UBER] Symbol not in play — true range 38% of its own ATR(14) (min 50%) — blocking entry
2026-07-31 09:13:49 INFO     app.services.scheduler  [vol-ceiling][COIN] Symbol too hot — true range 270% of its own ATR(14) (max 250%) — post-event whip risk, blocking entry
2026-07-31 09:13:50 DEBUG    app.services.strategy_ema  [S2-freshness][FISV] CALL cross 3 bars old — within 40-bar window ✓
2026-07-31 09:13:50 DEBUG    app.services.strategy_ema  [S2-pullback][FISV] CALL — no pullback: pullback-bar low=53.4500 close=53.4600 EMA9=53.2981 (need low≤EMA9 or close within 0.0533)
2026-07-31 09:13:50 DEBUG    app.services.strategy_ema  [S2-freshness][TSLA] CALL cross 2 bars old — within 40-bar window ✓
2026-07-31 09:13:51 DEBUG    app.services.strategy_ema  [S2-freshness][MSFT] CALL cross 8 bars old — within 40-bar window ✓
2026-07-31 09:13:51 DEBUG    app.services.strategy_ema  [S2-pullback][TSLA] CALL — no pullback: pullback-bar low=307.8400 close=308.1900 EMA9=307.3469 (need low≤EMA9 or close within 0.3073)
2026-07-31 09:13:51 DEBUG    app.services.strategy_ema  [S2-pullback][MSFT] CALL — no pullback: pullback-bar low=461.7600 close=461.9600 EMA9=460.2428 (need low≤EMA9 or close within 0.4602)
2026-07-31 09:14:17 INFO     app.services.scheduler  [Primary] [adaptive-band] QQQ → band=0.80% (normal (adaptive off)) | regime=NEUTRAL
2026-07-31 09:14:17 INFO     app.services.scheduler  [vol-ceiling][AMZN] Symbol too hot — true range 526% of its own ATR(14) (max 250%) — post-event whip risk, blocking entry
2026-07-31 09:14:17 INFO     app.services.scheduler  [vol-ceiling][AAPL] Symbol too hot — true range 409% of its own ATR(14) (max 250%) — post-event whip risk, blocking entry
2026-07-31 09:14:17 INFO     app.services.strategy  [NVDA] [L1] CALL rejected — price 196.63 is BELOW VWAP 197.34 (wrong side for bullish bounce)
2026-07-31 09:14:18 INFO     app.services.scheduler  [vol-ceiling][AMZN] Symbol too hot — true range 526% of its own ATR(14) (max 250%) — post-event whip risk, blocking entry
2026-07-31 09:14:18 INFO     app.services.scheduler  [vol-ceiling][AAPL] Symbol too hot — true range 409% of its own ATR(14) (max 250%) — post-event whip risk, blocking entry
2026-07-31 09:14:18 INFO     app.services.strategy_ema  [S2-freshness][GOOGL] No CALL EMA cross found in TODAY's session — trend predates today, blocking
2026-07-31 09:14:19 INFO     app.services.scheduler  [S2][INTC] PUT entries disabled (s2_puts_enabled=0) — skip
2026-07-31 09:14:19 DEBUG    app.services.strategy_ema  [S2-freshness][PLTR] CALL cross 3 bars old — within 40-bar window ✓
2026-07-31 09:14:19 INFO     app.services.strategy  [INTC] [L1] PUT entries disabled (s1_puts_enabled=0) — skip
2026-07-31 09:14:19 INFO     app.services.strategy  [PLTR] [L1] EMA trend 'bullish' not yet confirmed for 2 consecutive bars — skipping
2026-07-31 09:14:20 DEBUG    app.services.strategy_ema  [S2-pullback][PLTR] CALL — no pullback: pullback-bar low=121.8301 close=121.9300 EMA9=121.3965 (need low≤EMA9 or close within 0.1214)
2026-07-31 09:14:20 INFO     app.services.strategy  [GOOGL] [L1] CALL rejected — price 352.83 is 1.522% from VWAP 347.54 (band=0.80% — waiting for pullback to VWAP)
2026-07-31 09:14:20 INFO     app.services.strategy  [NFLX] [L1] PUT entries disabled (s1_puts_enabled=0) — skip
2026-07-31 09:14:21 INFO     app.services.scheduler  [S2][WMT] Cooldown active — last TRAILING_STOP exit at 15:54 UTC (20-min window)
2026-07-31 09:14:21 INFO     app.services.strategy  [SHOP] [L1] PUT entries disabled (s1_puts_enabled=0) — skip
2026-07-31 09:14:21 INFO     app.services.scheduler  [vol-ceiling][COIN] Symbol too hot — true range 270% of its own ATR(14) (max 250%) — post-event whip risk, blocking entry
2026-07-31 09:14:21 INFO     app.services.strategy  [IWM] [L1] PUT entries disabled (s1_puts_enabled=0) — skip
2026-07-31 09:14:22 INFO     app.services.strategy  [CRM] [L1] Signal: CALL  price=182.29  vwap=181.10  distance=0.662%  trend=bullish
2026-07-31 09:14:22 INFO     app.services.scheduler  [CRM] All Layers 1–5 passed: CALL  price=182.29  vwap=181.10
2026-07-31 09:14:22 INFO     app.services.scheduler  [energy-gate][UBER] Symbol not in play — true range 38% of its own ATR(14) (min 50%) — blocking entry
2026-07-31 09:14:22 INFO     app.services.scheduler  [vol-ceiling][COIN] Symbol too hot — true range 270% of its own ATR(14) (max 250%) — post-event whip risk, blocking entry
2026-07-31 09:14:22 INFO     app.services.scheduler  [WMT] TP cooldown active — last TRAILING_STOP exit at 15:54 UTC (30-min window)
2026-07-31 09:14:22 INFO     app.services.strategy  [UBER] [L1] EMA trend 'bearish' not yet confirmed for 2 consecutive bars — skipping
2026-07-31 09:14:23 INFO     app.services.scheduler  [CRM] Structural gate blocked CALL entry — reward/risk 0.47 < 1.20 (stop 1.38 vs target 0.66 in underlying)
2026-07-31 09:14:23 DEBUG    app.services.strategy_ema  [S2-freshness][FISV] CALL cross 3 bars old — within 40-bar window ✓
2026-07-31 09:14:23 DEBUG    app.services.strategy_ema  [S2-freshness][TSLA] CALL cross 2 bars old — within 40-bar window ✓
2026-07-31 09:14:23 INFO     app.services.strategy  [FISV] [L1] PUT entries disabled (s1_puts_enabled=0) — skip
2026-07-31 09:14:23 DEBUG    app.services.strategy_ema  [S2-pullback][FISV] CALL — no pullback: pullback-bar low=53.3500 close=53.3600 EMA9=53.2981 (need low≤EMA9 or close within 0.0533)
2026-07-31 09:14:24 DEBUG    app.services.strategy_ema  [S2-pullback][TSLA] CALL — no pullback: pullback-bar low=307.9201 close=308.0450 EMA9=307.3469 (need low≤EMA9 or close within 0.3073)
2026-07-31 09:14:24 INFO     app.services.strategy  [MSFT] [L1] CALL rejected — price 462.60 is 1.117% from VWAP 457.49 (band=0.80% — waiting for pullback to VWAP)
2026-07-31 09:14:24 INFO     app.services.strategy  [TSLA] [L1] EMA trend 'bullish' not yet confirmed for 2 consecutive bars — skipping
2026-07-31 09:14:25 INFO     app.services.strategy  [QCOM] [L1] PUT entries disabled (s1_puts_enabled=0) — skip
2026-07-31 09:14:25 DEBUG    app.services.strategy_ema  [S2-freshness][MSFT] CALL cross 8 bars old — within 40-bar window ✓
2026-07-31 09:14:25 DEBUG    app.services.strategy_ema  [S2-pullback][MSFT] CALL — no pullback: pullback-bar low=461.6400 close=461.9303 EMA9=460.2428 (need low≤EMA9 or close within 0.4602)
2026-07-31 09:14:25 INFO     app.services.strategy  [META] [L1] CALL rejected — price 547.77 is BELOW VWAP 548.53 (wrong side for bullish bounce)
2026-07-31 09:14:47 INFO     app.services.scheduler  [vol-ceiling][AAPL] Symbol too hot — true range 409% of its own ATR(14) (max 250%) — post-event whip risk, blocking entry
2026-07-31 09:14:47 INFO     app.services.strategy_ema  [S2-freshness][GOOGL] No CALL EMA cross found in TODAY's session — trend predates today, blocking
2026-07-31 09:14:48 INFO     app.services.scheduler  [S2][INTC] PUT entries disabled (s2_puts_enabled=0) — skip
2026-07-31 09:14:48 INFO     app.services.scheduler  [vol-ceiling][AMZN] Symbol too hot — true range 526% of its own ATR(14) (max 250%) — post-event whip risk, blocking entry
2026-07-31 09:14:48 DEBUG    app.services.strategy_ema  [S2-freshness][PLTR] CALL cross 3 bars old — within 40-bar window ✓
2026-07-31 09:14:48 DEBUG    app.services.strategy_ema  [S2-pullback][PLTR] CALL — no pullback: pullback-bar low=121.8301 close=121.9300 EMA9=121.3965 (need low≤EMA9 or close within 0.1214)
2026-07-31 09:14:48 INFO     app.services.scheduler  [vol-ceiling][COIN] Symbol too hot — true range 270% of its own ATR(14) (max 250%) — post-event whip risk, blocking entry
2026-07-31 09:14:48 DEBUG    app.services.strategy_ema  [S2-5m-filter][WMT] CALL OK — EMA9=111.5160 > EMA21=111.4173 close=111.5700 > VWAP=111.1508 slopes both↑
2026-07-31 09:14:48 DEBUG    app.services.strategy_ema  [S2-freshness][WMT] CALL cross 27 bars old — within 40-bar window ✓
2026-07-31 09:14:48 INFO     app.services.strategy_ema  [S2-pullback][WMT] CALL pullback ✓ — pullback-bar low=111.5350 close=111.5450 EMA9=111.5160
2026-07-31 09:14:48 INFO     app.services.strategy_ema  [S2-confirm][WMT] CALL confirmed ✓ — close=111.6200 > prev_high=111.6000 > ema9=111.5160
2026-07-31 09:14:48 INFO     app.services.strategy_ema  [S2-volume][WMT] Volume below threshold — current=13122 < 80% of avg=23392 (20-bar) — skipping (thin order flow)
2026-07-31 09:14:49 INFO     app.services.scheduler  [energy-gate][UBER] Symbol not in play — true range 38% of its own ATR(14) (min 50%) — blocking entry
2026-07-31 09:14:49 DEBUG    app.services.strategy_ema  [S2-freshness][FISV] CALL cross 3 bars old — within 40-bar window ✓
2026-07-31 09:14:49 DEBUG    app.services.strategy_ema  [S2-freshness][TSLA] CALL cross 2 bars old — within 40-bar window ✓
2026-07-31 09:14:49 DEBUG    app.services.strategy_ema  [S2-pullback][TSLA] CALL — no pullback: pullback-bar low=307.9201 close=308.0450 EMA9=307.3469 (need low≤EMA9 or close within 0.3073)
2026-07-31 09:14:49 DEBUG    app.services.strategy_ema  [S2-pullback][FISV] CALL — no pullback: pullback-bar low=53.3500 close=53.3600 EMA9=53.2981 (need low≤EMA9 or close within 0.0533)
2026-07-31 09:14:50 DEBUG    app.services.strategy_ema  [S2-freshness][MSFT] CALL cross 8 bars old — within 40-bar window ✓
2026-07-31 09:14:50 DEBUG    app.services.strategy_ema  [S2-pullback][MSFT] CALL — no pullback: pullback-bar low=461.6400 close=461.9303 EMA9=460.2428 (need low≤EMA9 or close within 0.4602)
2026-07-31 09:15:17 INFO     app.services.scheduler  [Primary] [adaptive-band] QQQ → band=0.80% (normal (adaptive off)) | regime=NEUTRAL
2026-07-31 09:15:18 INFO     app.services.scheduler  [vol-ceiling][AMZN] Symbol too hot — true range 526% of its own ATR(14) (max 250%) — post-event whip risk, blocking entry
2026-07-31 09:15:18 INFO     app.services.scheduler  [vol-ceiling][AAPL] Symbol too hot — true range 409% of its own ATR(14) (max 250%) — post-event whip risk, blocking entry
2026-07-31 09:15:18 INFO     app.services.strategy_ema  [S2-5m-filter][NVDA] CALL blocked — EMA9=196.4914 EMA21=196.5545 close=196.6150 VWAP=197.3401 EMA9_slope=↑ EMA21_slope=↑
2026-07-31 09:15:18 INFO     app.services.strategy  [NVDA] [L1] CALL rejected — price 196.68 is BELOW VWAP 197.34 (wrong side for bullish bounce)
2026-07-31 09:15:18 INFO     app.services.scheduler  [vol-ceiling][AAPL] Symbol too hot — true range 409% of its own ATR(14) (max 250%) — post-event whip risk, blocking entry
2026-07-31 09:15:18 INFO     app.services.scheduler  [vol-ceiling][AMZN] Symbol too hot — true range 526% of its own ATR(14) (max 250%) — post-event whip risk, blocking entry
2026-07-31 09:15:19 DEBUG    app.services.strategy_ema  [S2-5m-filter][GOOGL] CALL OK — EMA9=351.4630 > EMA21=349.6945 close=352.9000 > VWAP=347.4754 slopes both↑
2026-07-31 09:15:19 INFO     app.services.strategy_ema  [S2-freshness][GOOGL] No CALL EMA cross found in TODAY's session — trend predates today, blocking
2026-07-31 09:15:19 INFO     app.services.strategy_ema  [S2-5m-filter][INTC] CALL blocked — EMA9=92.0289 EMA21=92.3264 close=91.8500 VWAP=93.7717 EMA9_slope=↓ EMA21_slope=↓
2026-07-31 09:15:19 INFO     app.services.scheduler  [S2][INTC] PUT entries disabled (s2_puts_enabled=0) — skip
2026-07-31 09:15:19 INFO     app.services.strategy  [GOOGL] [L1] CALL rejected — price 353.04 is 1.577% from VWAP 347.56 (band=0.80% — waiting for pullback to VWAP)
2026-07-31 09:15:19 INFO     app.services.strategy  [PLTR] [L1] Signal: CALL  price=122.11  vwap=121.17  distance=0.773%  trend=bullish
2026-07-31 09:15:19 INFO     app.services.strategy  [L2] Directional bounce NOT confirmed for CALL — closes not rising. Last closes: [122.09]
2026-07-31 09:15:20 DEBUG    app.services.strategy_ema  [S2-5m-filter][PLTR] CALL OK — EMA9=121.5352 > EMA21=121.2193 close=122.0900 > VWAP=121.2242 slopes both↑
2026-07-31 09:15:20 DEBUG    app.services.strategy_ema  [S2-freshness][PLTR] CALL cross 4 bars old — within 40-bar window ✓
2026-07-31 09:15:20 DEBUG    app.services.strategy_ema  [S2-pullback][PLTR] CALL — no pullback: pullback-bar low=121.9450 close=122.1500 EMA9=121.5352 (need low≤EMA9 or close within 0.1215)
2026-07-31 09:15:20 INFO     app.services.strategy_ema  [S2-5m-filter][NFLX] CALL blocked — EMA9=71.6390 EMA21=71.6732 close=71.7050 VWAP=71.7302 EMA9_slope=↑ EMA21_slope=↑
2026-07-31 09:15:20 INFO     app.services.strategy  [NFLX] [L1] PUT entries disabled (s1_puts_enabled=0) — skip
2026-07-31 09:15:21 INFO     app.services.strategy  [SHOP] [L1] PUT entries disabled (s1_puts_enabled=0) — skip
2026-07-31 09:15:21 INFO     app.services.strategy  [INTC] [L1] PUT entries disabled (s1_puts_enabled=0) — skip
2026-07-31 09:15:21 INFO     app.services.scheduler  [vol-ceiling][COIN] Symbol too hot — true range 270% of its own ATR(14) (max 250%) — post-event whip risk, blocking entry
2026-07-31 09:15:21 INFO     app.services.scheduler  [energy-gate][UBER] Symbol not in play — true range 38% of its own ATR(14) (min 50%) — blocking entry
2026-07-31 09:15:22 INFO     app.services.strategy  [IWM] [L1] PUT entries disabled (s1_puts_enabled=0) — skip
2026-07-31 09:15:22 INFO     app.services.strategy_ema  [S2-5m-filter][SHOP] CALL blocked — EMA9=117.0465 EMA21=117.3170 close=117.7300 VWAP=118.2684 EMA9_slope=↑ EMA21_slope=↑
2026-07-31 09:15:22 INFO     app.services.scheduler  [vol-ceiling][COIN] Symbol too hot — true range 270% of its own ATR(14) (max 250%) — post-event whip risk, blocking entry
2026-07-31 09:15:22 INFO     app.services.scheduler  [WMT] TP cooldown active — last TRAILING_STOP exit at 15:54 UTC (30-min window)
2026-07-31 09:15:22 DEBUG    app.services.strategy_ema  [S2-5m-filter][WMT] CALL OK — EMA9=111.5248 > EMA21=111.4303 close=111.5601 > VWAP=111.1565 slopes both↑
2026-07-31 09:15:22 DEBUG    app.services.strategy_ema  [S2-freshness][WMT] CALL cross 28 bars old — within 40-bar window ✓
2026-07-31 09:15:22 INFO     app.services.strategy  [CRM] [L1] Signal: CALL  price=182.21  vwap=181.10  distance=0.614%  trend=bullish
2026-07-31 09:15:22 INFO     app.services.strategy  [L2] Directional bounce NOT confirmed for CALL — closes not rising. Last closes: [182.25]
2026-07-31 09:15:22 INFO     app.services.strategy_ema  [S2-5m-filter][FIG] CALL blocked — EMA9=24.0474 EMA21=24.0343 close=24.0650 VWAP=24.1701 EMA9_slope=↑ EMA21_slope=↑
2026-07-31 09:15:22 INFO     app.services.strategy  [UBER] [L1] EMA trend 'bullish' not yet confirmed for 2 consecutive bars — skipping
2026-07-31 09:15:23 DEBUG    app.services.strategy_ema  [S2-5m-filter][FISV] CALL OK — EMA9=53.3184 > EMA21=53.2447 close=53.4000 > VWAP=53.1714 slopes both↑
2026-07-31 09:15:23 DEBUG    app.services.strategy_ema  [S2-freshness][FISV] CALL cross 4 bars old — within 40-bar window ✓
2026-07-31 09:15:23 INFO     app.services.strategy_ema  [S2-pullback][WMT] CALL pullback ✓ — pullback-bar low=111.5550 close=111.6200 EMA9=111.5248
2026-07-31 09:15:23 INFO     app.services.strategy_ema  [S2-confirm][WMT] CALL confirmation failed — candle bearish/doji (open=111.6100 close=111.5601) prev_high=111.6300 ema9=111.5248 above_ema9=True
2026-07-31 09:15:23 DEBUG    app.services.strategy_ema  [S2-5m-filter][TSLA] CALL OK — EMA9=307.4745 > EMA21=307.2257 close=307.9850 > VWAP=307.2117 slopes both↑
2026-07-31 09:15:23 DEBUG    app.services.strategy_ema  [S2-freshness][TSLA] CALL cross 3 bars old — within 40-bar window ✓
2026-07-31 09:15:23 DEBUG    app.services.strategy_ema  [S2-pullback][FISV] CALL — no pullback: pullback-bar low=53.3700 close=53.3900 EMA9=53.3184 (need low≤EMA9 or close within 0.0533)
2026-07-31 09:15:24 INFO     app.services.strategy_ema  [S2-5m-filter][QCOM] CALL blocked — EMA9=148.2722 EMA21=148.4387 close=148.2100 VWAP=148.7062 EMA9_slope=↓ EMA21_slope=↓
2026-07-31 09:15:24 INFO     app.services.scheduler  [S2][QCOM] PUT entries disabled (s2_puts_enabled=0) — skip
2026-07-31 09:15:24 INFO     app.services.strategy  [QCOM] [L1] PUT entries disabled (s1_puts_enabled=0) — skip
2026-07-31 09:15:24 INFO     app.services.strategy  [TSLA] [L1] CALL rejected — price 308.01 is only 0.253% from VWAP 307.23 (min clearance 0.40% — AT RISK, no directional conviction)
2026-07-31 09:15:24 INFO     app.services.strategy  [FISV] [L1] PUT entries disabled (s1_puts_enabled=0) — skip
2026-07-31 09:15:24 DEBUG    app.services.strategy_ema  [S2-5m-filter][MSFT] CALL OK — EMA9=460.6833 > EMA21=458.7695 close=462.4450 > VWAP=457.7323 slopes both↑
2026-07-31 09:15:24 DEBUG    app.services.strategy_ema  [S2-freshness][MSFT] CALL cross 9 bars old — within 40-bar window ✓
2026-07-31 09:15:24 DEBUG    app.services.strategy_ema  [S2-pullback][MSFT] CALL — no pullback: pullback-bar low=461.8900 close=462.4800 EMA9=460.6833 (need low≤EMA9 or close within 0.4607)
2026-07-31 09:15:24 DEBUG    app.services.strategy_ema  [S2-pullback][TSLA] CALL — no pullback: pullback-bar low=307.9700 close=308.1900 EMA9=307.4745 (need low≤EMA9 or close within 0.3075)
2026-07-31 09:15:25 INFO     app.services.strategy_ema  [S2-5m-filter][META] CALL blocked — EMA9=546.4000 EMA21=546.1421 close=547.8599 VWAP=548.3872 EMA9_slope=↑ EMA21_slope=↑
2026-07-31 09:15:25 INFO     app.services.strategy  [META] [L1] CALL rejected — price 547.68 is BELOW VWAP 548.52 (wrong side for bullish bounce)
2026-07-31 09:15:25 INFO     app.services.strategy  [MSFT] [L1] CALL rejected — price 462.63 is 1.122% from VWAP 457.50 (band=0.80% — waiting for pullback to VWAP)
2026-07-31 09:15:48 INFO     app.services.scheduler  [vol-ceiling][AAPL] Symbol too hot — true range 409% of its own ATR(14) (max 250%) — post-event whip risk, blocking entry
2026-07-31 09:15:48 INFO     app.services.scheduler  [vol-ceiling][AMZN] Symbol too hot — true range 526% of its own ATR(14) (max 250%) — post-event whip risk, blocking entry
2026-07-31 09:15:48 DEBUG    app.services.strategy_ema  [S2-freshness][PLTR] CALL cross 4 bars old — within 40-bar window ✓
2026-07-31 09:15:48 INFO     app.services.strategy_ema  [S2-freshness][GOOGL] No CALL EMA cross found in TODAY's session — trend predates today, blocking
2026-07-31 09:15:49 INFO     app.services.scheduler  [S2][INTC] PUT entries disabled (s2_puts_enabled=0) — skip
2026-07-31 09:15:49 DEBUG    app.services.strategy_ema  [S2-pullback][PLTR] CALL — no pullback: pullback-bar low=121.9450 close=122.1500 EMA9=121.5352 (need low≤EMA9 or close within 0.1215)
2026-07-31 09:15:50 INFO     app.services.scheduler  [vol-ceiling][COIN] Symbol too hot — true range 270% of its own ATR(14) (max 250%) — post-event whip risk, blocking entry
2026-07-31 09:15:50 INFO     app.services.scheduler  [energy-gate][UBER] Symbol not in play — true range 38% of its own ATR(14) (min 50%) — blocking entry
2026-07-31 09:15:50 DEBUG    app.services.strategy_ema  [S2-freshness][WMT] CALL cross 28 bars old — within 40-bar window ✓
2026-07-31 09:15:50 INFO     app.services.strategy_ema  [S2-pullback][WMT] CALL pullback ✓ — pullback-bar low=111.5550 close=111.6200 EMA9=111.5248
2026-07-31 09:15:50 INFO     app.services.strategy_ema  [S2-confirm][WMT] CALL confirmation failed — candle bearish/doji (open=111.6100 close=111.5601) prev_high=111.6300 ema9=111.5248 above_ema9=True
2026-07-31 09:15:50 INFO     app.services.scheduler  [S2][QCOM] PUT entries disabled (s2_puts_enabled=0) — skip
2026-07-31 09:15:51 DEBUG    app.services.strategy_ema  [S2-freshness][FISV] CALL cross 4 bars old — within 40-bar window ✓
2026-07-31 09:15:51 DEBUG    app.services.strategy_ema  [S2-pullback][FISV] CALL — no pullback: pullback-bar low=53.3700 close=53.3900 EMA9=53.3184 (need low≤EMA9 or close within 0.0533)
2026-07-31 09:15:51 DEBUG    app.services.strategy_ema  [S2-freshness][TSLA] CALL cross 3 bars old — within 40-bar window ✓
2026-07-31 09:15:51 DEBUG    app.services.strategy_ema  [S2-freshness][MSFT] CALL cross 9 bars old — within 40-bar window ✓
2026-07-31 09:15:51 DEBUG    app.services.strategy_ema  [S2-pullback][TSLA] CALL — no pullback: pullback-bar low=307.9700 close=308.1900 EMA9=307.4745 (need low≤EMA9 or close within 0.3075)
2026-07-31 09:15:51 DEBUG    app.services.strategy_ema  [S2-pullback][MSFT] CALL — no pullback: pullback-bar low=461.8900 close=462.4800 EMA9=460.6833 (need low≤EMA9 or close within 0.4607)
2026-07-31 09:16:17 INFO     app.services.scheduler  [Primary] [adaptive-band] QQQ → band=0.80% (normal (adaptive off)) | regime=BEARISH
2026-07-31 09:16:17 INFO     app.services.scheduler  [vol-ceiling][AAPL] Symbol too hot — true range 409% of its own ATR(14) (max 250%) — post-event whip risk, blocking entry
2026-07-31 09:16:17 INFO     app.services.scheduler  [vol-ceiling][AMZN] Symbol too hot — true range 526% of its own ATR(14) (max 250%) — post-event whip risk, blocking entry
2026-07-31 09:16:18 INFO     app.services.scheduler  [vol-ceiling][AMZN] Symbol too hot — true range 526% of its own ATR(14) (max 250%) — post-event whip risk, blocking entry
2026-07-31 09:16:18 INFO     app.services.scheduler  [vol-ceiling][AAPL] Symbol too hot — true range 409% of its own ATR(14) (max 250%) — post-event whip risk, blocking entry
2026-07-31 09:16:18 INFO     app.services.strategy_ema  [S2-freshness][GOOGL] No CALL EMA cross found in TODAY's session — trend predates today, blocking
2026-07-31 09:16:19 INFO     app.services.strategy  [GOOGL] [L1] CALL rejected — price 352.74 is 1.486% from VWAP 347.57 (band=0.80% — waiting for pullback to VWAP)
2026-07-31 09:16:19 INFO     app.services.strategy  [NVDA] [L1] CALL rejected — price 196.29 is BELOW VWAP 197.33 (wrong side for bullish bounce)
2026-07-31 09:16:19 INFO     app.services.scheduler  [S2][INTC] PUT entries disabled (s2_puts_enabled=0) — skip
2026-07-31 09:16:19 DEBUG    app.services.strategy_ema  [S2-freshness][PLTR] CALL cross 4 bars old — within 40-bar window ✓
2026-07-31 09:16:19 INFO     app.services.strategy  [INTC] [L1] PUT entries disabled (s1_puts_enabled=0) — skip
2026-07-31 09:16:20 INFO     app.services.strategy  [PLTR] [L1] CALL rejected — price 122.15 is 0.805% from VWAP 121.17 (band=0.80% — waiting for pullback to VWAP)
2026-07-31 09:16:20 DEBUG    app.services.strategy_ema  [S2-pullback][PLTR] CALL — no pullback: pullback-bar low=121.9600 close=122.0900 EMA9=121.5352 (need low≤EMA9 or close within 0.1215)
2026-07-31 09:16:20 INFO     app.services.strategy  [NFLX] [L1] PUT entries disabled (s1_puts_enabled=0) — skip
2026-07-31 09:16:21 INFO     app.services.scheduler  [energy-gate][UBER] Symbol not in play — true range 38% of its own ATR(14) (min 50%) — blocking entry
2026-07-31 09:16:21 INFO     app.services.scheduler  [vol-ceiling][COIN] Symbol too hot — true range 270% of its own ATR(14) (max 250%) — post-event whip risk, blocking entry
2026-07-31 09:16:21 INFO     app.services.strategy  [SHOP] [L1] PUT entries disabled (s1_puts_enabled=0) — skip
2026-07-31 09:16:21 INFO     app.services.strategy  [CRM] [L1] Signal: CALL  price=182.50  vwap=181.10  distance=0.772%  trend=bullish
2026-07-31 09:16:21 INFO     app.services.scheduler  [CRM] [L5] Regime gate: QQQ BEARISH (below VWAP) — blocking CALL
2026-07-31 09:16:21 INFO     app.services.strategy  [IWM] [L1] PUT entries disabled (s1_puts_enabled=0) — skip
2026-07-31 09:16:21 INFO     app.services.scheduler  [WMT] TP cooldown active — last TRAILING_STOP exit at 15:54 UTC (30-min window)
2026-07-31 09:16:21 DEBUG    app.services.strategy_ema  [S2-freshness][WMT] CALL cross 28 bars old — within 40-bar window ✓
2026-07-31 09:16:21 INFO     app.services.strategy  [UBER] [L1] EMA trend 'bullish' not yet confirmed for 2 consecutive bars — skipping
2026-07-31 09:16:22 INFO     app.services.strategy_ema  [S2-pullback][WMT] CALL pullback ✓ — pullback-bar low=111.5601 close=111.5601 EMA9=111.5248
2026-07-31 09:16:22 INFO     app.services.strategy_ema  [S2-confirm][WMT] CALL confirmation failed — candle bullish (open=111.5600 close=111.5850) prev_high=111.6200 ema9=111.5248 above_ema9=True
2026-07-31 09:16:22 INFO     app.services.scheduler  [vol-ceiling][COIN] Symbol too hot — true range 270% of its own ATR(14) (max 250%) — post-event whip risk, blocking entry
2026-07-31 09:16:22 DEBUG    app.services.strategy_ema  [S2-freshness][FISV] CALL cross 4 bars old — within 40-bar window ✓
2026-07-31 09:16:22 INFO     app.services.scheduler  [S2][QCOM] PUT entries disabled (s2_puts_enabled=0) — skip
2026-07-31 09:16:22 INFO     app.services.strategy  [QCOM] [L1] PUT entries disabled (s1_puts_enabled=0) — skip
2026-07-31 09:16:23 DEBUG    app.services.strategy_ema  [S2-pullback][FISV] CALL — no pullback: pullback-bar low=53.3900 close=53.4000 EMA9=53.3184 (need low≤EMA9 or close within 0.0533)
2026-07-31 09:16:23 INFO     app.services.strategy  [FISV] [L1] PUT entries disabled (s1_puts_enabled=0) — skip
2026-07-31 09:16:23 DEBUG    app.services.strategy_ema  [S2-freshness][TSLA] CALL cross 3 bars old — within 40-bar window ✓
2026-07-31 09:16:23 INFO     app.services.strategy  [TSLA] [L1] CALL rejected — price 307.76 is only 0.171% from VWAP 307.23 (min clearance 0.40% — AT RISK, no directional conviction)
2026-07-31 09:16:23 DEBUG    app.services.strategy_ema  [S2-pullback][TSLA] CALL — no pullback: pullback-bar low=307.9000 close=307.9850 EMA9=307.4745 (need low≤EMA9 or close within 0.3075)
2026-07-31 09:16:24 DEBUG    app.services.strategy_ema  [S2-freshness][MSFT] CALL cross 9 bars old — within 40-bar window ✓
2026-07-31 09:16:24 INFO     app.services.strategy  [MSFT] [L1] CALL rejected — price 462.81 is 1.157% from VWAP 457.52 (band=0.80% — waiting for pullback to VWAP)
2026-07-31 09:16:24 INFO     app.services.strategy  [META] [L1] CALL rejected — price 548.00 is BELOW VWAP 548.51 (wrong side for bullish bounce)
2026-07-31 09:16:24 DEBUG    app.services.strategy_ema  [S2-pullback][MSFT] CALL — no pullback: pullback-bar low=462.2050 close=462.4450 EMA9=460.6833 (need low≤EMA9 or close within 0.4607)
2026-07-31 09:16:47 INFO     app.services.scheduler  [vol-ceiling][AAPL] Symbol too hot — true range 409% of its own ATR(14) (max 250%) — post-event whip risk, blocking entry
2026-07-31 09:16:48 INFO     app.services.scheduler  [vol-ceiling][AMZN] Symbol too hot — true range 526% of its own ATR(14) (max 250%) — post-event whip risk, blocking entry
2026-07-31 09:16:48 INFO     app.services.strategy_ema  [S2-freshness][GOOGL] No CALL EMA cross found in TODAY's session — trend predates today, blocking
2026-07-31 09:16:48 INFO     app.services.scheduler  [S2][INTC] PUT entries disabled (s2_puts_enabled=0) — skip
2026-07-31 09:16:48 DEBUG    app.services.strategy_ema  [S2-freshness][PLTR] CALL cross 4 bars old — within 40-bar window ✓
2026-07-31 09:16:49 DEBUG    app.services.strategy_ema  [S2-pullback][PLTR] CALL — no pullback: pullback-bar low=121.9600 close=122.0900 EMA9=121.5352 (need low≤EMA9 or close within 0.1215)
2026-07-31 09:16:49 INFO     app.services.scheduler  [energy-gate][UBER] Symbol not in play — true range 38% of its own ATR(14) (min 50%) — blocking entry
2026-07-31 09:16:49 INFO     app.services.scheduler  [vol-ceiling][COIN] Symbol too hot — true range 270% of its own ATR(14) (max 250%) — post-event whip risk, blocking entry
2026-07-31 09:16:49 DEBUG    app.services.strategy_ema  [S2-freshness][WMT] CALL cross 28 bars old — within 40-bar window ✓
2026-07-31 09:16:49 INFO     app.services.strategy_ema  [S2-pullback][WMT] CALL pullback ✓ — pullback-bar low=111.5601 close=111.5601 EMA9=111.5248
2026-07-31 09:16:49 INFO     app.services.strategy_ema  [S2-confirm][WMT] CALL confirmation failed — candle bullish (open=111.5600 close=111.5850) prev_high=111.6200 ema9=111.5248 above_ema9=True
2026-07-31 09:16:50 DEBUG    app.services.strategy_ema  [S2-freshness][FISV] CALL cross 4 bars old — within 40-bar window ✓
2026-07-31 09:16:50 DEBUG    app.services.strategy_ema  [S2-pullback][FISV] CALL — no pullback: pullback-bar low=53.3900 close=53.4000 EMA9=53.3184 (need low≤EMA9 or close within 0.0533)
2026-07-31 09:16:50 INFO     app.services.scheduler  [S2][QCOM] PUT entries disabled (s2_puts_enabled=0) — skip
2026-07-31 09:16:50 DEBUG    app.services.strategy_ema  [S2-freshness][TSLA] CALL cross 3 bars old — within 40-bar window ✓
2026-07-31 09:16:50 DEBUG    app.services.strategy_ema  [S2-freshness][MSFT] CALL cross 9 bars old — within 40-bar window ✓
2026-07-31 09:16:50 DEBUG    app.services.strategy_ema  [S2-pullback][TSLA] CALL — no pullback: pullback-bar low=307.9000 close=307.9850 EMA9=307.4745 (need low≤EMA9 or close within 0.3075)
2026-07-31 09:16:50 DEBUG    app.services.strategy_ema  [S2-pullback][MSFT] CALL — no pullback: pullback-bar low=462.2050 close=462.4450 EMA9=460.6833 (need low≤EMA9 or close within 0.4607)
2026-07-31 09:17:17 INFO     app.services.scheduler  [Primary] [adaptive-band] QQQ → band=0.80% (normal (adaptive off)) | regime=NEUTRAL
2026-07-31 09:17:17 INFO     app.services.scheduler  [vol-ceiling][AMZN] Symbol too hot — true range 526% of its own ATR(14) (max 250%) — post-event whip risk, blocking entry
2026-07-31 09:17:17 INFO     app.services.scheduler  [vol-ceiling][AAPL] Symbol too hot — true range 409% of its own ATR(14) (max 250%) — post-event whip risk, blocking entry
2026-07-31 09:17:18 INFO     app.services.strategy  [NVDA] [L1] CALL rejected — price 196.41 is BELOW VWAP 197.33 (wrong side for bullish bounce)
2026-07-31 09:17:18 INFO     app.services.scheduler  [vol-ceiling][AAPL] Symbol too hot — true range 409% of its own ATR(14) (max 250%) — post-event whip risk, blocking entry
2026-07-31 09:17:18 INFO     app.services.scheduler  [vol-ceiling][AMZN] Symbol too hot — true range 526% of its own ATR(14) (max 250%) — post-event whip risk, blocking entry
2026-07-31 09:17:18 INFO     app.services.strategy_ema  [S2-freshness][GOOGL] No CALL EMA cross found in TODAY's session — trend predates today, blocking
2026-07-31 09:17:18 INFO     app.services.scheduler  [S2][INTC] PUT entries disabled (s2_puts_enabled=0) — skip
2026-07-31 09:17:18 DEBUG    app.services.strategy_ema  [S2-freshness][PLTR] CALL cross 4 bars old — within 40-bar window ✓
2026-07-31 09:17:19 INFO     app.services.strategy  [GOOGL] [L1] CALL rejected — price 352.72 is 1.480% from VWAP 347.58 (band=0.80% — waiting for pullback to VWAP)
2026-07-31 09:17:19 DEBUG    app.services.strategy_ema  [S2-pullback][PLTR] CALL — no pullback: pullback-bar low=122.0300 close=122.0900 EMA9=121.5352 (need low≤EMA9 or close within 0.1215)
2026-07-31 09:17:19 INFO     app.services.strategy  [PLTR] [L1] Signal: CALL  price=122.14  vwap=121.18  distance=0.797%  trend=bullish
2026-07-31 09:17:19 INFO     app.services.scheduler  [PLTR] All Layers 1–5 passed: CALL  price=122.14  vwap=121.18
2026-07-31 09:17:20 INFO     app.services.strategy  [INTC] [L1] PUT entries disabled (s1_puts_enabled=0) — skip
2026-07-31 09:17:20 INFO     app.services.scheduler  [PLTR] Structural gate blocked CALL entry — reward/risk 1.08 < 1.20 (stop 1.09 vs target 1.17 in underlying)
2026-07-31 09:17:20 INFO     app.services.strategy  [NFLX] [L1] PUT entries disabled (s1_puts_enabled=0) — skip
2026-07-31 09:17:21 INFO     app.services.scheduler  [energy-gate][UBER] Symbol not in play — true range 38% of its own ATR(14) (min 50%) — blocking entry
2026-07-31 09:17:21 INFO     app.services.strategy  [SHOP] [L1] PUT entries disabled (s1_puts_enabled=0) — skip
2026-07-31 09:17:21 DEBUG    app.services.strategy_ema  [S2-freshness][WMT] CALL cross 28 bars old — within 40-bar window ✓
2026-07-31 09:17:21 INFO     app.services.scheduler  [vol-ceiling][COIN] Symbol too hot — true range 270% of its own ATR(14) (max 250%) — post-event whip risk, blocking entry
2026-07-31 09:17:21 INFO     app.services.strategy  [IWM] [L1] PUT entries disabled (s1_puts_enabled=0) — skip
2026-07-31 09:17:22 INFO     app.services.strategy  [UBER] [L1] EMA trend 'bullish' not yet confirmed for 2 consecutive bars — skipping
2026-07-31 09:17:22 INFO     app.services.scheduler  [WMT] TP cooldown active — last TRAILING_STOP exit at 15:54 UTC (30-min window)
2026-07-31 09:17:22 INFO     app.services.strategy_ema  [S2-pullback][WMT] CALL pullback ✓ — pullback-bar low=111.5200 close=111.5850 EMA9=111.5248
2026-07-31 09:17:22 INFO     app.services.strategy_ema  [S2-confirm][WMT] CALL confirmation failed — candle bearish/doji (open=111.5900 close=111.5000) prev_high=111.6000 ema9=111.5248 above_ema9=False
2026-07-31 09:17:22 INFO     app.services.scheduler  [vol-ceiling][COIN] Symbol too hot — true range 270% of its own ATR(14) (max 250%) — post-event whip risk, blocking entry
2026-07-31 09:17:22 INFO     app.services.strategy  [CRM] [L1] Signal: CALL  price=182.43  vwap=181.11  distance=0.730%  trend=bullish
2026-07-31 09:17:22 INFO     app.services.scheduler  [CRM] All Layers 1–5 passed: CALL  price=182.43  vwap=181.11
2026-07-31 09:17:23 DEBUG    app.services.strategy_ema  [S2-freshness][FISV] CALL cross 4 bars old — within 40-bar window ✓
2026-07-31 09:17:23 INFO     app.services.strategy  [FISV] [L1] PUT entries disabled (s1_puts_enabled=0) — skip
2026-07-31 09:17:23 INFO     app.services.strategy  [QCOM] [L1] PUT entries disabled (s1_puts_enabled=0) — skip
2026-07-31 09:17:23 INFO     app.services.scheduler  [CRM] Structural gate blocked CALL entry — reward/risk 0.35 < 1.20 (stop 1.50 vs target 0.52 in underlying)
2026-07-31 09:17:23 INFO     app.services.scheduler  [S2][QCOM] PUT entries disabled (s2_puts_enabled=0) — skip
2026-07-31 09:17:23 DEBUG    app.services.strategy_ema  [S2-pullback][FISV] CALL — no pullback: pullback-bar low=53.3850 close=53.4100 EMA9=53.3184 (need low≤EMA9 or close within 0.0533)
2026-07-31 09:17:23 DEBUG    app.services.strategy_ema  [S2-freshness][TSLA] CALL cross 3 bars old — within 40-bar window ✓
2026-07-31 09:17:24 DEBUG    app.services.strategy_ema  [S2-freshness][MSFT] CALL cross 9 bars old — within 40-bar window ✓
2026-07-31 09:17:24 INFO     app.services.strategy  [TSLA] [L1] CALL rejected — price 307.56 is only 0.104% from VWAP 307.24 (min clearance 0.40% — AT RISK, no directional conviction)
2026-07-31 09:17:24 INFO     app.services.strategy_ema  [S2-pullback][TSLA] CALL pullback ✓ — pullback-bar low=307.4100 close=307.5100 EMA9=307.4745
2026-07-31 09:17:24 INFO     app.services.strategy_ema  [S2-confirm][TSLA] CALL confirmation failed — candle bullish (open=307.4700 close=307.8400) prev_high=308.1200 ema9=307.4745 above_ema9=True
2026-07-31 09:17:24 INFO     app.services.strategy  [MSFT] [L1] CALL rejected — price 463.21 is 1.236% from VWAP 457.56 (band=0.80% — waiting for pullback to VWAP)
2026-07-31 09:17:24 DEBUG    app.services.strategy_ema  [S2-pullback][MSFT] CALL — no pullback: pullback-bar low=462.3242 close=462.3950 EMA9=460.6833 (need low≤EMA9 or close within 0.4607)
2026-07-31 09:17:24 INFO     app.services.strategy  [META] [L1] CALL rejected — price 548.63 is only 0.022% from VWAP 548.51 (min clearance 0.40% — AT RISK, no directional conviction)
2026-07-31 09:17:47 INFO     app.services.scheduler  [vol-ceiling][AAPL] Symbol too hot — true range 409% of its own ATR(14) (max 250%) — post-event whip risk, blocking entry
2026-07-31 09:17:47 INFO     app.services.scheduler  [vol-ceiling][AMZN] Symbol too hot — true range 526% of its own ATR(14) (max 250%) — post-event whip risk, blocking entry
2026-07-31 09:17:47 INFO     app.services.strategy_ema  [S2-freshness][GOOGL] No CALL EMA cross found in TODAY's session — trend predates today, blocking
2026-07-31 09:17:47 INFO     app.services.scheduler  [S2][INTC] PUT entries disabled (s2_puts_enabled=0) — skip
2026-07-31 09:17:47 DEBUG    app.services.strategy_ema  [S2-freshness][PLTR] CALL cross 4 bars old — within 40-bar window ✓
2026-07-31 09:17:48 DEBUG    app.services.strategy_ema  [S2-pullback][PLTR] CALL — no pullback: pullback-bar low=122.0300 close=122.0900 EMA9=121.5352 (need low≤EMA9 or close within 0.1215)
2026-07-31 09:17:48 INFO     app.services.scheduler  [energy-gate][UBER] Symbol not in play — true range 38% of its own ATR(14) (min 50%) — blocking entry
2026-07-31 09:17:48 DEBUG    app.services.strategy_ema  [S2-freshness][WMT] CALL cross 28 bars old — within 40-bar window ✓
2026-07-31 09:17:48 INFO     app.services.scheduler  [vol-ceiling][COIN] Symbol too hot — true range 270% of its own ATR(14) (max 250%) — post-event whip risk, blocking entry
2026-07-31 09:17:48 INFO     app.services.strategy_ema  [S2-pullback][WMT] CALL pullback ✓ — pullback-bar low=111.5200 close=111.5850 EMA9=111.5248
2026-07-31 09:17:48 INFO     app.services.strategy_ema  [S2-confirm][WMT] CALL confirmation failed — candle bearish/doji (open=111.5900 close=111.5000) prev_high=111.6000 ema9=111.5248 above_ema9=False
2026-07-31 09:17:49 INFO     app.services.scheduler  [S2][QCOM] PUT entries disabled (s2_puts_enabled=0) — skip
2026-07-31 09:17:49 DEBUG    app.services.strategy_ema  [S2-freshness][MSFT] CALL cross 9 bars old — within 40-bar window ✓
2026-07-31 09:17:49 DEBUG    app.services.strategy_ema  [S2-pullback][MSFT] CALL — no pullback: pullback-bar low=462.3242 close=462.3950 EMA9=460.6833 (need low≤EMA9 or close within 0.4607)
2026-07-31 09:17:49 DEBUG    app.services.strategy_ema  [S2-freshness][FISV] CALL cross 4 bars old — within 40-bar window ✓
2026-07-31 09:17:49 DEBUG    app.services.strategy_ema  [S2-pullback][FISV] CALL — no pullback: pullback-bar low=53.3850 close=53.4100 EMA9=53.3184 (need low≤EMA9 or close within 0.0533)
2026-07-31 09:17:49 DEBUG    app.services.strategy_ema  [S2-freshness][TSLA] CALL cross 3 bars old — within 40-bar window ✓
2026-07-31 09:17:49 INFO     app.services.strategy_ema  [S2-pullback][TSLA] CALL pullback ✓ — pullback-bar low=307.4100 close=307.5100 EMA9=307.4745
2026-07-31 09:17:49 INFO     app.services.strategy_ema  [S2-confirm][TSLA] CALL confirmation failed — candle bullish (open=307.4700 close=307.8400) prev_high=308.1200 ema9=307.4745 above_ema9=True
2026-07-31 09:18:17 INFO     app.services.scheduler  [Primary] [adaptive-band] QQQ → band=0.80% (normal (adaptive off)) | regime=NEUTRAL
2026-07-31 09:18:18 INFO     app.services.scheduler  [vol-ceiling][AAPL] Symbol too hot — true range 409% of its own ATR(14) (max 250%) — post-event whip risk, blocking entry
2026-07-31 09:18:18 INFO     app.services.scheduler  [vol-ceiling][AAPL] Symbol too hot — true range 409% of its own ATR(14) (max 250%) — post-event whip risk, blocking entry
2026-07-31 09:18:18 INFO     app.services.strategy  [NVDA] [L1] CALL rejected — price 196.50 is BELOW VWAP 197.33 (wrong side for bullish bounce)
2026-07-31 09:18:18 INFO     app.services.scheduler  [vol-ceiling][AMZN] Symbol too hot — true range 526% of its own ATR(14) (max 250%) — post-event whip risk, blocking entry
2026-07-31 09:18:18 INFO     app.services.scheduler  [vol-ceiling][AMZN] Symbol too hot — true range 526% of its own ATR(14) (max 250%) — post-event whip risk, blocking entry
2026-07-31 09:18:18 INFO     app.services.strategy_ema  [S2-freshness][GOOGL] No CALL EMA cross found in TODAY's session — trend predates today, blocking
2026-07-31 09:18:19 INFO     app.services.strategy  [GOOGL] [L1] CALL rejected — price 352.78 is 1.493% from VWAP 347.59 (band=0.80% — waiting for pullback to VWAP)
2026-07-31 09:18:19 INFO     app.services.scheduler  [S2][INTC] PUT entries disabled (s2_puts_enabled=0) — skip
2026-07-31 09:18:19 INFO     app.services.strategy  [INTC] [L1] PUT entries disabled (s1_puts_enabled=0) — skip
2026-07-31 09:18:19 DEBUG    app.services.strategy_ema  [S2-freshness][PLTR] CALL cross 4 bars old — within 40-bar window ✓
2026-07-31 09:18:20 INFO     app.services.strategy  [PLTR] [L1] CALL rejected — price 122.30 is 0.923% from VWAP 121.18 (band=0.80% — waiting for pullback to VWAP)
2026-07-31 09:18:20 INFO     app.services.strategy  [NFLX] [L1] PUT entries disabled (s1_puts_enabled=0) — skip
2026-07-31 09:18:20 DEBUG    app.services.strategy_ema  [S2-pullback][PLTR] CALL — no pullback: pullback-bar low=122.0500 close=122.2025 EMA9=121.5352 (need low≤EMA9 or close within 0.1215)
2026-07-31 09:18:20 INFO     app.services.strategy  [SHOP] [L1] PUT entries disabled (s1_puts_enabled=0) — skip
2026-07-31 09:18:21 INFO     app.services.strategy  [IWM] [L1] PUT entries disabled (s1_puts_enabled=0) — skip
2026-07-31 09:18:21 INFO     app.services.strategy  [CRM] [L1] Signal: CALL  price=182.46  vwap=181.11  distance=0.746%  trend=bullish
2026-07-31 09:18:21 INFO     app.services.strategy  [L2] Directional bounce NOT confirmed for CALL — closes not rising. Last closes: [182.44]
2026-07-31 09:18:21 INFO     app.services.scheduler  [WMT] TP cooldown active — last TRAILING_STOP exit at 15:54 UTC (30-min window)
2026-07-31 09:18:21 INFO     app.services.scheduler  [energy-gate][UBER] Symbol not in play — true range 38% of its own ATR(14) (min 50%) — blocking entry
2026-07-31 09:18:21 INFO     app.services.scheduler  [vol-ceiling][COIN] Symbol too hot — true range 270% of its own ATR(14) (max 250%) — post-event whip risk, blocking entry
2026-07-31 09:18:22 INFO     app.services.strategy  [UBER] [L1] EMA trend 'bullish' not yet confirmed for 2 consecutive bars — skipping
2026-07-31 09:18:22 DEBUG    app.services.strategy_ema  [S2-freshness][FISV] CALL cross 4 bars old — within 40-bar window ✓
2026-07-31 09:18:22 INFO     app.services.strategy  [FISV] [L1] PUT entries disabled (s1_puts_enabled=0) — skip
2026-07-31 09:18:22 DEBUG    app.services.strategy_ema  [S2-freshness][WMT] CALL cross 28 bars old — within 40-bar window ✓
2026-07-31 09:18:22 INFO     app.services.scheduler  [vol-ceiling][COIN] Symbol too hot — true range 270% of its own ATR(14) (max 250%) — post-event whip risk, blocking entry
2026-07-31 09:18:23 DEBUG    app.services.strategy_ema  [S2-pullback][FISV] CALL — no pullback: pullback-bar low=53.3850 close=53.3850 EMA9=53.3184 (need low≤EMA9 or close within 0.0533)
2026-07-31 09:18:23 INFO     app.services.strategy_ema  [S2-pullback][WMT] CALL pullback ✓ — pullback-bar low=111.4950 close=111.5000 EMA9=111.5248
2026-07-31 09:18:23 INFO     app.services.strategy_ema  [S2-confirm][WMT] CALL confirmation failed — candle bearish/doji (open=111.5000 close=111.4700) prev_high=111.5900 ema9=111.5248 above_ema9=False
2026-07-31 09:18:23 DEBUG    app.services.strategy_ema  [S2-freshness][TSLA] CALL cross 3 bars old — within 40-bar window ✓
2026-07-31 09:18:23 INFO     app.services.strategy  [QCOM] [L1] PUT entries disabled (s1_puts_enabled=0) — skip
2026-07-31 09:18:23 INFO     app.services.strategy  [TSLA] [L1] CALL rejected — price 307.88 is only 0.209% from VWAP 307.24 (min clearance 0.40% — AT RISK, no directional conviction)
2026-07-31 09:18:23 DEBUG    app.services.strategy_ema  [S2-freshness][MSFT] CALL cross 9 bars old — within 40-bar window ✓
2026-07-31 09:18:24 INFO     app.services.scheduler  [S2][QCOM] PUT entries disabled (s2_puts_enabled=0) — skip
2026-07-31 09:18:24 INFO     app.services.strategy_ema  [S2-pullback][TSLA] CALL pullback ✓ — pullback-bar low=307.4700 close=307.8400 EMA9=307.4745
2026-07-31 09:18:24 INFO     app.services.strategy_ema  [S2-confirm][TSLA] CALL confirmation failed — candle bullish (open=307.8100 close=307.8200) prev_high=307.8600 ema9=307.4745 above_ema9=True
2026-07-31 09:18:24 DEBUG    app.services.strategy_ema  [S2-pullback][MSFT] CALL — no pullback: pullback-bar low=462.3100 close=462.9450 EMA9=460.6833 (need low≤EMA9 or close within 0.4607)
2026-07-31 09:18:24 INFO     app.services.strategy  [MSFT] [L1] CALL rejected — price 463.31 is 1.254% from VWAP 457.58 (band=0.80% — waiting for pullback to VWAP)
2026-07-31 09:18:25 INFO     app.services.strategy  [META] [L1] CALL rejected — price 548.76 is only 0.046% from VWAP 548.51 (min clearance 0.40% — AT RISK, no directional conviction)
2026-07-31 09:18:47 INFO     app.services.scheduler  [vol-ceiling][AAPL] Symbol too hot — true range 409% of its own ATR(14) (max 250%) — post-event whip risk, blocking entry
2026-07-31 09:18:47 INFO     app.services.scheduler  [vol-ceiling][AMZN] Symbol too hot — true range 526% of its own ATR(14) (max 250%) — post-event whip risk, blocking entry
2026-07-31 09:18:47 INFO     app.services.strategy_ema  [S2-freshness][GOOGL] No CALL EMA cross found in TODAY's session — trend predates today, blocking
2026-07-31 09:18:47 DEBUG    app.services.strategy_ema  [S2-freshness][PLTR] CALL cross 4 bars old — within 40-bar window ✓
2026-07-31 09:18:47 INFO     app.services.scheduler  [S2][INTC] PUT entries disabled (s2_puts_enabled=0) — skip
2026-07-31 09:18:47 DEBUG    app.services.strategy_ema  [S2-pullback][PLTR] CALL — no pullback: pullback-bar low=122.0500 close=122.2025 EMA9=121.5352 (need low≤EMA9 or close within 0.1215)
2026-07-31 09:18:48 INFO     app.services.scheduler  [energy-gate][UBER] Symbol not in play — true range 38% of its own ATR(14) (min 50%) — blocking entry
2026-07-31 09:18:48 INFO     app.services.scheduler  [vol-ceiling][COIN] Symbol too hot — true range 270% of its own ATR(14) (max 250%) — post-event whip risk, blocking entry
2026-07-31 09:18:48 DEBUG    app.services.strategy_ema  [S2-freshness][WMT] CALL cross 28 bars old — within 40-bar window ✓
2026-07-31 09:18:48 INFO     app.services.strategy_ema  [S2-pullback][WMT] CALL pullback ✓ — pullback-bar low=111.4950 close=111.5000 EMA9=111.5248
2026-07-31 09:18:48 INFO     app.services.strategy_ema  [S2-confirm][WMT] CALL confirmation failed — candle bearish/doji (open=111.5000 close=111.4700) prev_high=111.5900 ema9=111.5248 above_ema9=False
2026-07-31 09:18:48 DEBUG    app.services.strategy_ema  [S2-freshness][FISV] CALL cross 4 bars old — within 40-bar window ✓
2026-07-31 09:18:48 INFO     app.services.scheduler  [S2][QCOM] PUT entries disabled (s2_puts_enabled=0) — skip
2026-07-31 09:18:48 DEBUG    app.services.strategy_ema  [S2-freshness][TSLA] CALL cross 3 bars old — within 40-bar window ✓
2026-07-31 09:18:48 INFO     app.services.strategy_ema  [S2-pullback][TSLA] CALL pullback ✓ — pullback-bar low=307.4700 close=307.8400 EMA9=307.4745
2026-07-31 09:18:48 INFO     app.services.strategy_ema  [S2-confirm][TSLA] CALL confirmation failed — candle bullish (open=307.8100 close=307.8200) prev_high=307.8600 ema9=307.4745 above_ema9=True
2026-07-31 09:18:49 DEBUG    app.services.strategy_ema  [S2-pullback][FISV] CALL — no pullback: pullback-bar low=53.3850 close=53.3850 EMA9=53.3184 (need low≤EMA9 or close within 0.0533)
2026-07-31 09:18:49 DEBUG    app.services.strategy_ema  [S2-freshness][MSFT] CALL cross 9 bars old — within 40-bar window ✓
2026-07-31 09:18:49 DEBUG    app.services.strategy_ema  [S2-pullback][MSFT] CALL — no pullback: pullback-bar low=462.3100 close=462.9450 EMA9=460.6833 (need low≤EMA9 or close within 0.4607)
2026-07-31 09:19:17 INFO     app.services.scheduler  [Primary] [adaptive-band] QQQ → band=0.80% (normal (adaptive off)) | regime=NEUTRAL
2026-07-31 09:19:17 INFO     app.services.scheduler  [vol-ceiling][AMZN] Symbol too hot — true range 526% of its own ATR(14) (max 250%) — post-event whip risk, blocking entry
2026-07-31 09:19:17 INFO     app.services.scheduler  [vol-ceiling][AAPL] Symbol too hot — true range 409% of its own ATR(14) (max 250%) — post-event whip risk, blocking entry
2026-07-31 09:19:17 INFO     app.services.strategy  [NVDA] [L1] CALL rejected — price 196.57 is BELOW VWAP 197.33 (wrong side for bullish bounce)
2026-07-31 09:19:17 INFO     app.services.scheduler  [vol-ceiling][AAPL] Symbol too hot — true range 409% of its own ATR(14) (max 250%) — post-event whip risk, blocking entry
2026-07-31 09:19:17 INFO     app.services.scheduler  [vol-ceiling][AMZN] Symbol too hot — true range 526% of its own ATR(14) (max 250%) — post-event whip risk, blocking entry
2026-07-31 09:19:18 INFO     app.services.strategy_ema  [S2-freshness][GOOGL] No CALL EMA cross found in TODAY's session — trend predates today, blocking
2026-07-31 09:19:19 INFO     app.services.strategy  [GOOGL] [L1] CALL rejected — price 353.13 is 1.591% from VWAP 347.60 (band=0.80% — waiting for pullback to VWAP)
2026-07-31 09:19:19 DEBUG    app.services.strategy_ema  [S2-freshness][PLTR] CALL cross 4 bars old — within 40-bar window ✓
2026-07-31 09:19:19 DEBUG    app.services.strategy_ema  [S2-pullback][PLTR] CALL — no pullback: pullback-bar low=122.1200 close=122.2250 EMA9=121.5352 (need low≤EMA9 or close within 0.1215)
2026-07-31 09:19:19 INFO     app.services.scheduler  [S2][INTC] PUT entries disabled (s2_puts_enabled=0) — skip
2026-07-31 09:19:19 INFO     app.services.strategy  [INTC] [L1] PUT entries disabled (s1_puts_enabled=0) — skip
2026-07-31 09:19:19 INFO     app.services.strategy  [PLTR] [L1] CALL rejected — price 122.47 is 1.058% from VWAP 121.19 (band=0.80% — waiting for pullback to VWAP)
2026-07-31 09:19:20 INFO     app.services.strategy  [NFLX] [L1] PUT entries disabled (s1_puts_enabled=0) — skip
2026-07-31 09:19:20 INFO     app.services.strategy  [IWM] [L1] PUT entries disabled (s1_puts_enabled=0) — skip
2026-07-31 09:19:21 INFO     app.services.strategy  [SHOP] [L1] PUT entries disabled (s1_puts_enabled=0) — skip
2026-07-31 09:19:21 INFO     app.services.scheduler  [energy-gate][UBER] Symbol not in play — true range 38% of its own ATR(14) (min 50%) — blocking entry
2026-07-31 09:19:21 INFO     app.services.strategy  [CRM] [L1] CALL rejected — price 182.62 is 0.832% from VWAP 181.11 (band=0.80% — waiting for pullback to VWAP)
2026-07-31 09:19:21 INFO     app.services.strategy  [UBER] [L1] EMA trend 'bullish' not yet confirmed for 2 consecutive bars — skipping
2026-07-31 09:19:21 INFO     app.services.scheduler  [WMT] TP cooldown active — last TRAILING_STOP exit at 15:54 UTC (30-min window)
2026-07-31 09:19:21 INFO     app.services.scheduler  [vol-ceiling][COIN] Symbol too hot — true range 270% of its own ATR(14) (max 250%) — post-event whip risk, blocking entry
2026-07-31 09:19:22 INFO     app.services.scheduler  [vol-ceiling][COIN] Symbol too hot — true range 270% of its own ATR(14) (max 250%) — post-event whip risk, blocking entry
2026-07-31 09:19:22 DEBUG    app.services.strategy_ema  [S2-freshness][FISV] CALL cross 4 bars old — within 40-bar window ✓
2026-07-31 09:19:22 INFO     app.services.strategy_ema  [S2-pullback][FISV] CALL pullback ✓ — pullback-bar low=53.3500 close=53.3700 EMA9=53.3184
2026-07-31 09:19:22 INFO     app.services.strategy_ema  [S2-confirm][FISV] CALL confirmed ✓ — close=53.4200 > prev_high=53.3800 > ema9=53.3184
2026-07-31 09:19:23 DEBUG    app.services.strategy_ema  [S2-freshness][WMT] CALL cross 28 bars old — within 40-bar window ✓
2026-07-31 09:19:23 INFO     app.services.strategy  [FISV] [L1] PUT entries disabled (s1_puts_enabled=0) — skip
2026-07-31 09:19:23 INFO     app.services.strategy_ema  [S2-pullback][WMT] CALL pullback ✓ — pullback-bar low=111.4650 close=111.4700 EMA9=111.5248
2026-07-31 09:19:23 INFO     app.services.strategy_ema  [S2-confirm][WMT] CALL confirmation failed — candle bullish (open=111.4700 close=111.5200) prev_high=111.5000 ema9=111.5248 above_ema9=False
2026-07-31 09:19:23 INFO     app.services.strategy  [QCOM] [L1] PUT entries disabled (s1_puts_enabled=0) — skip
2026-07-31 09:19:23 INFO     app.services.scheduler  [S2][QCOM] PUT entries disabled (s2_puts_enabled=0) — skip
2026-07-31 09:19:23 INFO     app.services.scheduler  [S2][FISV] Structural levels: stop_u=53.27 target_u=53.77 R/R=2.23 → option SL=2.04 (−8%) TP=2.39 | stop 0.15 = 1.16×ATR(0.13)
2026-07-31 09:19:24 INFO     app.services.scheduler  [S2][FISV] Limit order 139614450 placed: FISV260807C00054000 x2 @ $2.22
2026-07-31 09:19:24 INFO     app.services.strategy  [TSLA] [L1] CALL rejected — price 307.81 is only 0.188% from VWAP 307.24 (min clearance 0.40% — AT RISK, no directional conviction)
2026-07-31 09:19:24 DEBUG    app.services.strategy_ema  [S2-freshness][TSLA] CALL cross 3 bars old — within 40-bar window ✓
2026-07-31 09:19:24 INFO     app.services.strategy_ema  [S2-pullback][TSLA] CALL pullback ✓ — pullback-bar low=307.4200 close=307.8200 EMA9=307.4745
2026-07-31 09:19:24 INFO     app.services.strategy_ema  [S2-confirm][TSLA] CALL confirmation failed — candle bearish/doji (open=307.8600 close=307.7250) prev_high=307.9097 ema9=307.4745 above_ema9=True
2026-07-31 09:19:24 INFO     app.services.strategy  [MSFT] [L1] CALL rejected — price 462.74 is 1.122% from VWAP 457.60 (band=0.80% — waiting for pullback to VWAP)
2026-07-31 09:19:24 INFO     app.services.strategy  [META] [L1] CALL rejected — price 548.43 is BELOW VWAP 548.51 (wrong side for bullish bounce)
2026-07-31 09:19:24 DEBUG    app.services.strategy_ema  [S2-freshness][MSFT] CALL cross 9 bars old — within 40-bar window ✓
2026-07-31 09:19:24 DEBUG    app.services.strategy_ema  [S2-pullback][MSFT] CALL — no pullback: pullback-bar low=462.8100 close=463.3400 EMA9=460.6833 (need low≤EMA9 or close within 0.4607)
2026-07-31 09:19:46 WARNING  apscheduler.scheduler  Execution of job "scan_for_entries_s2 (trigger: interval[0:00:30], next run at: 2026-07-31 12:19:46 EDT)" skipped: maximum number of running instances reached (1)
2026-07-31 09:20:17 INFO     app.services.scheduler  [Primary] [adaptive-band] QQQ → band=0.80% (normal (adaptive off)) | regime=NEUTRAL
2026-07-31 09:20:18 INFO     app.services.scheduler  [vol-ceiling][AAPL] Symbol too hot — true range 409% of its own ATR(14) (max 250%) — post-event whip risk, blocking entry
2026-07-31 09:20:18 INFO     app.services.scheduler  [vol-ceiling][AAPL] Symbol too hot — true range 409% of its own ATR(14) (max 250%) — post-event whip risk, blocking entry
2026-07-31 09:20:18 INFO     app.services.scheduler  [vol-ceiling][AMZN] Symbol too hot — true range 526% of its own ATR(14) (max 250%) — post-event whip risk, blocking entry
2026-07-31 09:20:18 INFO     app.services.strategy_ema  [S2-5m-filter][NVDA] CALL blocked — EMA9=196.5021 EMA21=196.5537 close=196.5450 VWAP=197.3280 EMA9_slope=↑ EMA21_slope=↓
2026-07-31 09:20:18 INFO     app.services.strategy  [NVDA] [L1] CALL rejected — price 196.67 is BELOW VWAP 197.32 (wrong side for bullish bounce)
2026-07-31 09:20:18 INFO     app.services.scheduler  [vol-ceiling][AMZN] Symbol too hot — true range 526% of its own ATR(14) (max 250%) — post-event whip risk, blocking entry
2026-07-31 09:20:18 DEBUG    app.services.strategy_ema  [S2-5m-filter][GOOGL] CALL OK — EMA9=351.8114 > EMA21=350.0136 close=353.2050 > VWAP=347.5387 slopes both↑
2026-07-31 09:20:18 INFO     app.services.strategy_ema  [S2-freshness][GOOGL] No CALL EMA cross found in TODAY's session — trend predates today, blocking
2026-07-31 09:20:19 INFO     app.services.strategy  [GOOGL] [L1] CALL rejected — price 353.16 is 1.593% from VWAP 347.62 (band=0.80% — waiting for pullback to VWAP)
2026-07-31 09:20:19 INFO     app.services.strategy  [INTC] [L1] PUT entries disabled (s1_puts_enabled=0) — skip
2026-07-31 09:20:19 INFO     app.services.strategy  [PLTR] [L1] CALL rejected — price 122.42 is 1.011% from VWAP 121.19 (band=0.80% — waiting for pullback to VWAP)
2026-07-31 09:20:20 INFO     app.services.strategy_ema  [S2-5m-filter][NFLX] CALL blocked — EMA9=71.6502 EMA21=71.6752 close=71.6950 VWAP=71.7294 EMA9_slope=↑ EMA21_slope=↑
2026-07-31 09:20:20 DEBUG    app.services.strategy_ema  [S2-5m-filter][PLTR] CALL OK — EMA9=121.7262 > EMA21=121.3348 close=122.4900 > VWAP=121.2419 slopes both↑
2026-07-31 09:20:20 DEBUG    app.services.strategy_ema  [S2-freshness][PLTR] CALL cross 5 bars old — within 40-bar window ✓
2026-07-31 09:20:20 DEBUG    app.services.strategy_ema  [S2-pullback][PLTR] CALL — no pullback: pullback-bar low=122.2100 close=122.3700 EMA9=121.7262 (need low≤EMA9 or close within 0.1217)
2026-07-31 09:20:20 INFO     app.services.strategy_ema  [S2-5m-filter][INTC] CALL blocked — EMA9=91.9911 EMA21=92.2822 close=91.8400 VWAP=93.7524 EMA9_slope=↓ EMA21_slope=↓
2026-07-31 09:20:20 INFO     app.services.scheduler  [S2][INTC] PUT entries disabled (s2_puts_enabled=0) — skip
2026-07-31 09:20:20 INFO     app.services.strategy  [NFLX] [L1] PUT entries disabled (s1_puts_enabled=0) — skip
2026-07-31 09:20:21 INFO     app.services.strategy  [SHOP] [L1] PUT entries disabled (s1_puts_enabled=0) — skip
2026-07-31 09:20:21 INFO     app.services.strategy_ema  [S2-5m-filter][SHOP] CALL blocked — EMA9=117.1992 EMA21=117.3618 close=117.8100 VWAP=118.2596 EMA9_slope=↑ EMA21_slope=↑
2026-07-31 09:20:22 INFO     app.services.scheduler  [energy-gate][UBER] Symbol not in play — true range 38% of its own ATR(14) (min 50%) — blocking entry
2026-07-31 09:20:22 INFO     app.services.strategy  [IWM] [L1] PUT entries disabled (s1_puts_enabled=0) — skip
2026-07-31 09:20:23 INFO     app.services.strategy  [CRM] [L1] CALL rejected — price 182.72 is 0.881% from VWAP 181.12 (band=0.80% — waiting for pullback to VWAP)
2026-07-31 09:20:23 INFO     app.services.scheduler  [WMT] TP cooldown active — last TRAILING_STOP exit at 15:54 UTC (30-min window)
2026-07-31 09:20:23 INFO     app.services.scheduler  [vol-ceiling][COIN] Symbol too hot — true range 270% of its own ATR(14) (max 250%) — post-event whip risk, blocking entry
2026-07-31 09:20:23 INFO     app.services.strategy  [UBER] [L1] EMA trend 'bullish' not yet confirmed for 2 consecutive bars — skipping
2026-07-31 09:20:23 INFO     app.services.strategy_ema  [S2-5m-filter][WMT] CALL blocked — EMA9=111.5198 EMA21=111.4366 close=111.5000 VWAP=111.1602 EMA9_slope=↓ EMA21_slope=↑
2026-07-31 09:20:23 INFO     app.services.strategy_ema  [S2-5m-filter][FIG] CALL blocked — EMA9=24.0669 EMA21=24.0443 close=24.1450 VWAP=24.1694 EMA9_slope=↑ EMA21_slope=↑
2026-07-31 09:20:24 INFO     app.services.strategy_ema  [S2-5m-filter][QCOM] CALL blocked — EMA9=148.2498 EMA21=148.4133 close=148.1600 VWAP=148.7000 EMA9_slope=↓ EMA21_slope=↓
2026-07-31 09:20:24 INFO     app.services.scheduler  [S2][QCOM] PUT entries disabled (s2_puts_enabled=0) — skip
2026-07-31 09:20:25 INFO     app.services.scheduler  [vol-ceiling][COIN] Symbol too hot — true range 270% of its own ATR(14) (max 250%) — post-event whip risk, blocking entry
2026-07-31 09:20:25 INFO     app.services.strategy  [FISV] [L1] PUT entries disabled (s1_puts_enabled=0) — skip
2026-07-31 09:20:25 DEBUG    app.services.strategy_ema  [S2-5m-filter][FISV] CALL OK — EMA9=53.3388 > EMA21=53.2606 close=53.4200 > VWAP=53.1766 slopes both↑
2026-07-31 09:20:25 DEBUG    app.services.strategy_ema  [S2-freshness][FISV] CALL cross 5 bars old — within 40-bar window ✓
2026-07-31 09:20:25 DEBUG    app.services.strategy_ema  [S2-pullback][FISV] CALL — no pullback: pullback-bar low=53.3669 close=53.4200 EMA9=53.3388 (need low≤EMA9 or close within 0.0533)
2026-07-31 09:20:25 INFO     app.services.strategy  [QCOM] [L1] PUT entries disabled (s1_puts_enabled=0) — skip
2026-07-31 09:20:25 DEBUG    app.services.strategy_ema  [S2-5m-filter][TSLA] CALL OK — EMA9=307.5223 > EMA21=307.2701 close=307.7136 > VWAP=307.2180 slopes both↑
2026-07-31 09:20:25 DEBUG    app.services.strategy_ema  [S2-freshness][TSLA] CALL cross 4 bars old — within 40-bar window ✓
2026-07-31 09:20:27 INFO     app.services.strategy_ema  [S2-pullback][TSLA] CALL pullback ✓ — pullback-bar low=307.5500 close=307.7250 EMA9=307.5223
2026-07-31 09:20:27 INFO     app.services.strategy_ema  [S2-confirm][TSLA] CALL confirmation failed — candle bullish (open=307.6800 close=307.7136) prev_high=307.9500 ema9=307.5223 above_ema9=True
2026-07-31 09:20:27 INFO     app.services.strategy  [MSFT] [L1] CALL rejected — price 463.39 is 1.262% from VWAP 457.62 (band=0.80% — waiting for pullback to VWAP)
2026-07-31 09:20:27 DEBUG    app.services.strategy_ema  [S2-5m-filter][MSFT] CALL OK — EMA9=461.1846 > EMA21=459.1714 close=463.1901 > VWAP=457.8450 slopes both↑
2026-07-31 09:20:27 DEBUG    app.services.strategy_ema  [S2-freshness][MSFT] CALL cross 10 bars old — within 40-bar window ✓
2026-07-31 09:20:27 DEBUG    app.services.strategy_ema  [S2-pullback][MSFT] CALL — no pullback: pullback-bar low=463.0301 close=463.5400 EMA9=461.1846 (need low≤EMA9 or close within 0.4612)
2026-07-31 09:20:27 INFO     app.services.strategy  [TSLA] [L1] CALL rejected — price 307.44 is only 0.066% from VWAP 307.24 (min clearance 0.40% — AT RISK, no directional conviction)
2026-07-31 09:20:27 INFO     app.services.strategy_ema  [S2-5m-filter][META] CALL blocked — EMA9=546.7530 EMA21=546.3260 close=548.1650 VWAP=548.3824 EMA9_slope=↑ EMA21_slope=↑
2026-07-31 09:20:28 INFO     app.services.strategy  [META] [L1] CALL rejected — price 548.28 is BELOW VWAP 548.51 (wrong side for bullish bounce)
2026-07-31 09:20:47 INFO     app.services.scheduler  [vol-ceiling][AMZN] Symbol too hot — true range 526% of its own ATR(14) (max 250%) — post-event whip risk, blocking entry
2026-07-31 09:20:47 INFO     app.services.scheduler  [vol-ceiling][AAPL] Symbol too hot — true range 409% of its own ATR(14) (max 250%) — post-event whip risk, blocking entry
2026-07-31 09:20:48 INFO     app.services.scheduler  [S2][INTC] PUT entries disabled (s2_puts_enabled=0) — skip
2026-07-31 09:20:48 DEBUG    app.services.strategy_ema  [S2-freshness][PLTR] CALL cross 5 bars old — within 40-bar window ✓
2026-07-31 09:20:48 INFO     app.services.strategy_ema  [S2-freshness][GOOGL] No CALL EMA cross found in TODAY's session — trend predates today, blocking
2026-07-31 09:20:48 DEBUG    app.services.strategy_ema  [S2-pullback][PLTR] CALL — no pullback: pullback-bar low=122.2100 close=122.3700 EMA9=121.7262 (need low≤EMA9 or close within 0.1217)
2026-07-31 09:20:48 INFO     app.services.scheduler  [vol-ceiling][COIN] Symbol too hot — true range 270% of its own ATR(14) (max 250%) — post-event whip risk, blocking entry
2026-07-31 09:20:48 INFO     app.services.scheduler  [energy-gate][UBER] Symbol not in play — true range 38% of its own ATR(14) (min 50%) — blocking entry
2026-07-31 09:20:48 DEBUG    app.services.strategy_ema  [S2-freshness][FISV] CALL cross 5 bars old — within 40-bar window ✓
2026-07-31 09:20:48 DEBUG    app.services.strategy_ema  [S2-pullback][FISV] CALL — no pullback: pullback-bar low=53.3669 close=53.4200 EMA9=53.3388 (need low≤EMA9 or close within 0.0533)
2026-07-31 09:20:48 INFO     app.services.scheduler  [S2][QCOM] PUT entries disabled (s2_puts_enabled=0) — skip
2026-07-31 09:20:48 DEBUG    app.services.strategy_ema  [S2-freshness][TSLA] CALL cross 4 bars old — within 40-bar window ✓
2026-07-31 09:20:48 INFO     app.services.strategy_ema  [S2-pullback][TSLA] CALL pullback ✓ — pullback-bar low=307.5500 close=307.7250 EMA9=307.5223
2026-07-31 09:20:48 INFO     app.services.strategy_ema  [S2-confirm][TSLA] CALL confirmation failed — candle bullish (open=307.6800 close=307.7136) prev_high=307.9500 ema9=307.5223 above_ema9=True
2026-07-31 09:20:48 DEBUG    app.services.strategy_ema  [S2-freshness][MSFT] CALL cross 10 bars old — within 40-bar window ✓
2026-07-31 09:20:48 DEBUG    app.services.strategy_ema  [S2-pullback][MSFT] CALL — no pullback: pullback-bar low=463.0301 close=463.5400 EMA9=461.1846 (need low≤EMA9 or close within 0.4612)
2026-07-31 09:21:17 INFO     app.services.scheduler  [Primary] [adaptive-band] QQQ → band=0.80% (normal (adaptive off)) | regime=NEUTRAL
2026-07-31 09:21:17 INFO     app.services.scheduler  [vol-ceiling][AMZN] Symbol too hot — true range 526% of its own ATR(14) (max 250%) — post-event whip risk, blocking entry
2026-07-31 09:21:17 INFO     app.services.scheduler  [vol-ceiling][AAPL] Symbol too hot — true range 409% of its own ATR(14) (max 250%) — post-event whip risk, blocking entry
2026-07-31 09:21:18 INFO     app.services.strategy  [NVDA] [L1] CALL rejected — price 196.84 is BELOW VWAP 197.32 (wrong side for bullish bounce)
2026-07-31 09:21:18 INFO     app.services.scheduler  [vol-ceiling][AAPL] Symbol too hot — true range 409% of its own ATR(14) (max 250%) — post-event whip risk, blocking entry
2026-07-31 09:21:18 INFO     app.services.scheduler  [vol-ceiling][AMZN] Symbol too hot — true range 526% of its own ATR(14) (max 250%) — post-event whip risk, blocking entry
2026-07-31 09:21:18 DEBUG    app.services.strategy_ema  [S2-freshness][PLTR] CALL cross 5 bars old — within 40-bar window ✓
2026-07-31 09:21:18 INFO     app.services.strategy_ema  [S2-freshness][GOOGL] No CALL EMA cross found in TODAY's session — trend predates today, blocking
2026-07-31 09:21:18 INFO     app.services.scheduler  [S2][INTC] PUT entries disabled (s2_puts_enabled=0) — skip
2026-07-31 09:21:19 INFO     app.services.strategy  [GOOGL] [L1] CALL rejected — price 353.68 is 1.733% from VWAP 347.66 (band=0.80% — waiting for pullback to VWAP)
2026-07-31 09:21:19 DEBUG    app.services.strategy_ema  [S2-pullback][PLTR] CALL — no pullback: pullback-bar low=122.3850 close=122.4900 EMA9=121.7262 (need low≤EMA9 or close within 0.1217)
2026-07-31 09:21:19 INFO     app.services.strategy  [PLTR] [L1] CALL rejected — price 122.38 is 0.973% from VWAP 121.20 (band=0.80% — waiting for pullback to VWAP)
2026-07-31 09:21:20 INFO     app.services.strategy  [INTC] [L1] PUT entries disabled (s1_puts_enabled=0) — skip
2026-07-31 09:21:20 INFO     app.services.strategy  [SHOP] [L1] PUT entries disabled (s1_puts_enabled=0) — skip
2026-07-31 09:21:20 INFO     app.services.strategy  [NFLX] [L1] PUT entries disabled (s1_puts_enabled=0) — skip
2026-07-31 09:21:20 INFO     app.services.scheduler  [energy-gate][UBER] Symbol not in play — true range 38% of its own ATR(14) (min 50%) — blocking entry
2026-07-31 09:21:21 INFO     app.services.strategy  [CRM] [L1] CALL rejected — price 182.78 is 0.919% from VWAP 181.12 (band=0.80% — waiting for pullback to VWAP)
2026-07-31 09:21:21 INFO     app.services.scheduler  [vol-ceiling][COIN] Symbol too hot — true range 270% of its own ATR(14) (max 250%) — post-event whip risk, blocking entry
2026-07-31 09:21:21 INFO     app.services.strategy  [IWM] [L1] PUT entries disabled (s1_puts_enabled=0) — skip
2026-07-31 09:21:21 INFO     app.services.scheduler  [WMT] TP cooldown active — last TRAILING_STOP exit at 15:54 UTC (30-min window)
2026-07-31 09:21:21 INFO     app.services.strategy  [UBER] [L1] EMA trend 'bullish' not yet confirmed for 2 consecutive bars — skipping
2026-07-31 09:21:22 INFO     app.services.scheduler  [vol-ceiling][COIN] Symbol too hot — true range 270% of its own ATR(14) (max 250%) — post-event whip risk, blocking entry
2026-07-31 09:21:22 DEBUG    app.services.strategy_ema  [S2-freshness][FISV] CALL cross 5 bars old — within 40-bar window ✓
2026-07-31 09:21:22 INFO     app.services.scheduler  [S2][QCOM] PUT entries disabled (s2_puts_enabled=0) — skip
2026-07-31 09:21:22 INFO     app.services.strategy  [FISV] [L1] PUT entries disabled (s1_puts_enabled=0) — skip
2026-07-31 09:21:22 DEBUG    app.services.strategy_ema  [S2-pullback][FISV] CALL — no pullback: pullback-bar low=53.4100 close=53.4200 EMA9=53.3388 (need low≤EMA9 or close within 0.0533)
2026-07-31 09:21:23 DEBUG    app.services.strategy_ema  [S2-freshness][TSLA] CALL cross 4 bars old — within 40-bar window ✓
2026-07-31 09:21:23 INFO     app.services.strategy  [QCOM] [L1] PUT entries disabled (s1_puts_enabled=0) — skip
2026-07-31 09:21:23 INFO     app.services.strategy  [TSLA] [L1] CALL rejected — price 307.78 is only 0.176% from VWAP 307.24 (min clearance 0.40% — AT RISK, no directional conviction)
2026-07-31 09:21:23 INFO     app.services.strategy_ema  [S2-pullback][TSLA] CALL pullback ✓ — pullback-bar low=307.6015 close=307.7136 EMA9=307.5223
2026-07-31 09:21:23 INFO     app.services.strategy_ema  [S2-confirm][TSLA] CALL confirmation failed — candle bullish (open=307.6750 close=307.8200) prev_high=307.9100 ema9=307.5223 above_ema9=True
2026-07-31 09:21:23 INFO     app.services.strategy  [MSFT] [L1] CALL rejected — price 463.75 is 1.335% from VWAP 457.64 (band=0.80% — waiting for pullback to VWAP)
2026-07-31 09:21:23 DEBUG    app.services.strategy_ema  [S2-freshness][MSFT] CALL cross 10 bars old — within 40-bar window ✓
2026-07-31 09:21:23 DEBUG    app.services.strategy_ema  [S2-pullback][MSFT] CALL — no pullback: pullback-bar low=462.6710 close=463.1901 EMA9=461.1846 (need low≤EMA9 or close within 0.4612)
2026-07-31 09:21:23 INFO     app.services.strategy  [META] [L1] CALL rejected — price 548.72 is only 0.038% from VWAP 548.51 (min clearance 0.40% — AT RISK, no directional conviction)
2026-07-31 09:21:47 INFO     app.services.scheduler  [vol-ceiling][AMZN] Symbol too hot — true range 526% of its own ATR(14) (max 250%) — post-event whip risk, blocking entry
2026-07-31 09:21:47 INFO     app.services.scheduler  [vol-ceiling][AAPL] Symbol too hot — true range 409% of its own ATR(14) (max 250%) — post-event whip risk, blocking entry
2026-07-31 09:21:48 INFO     app.services.strategy_ema  [S2-freshness][GOOGL] No CALL EMA cross found in TODAY's session — trend predates today, blocking
2026-07-31 09:21:48 INFO     app.services.scheduler  [S2][INTC] PUT entries disabled (s2_puts_enabled=0) — skip
2026-07-31 09:21:48 DEBUG    app.services.strategy_ema  [S2-freshness][PLTR] CALL cross 5 bars old — within 40-bar window ✓
2026-07-31 09:21:48 DEBUG    app.services.strategy_ema  [S2-pullback][PLTR] CALL — no pullback: pullback-bar low=122.3850 close=122.4900 EMA9=121.7262 (need low≤EMA9 or close within 0.1217)
2026-07-31 09:21:49 INFO     app.services.scheduler  [energy-gate][UBER] Symbol not in play — true range 38% of its own ATR(14) (min 50%) — blocking entry
2026-07-31 09:21:49 INFO     app.services.scheduler  [vol-ceiling][COIN] Symbol too hot — true range 270% of its own ATR(14) (max 250%) — post-event whip risk, blocking entry
2026-07-31 09:21:49 DEBUG    app.services.strategy_ema  [S2-freshness][FISV] CALL cross 5 bars old — within 40-bar window ✓
2026-07-31 09:21:49 INFO     app.services.scheduler  [S2][QCOM] PUT entries disabled (s2_puts_enabled=0) — skip
2026-07-31 09:21:49 DEBUG    app.services.strategy_ema  [S2-pullback][FISV] CALL — no pullback: pullback-bar low=53.4100 close=53.4200 EMA9=53.3388 (need low≤EMA9 or close within 0.0533)
2026-07-31 09:21:50 DEBUG    app.services.strategy_ema  [S2-freshness][TSLA] CALL cross 4 bars old — within 40-bar window ✓
2026-07-31 09:21:50 DEBUG    app.services.strategy_ema  [S2-freshness][MSFT] CALL cross 10 bars old — within 40-bar window ✓
2026-07-31 09:21:50 INFO     app.services.strategy_ema  [S2-pullback][TSLA] CALL pullback ✓ — pullback-bar low=307.6015 close=307.7136 EMA9=307.5223
2026-07-31 09:21:50 INFO     app.services.strategy_ema  [S2-confirm][TSLA] CALL confirmation failed — candle bullish (open=307.6750 close=307.8200) prev_high=307.9100 ema9=307.5223 above_ema9=True
2026-07-31 09:21:50 DEBUG    app.services.strategy_ema  [S2-pullback][MSFT] CALL — no pullback: pullback-bar low=462.6710 close=463.1901 EMA9=461.1846 (need low≤EMA9 or close within 0.4612)
2026-07-31 09:22:17 INFO     app.services.scheduler  [Primary] [adaptive-band] QQQ → band=0.80% (normal (adaptive off)) | regime=NEUTRAL
2026-07-31 09:22:17 INFO     app.services.scheduler  [vol-ceiling][AAPL] Symbol too hot — true range 409% of its own ATR(14) (max 250%) — post-event whip risk, blocking entry
2026-07-31 09:22:17 INFO     app.services.strategy  [NVDA] [L1] CALL rejected — price 196.96 is BELOW VWAP 197.32 (wrong side for bullish bounce)
2026-07-31 09:22:17 INFO     app.services.scheduler  [vol-ceiling][AMZN] Symbol too hot — true range 526% of its own ATR(14) (max 250%) — post-event whip risk, blocking entry
2026-07-31 09:22:17 INFO     app.services.scheduler  [vol-ceiling][AAPL] Symbol too hot — true range 409% of its own ATR(14) (max 250%) — post-event whip risk, blocking entry
2026-07-31 09:22:18 INFO     app.services.scheduler  [vol-ceiling][AMZN] Symbol too hot — true range 526% of its own ATR(14) (max 250%) — post-event whip risk, blocking entry
2026-07-31 09:22:19 INFO     app.services.strategy  [PLTR] [L1] CALL rejected — price 122.42 is 1.005% from VWAP 121.20 (band=0.80% — waiting for pullback to VWAP)
2026-07-31 09:22:19 INFO     app.services.strategy  [GOOGL] [L1] CALL rejected — price 353.62 is 1.702% from VWAP 347.70 (band=0.80% — waiting for pullback to VWAP)
2026-07-31 09:22:19 INFO     app.services.strategy  [INTC] [L1] PUT entries disabled (s1_puts_enabled=0) — skip
2026-07-31 09:22:19 INFO     app.services.strategy_ema  [S2-freshness][GOOGL] No CALL EMA cross found in TODAY's session — trend predates today, blocking
2026-07-31 09:22:19 DEBUG    app.services.strategy_ema  [S2-freshness][PLTR] CALL cross 5 bars old — within 40-bar window ✓
2026-07-31 09:22:19 DEBUG    app.services.strategy_ema  [S2-pullback][PLTR] CALL — no pullback: pullback-bar low=122.3000 close=122.4999 EMA9=121.7262 (need low≤EMA9 or close within 0.1217)
2026-07-31 09:22:19 INFO     app.services.scheduler  [S2][INTC] PUT entries disabled (s2_puts_enabled=0) — skip
2026-07-31 09:22:19 INFO     app.services.strategy  [NFLX] [L1] PUT entries disabled (s1_puts_enabled=0) — skip
2026-07-31 09:22:20 INFO     app.services.scheduler  [energy-gate][UBER] Symbol not in play — true range 38% of its own ATR(14) (min 50%) — blocking entry
2026-07-31 09:22:20 INFO     app.services.strategy  [SHOP] [L1] PUT entries disabled (s1_puts_enabled=0) — skip
2026-07-31 09:22:20 INFO     app.services.scheduler  [vol-ceiling][COIN] Symbol too hot — true range 270% of its own ATR(14) (max 250%) — post-event whip risk, blocking entry
2026-07-31 09:22:20 INFO     app.services.strategy  [IWM] [L1] PUT entries disabled (s1_puts_enabled=0) — skip
2026-07-31 09:22:20 INFO     app.services.strategy  [UBER] [L1] EMA trend 'bullish' not yet confirmed for 2 consecutive bars — skipping
2026-07-31 09:22:20 INFO     app.services.scheduler  [WMT] TP cooldown active — last TRAILING_STOP exit at 15:54 UTC (30-min window)
2026-07-31 09:22:21 INFO     app.services.strategy  [CRM] [L1] CALL rejected — price 182.72 is 0.879% from VWAP 181.13 (band=0.80% — waiting for pullback to VWAP)
2026-07-31 09:22:21 INFO     app.services.scheduler  [vol-ceiling][COIN] Symbol too hot — true range 270% of its own ATR(14) (max 250%) — post-event whip risk, blocking entry
2026-07-31 09:22:21 DEBUG    app.services.strategy_ema  [S2-freshness][FISV] CALL cross 5 bars old — within 40-bar window ✓
2026-07-31 09:22:21 DEBUG    app.services.strategy_ema  [S2-pullback][FISV] CALL — no pullback: pullback-bar low=53.4250 close=53.4600 EMA9=53.3388 (need low≤EMA9 or close within 0.0533)
2026-07-31 09:22:21 INFO     app.services.scheduler  [S2][QCOM] PUT entries disabled (s2_puts_enabled=0) — skip
2026-07-31 09:22:22 INFO     app.services.strategy  [FISV] [L1] PUT entries disabled (s1_puts_enabled=0) — skip
2026-07-31 09:22:22 DEBUG    app.services.strategy_ema  [S2-freshness][TSLA] CALL cross 4 bars old — within 40-bar window ✓
2026-07-31 09:22:22 INFO     app.services.strategy  [QCOM] [L1] PUT entries disabled (s1_puts_enabled=0) — skip
2026-07-31 09:22:22 INFO     app.services.strategy  [TSLA] [L1] CALL rejected — price 308.03 is only 0.257% from VWAP 307.24 (min clearance 0.40% — AT RISK, no directional conviction)
2026-07-31 09:22:22 DEBUG    app.services.strategy_ema  [S2-freshness][MSFT] CALL cross 10 bars old — within 40-bar window ✓
2026-07-31 09:22:22 INFO     app.services.strategy_ema  [S2-pullback][TSLA] CALL pullback ✓ — pullback-bar low=307.3100 close=307.8200 EMA9=307.5223
2026-07-31 09:22:22 INFO     app.services.strategy_ema  [S2-confirm][TSLA] CALL confirmed ✓ — close=307.9300 > prev_high=307.8200 > ema9=307.5223
2026-07-31 09:22:22 DEBUG    app.services.strategy_ema  [S2-pullback][MSFT] CALL — no pullback: pullback-bar low=463.1900 close=463.5550 EMA9=461.1846 (need low≤EMA9 or close within 0.4612)
2026-07-31 09:22:22 INFO     app.services.strategy  [MSFT] [L1] CALL rejected — price 464.02 is 1.384% from VWAP 457.69 (band=0.80% — waiting for pullback to VWAP)
2026-07-31 09:22:23 INFO     app.services.scheduler  [S2][TSLA] Structural levels: stop_u=306.83 target_u=315.50 R/R=6.23 → option SL=3.59 (−15%) TP=8.01 | stop 1.20 = 1.00×ATR(1.20) [WIDENED by ATR floor]
2026-07-31 09:22:23 INFO     app.services.scheduler  [S2][TSLA] Limit order 139615871 placed: TSLA260803C00307500 x1 @ $4.20
2026-07-31 09:22:23 INFO     app.services.strategy  [META] [L1] CALL rejected — price 548.76 is only 0.045% from VWAP 548.51 (min clearance 0.40% — AT RISK, no directional conviction)
2026-07-31 09:22:25 INFO     app.services.scheduler  [Primary] [S2][TSLA] Trade OPENED: CALL TSLA260803C00307500 x1 @ $4.20  SL=3.59  TP=8.01
2026-07-31 09:22:47 INFO     app.services.scheduler  [vol-ceiling][AAPL] Symbol too hot — true range 409% of its own ATR(14) (max 250%) — post-event whip risk, blocking entry
2026-07-31 09:22:47 INFO     app.services.scheduler  [vol-ceiling][AMZN] Symbol too hot — true range 526% of its own ATR(14) (max 250%) — post-event whip risk, blocking entry
2026-07-31 09:22:47 INFO     app.services.strategy_ema  [S2-freshness][GOOGL] No CALL EMA cross found in TODAY's session — trend predates today, blocking
2026-07-31 09:22:48 DEBUG    app.services.strategy_ema  [S2-freshness][PLTR] CALL cross 5 bars old — within 40-bar window ✓
2026-07-31 09:22:48 DEBUG    app.services.strategy_ema  [S2-pullback][PLTR] CALL — no pullback: pullback-bar low=122.3000 close=122.4999 EMA9=121.7262 (need low≤EMA9 or close within 0.1217)
2026-07-31 09:22:48 INFO     app.services.scheduler  [S2][INTC] PUT entries disabled (s2_puts_enabled=0) — skip
2026-07-31 09:22:48 DEBUG    app.services.strategy_ema  [S2-exit] Hard stop suppressed — 0.4 min into trade (min_hold=10)
2026-07-31 09:22:48 INFO     app.services.scheduler  [energy-gate][UBER] Symbol not in play — true range 38% of its own ATR(14) (min 50%) — blocking entry
2026-07-31 09:22:48 INFO     app.services.scheduler  [vol-ceiling][COIN] Symbol too hot — true range 270% of its own ATR(14) (max 250%) — post-event whip risk, blocking entry
2026-07-31 09:22:49 DEBUG    app.services.strategy_ema  [S2-freshness][FISV] CALL cross 5 bars old — within 40-bar window ✓
2026-07-31 09:22:49 DEBUG    app.services.strategy_ema  [S2-pullback][FISV] CALL — no pullback: pullback-bar low=53.4250 close=53.4600 EMA9=53.3388 (need low≤EMA9 or close within 0.0533)
2026-07-31 09:22:49 INFO     app.services.scheduler  [S2][QCOM] PUT entries disabled (s2_puts_enabled=0) — skip
2026-07-31 09:22:49 DEBUG    app.services.strategy_ema  [S2-freshness][MSFT] CALL cross 10 bars old — within 40-bar window ✓
2026-07-31 09:22:49 DEBUG    app.services.strategy_ema  [S2-pullback][MSFT] CALL — no pullback: pullback-bar low=463.1900 close=463.5550 EMA9=461.1846 (need low≤EMA9 or close within 0.4612)
2026-07-31 09:23:17 INFO     app.services.scheduler  [vol-ceiling][AAPL] Symbol too hot — true range 409% of its own ATR(14) (max 250%) — post-event whip risk, blocking entry
2026-07-31 09:23:17 INFO     app.services.scheduler  [vol-ceiling][AMZN] Symbol too hot — true range 526% of its own ATR(14) (max 250%) — post-event whip risk, blocking entry
2026-07-31 09:23:17 INFO     app.services.strategy_ema  [S2-freshness][GOOGL] No CALL EMA cross found in TODAY's session — trend predates today, blocking
2026-07-31 09:23:17 DEBUG    app.services.strategy_ema  [S2-freshness][PLTR] CALL cross 5 bars old — within 40-bar window ✓
2026-07-31 09:23:17 INFO     app.services.scheduler  [S2][INTC] PUT entries disabled (s2_puts_enabled=0) — skip
2026-07-31 09:23:18 DEBUG    app.services.strategy_ema  [S2-pullback][PLTR] CALL — no pullback: pullback-bar low=122.3100 close=122.4000 EMA9=121.7262 (need low≤EMA9 or close within 0.1217)
2026-07-31 09:23:18 INFO     app.services.scheduler  [energy-gate][UBER] Symbol not in play — true range 38% of its own ATR(14) (min 50%) — blocking entry
2026-07-31 09:23:18 DEBUG    app.services.strategy_ema  [S2-exit] Hard stop suppressed — 0.9 min into trade (min_hold=10)
2026-07-31 09:23:18 INFO     app.services.scheduler  [vol-ceiling][COIN] Symbol too hot — true range 270% of its own ATR(14) (max 250%) — post-event whip risk, blocking entry
2026-07-31 09:23:18 DEBUG    app.services.strategy_ema  [S2-freshness][FISV] CALL cross 5 bars old — within 40-bar window ✓
2026-07-31 09:23:19 DEBUG    app.services.strategy_ema  [S2-pullback][FISV] CALL — no pullback: pullback-bar low=53.3900 close=53.4500 EMA9=53.3388 (need low≤EMA9 or close within 0.0533)
2026-07-31 09:23:19 INFO     app.services.scheduler  [S2][QCOM] PUT entries disabled (s2_puts_enabled=0) — skip
2026-07-31 09:23:19 DEBUG    app.services.strategy_ema  [S2-freshness][MSFT] CALL cross 10 bars old — within 40-bar window ✓
2026-07-31 09:23:19 DEBUG    app.services.strategy_ema  [S2-pullback][MSFT] CALL — no pullback: pullback-bar low=463.4500 close=463.7500 EMA9=461.1846 (need low≤EMA9 or close within 0.4612)
2026-07-31 09:23:47 INFO     app.services.scheduler  [vol-ceiling][AMZN] Symbol too hot — true range 526% of its own ATR(14) (max 250%) — post-event whip risk, blocking entry
2026-07-31 09:23:47 INFO     app.services.scheduler  [vol-ceiling][AAPL] Symbol too hot — true range 409% of its own ATR(14) (max 250%) — post-event whip risk, blocking entry
2026-07-31 09:23:48 INFO     app.services.strategy_ema  [S2-freshness][GOOGL] No CALL EMA cross found in TODAY's session — trend predates today, blocking
2026-07-31 09:23:48 INFO     app.services.scheduler  [S2][INTC] PUT entries disabled (s2_puts_enabled=0) — skip
2026-07-31 09:23:48 DEBUG    app.services.strategy_ema  [S2-freshness][PLTR] CALL cross 5 bars old — within 40-bar window ✓
2026-07-31 09:23:48 DEBUG    app.services.strategy_ema  [S2-exit] Hard stop suppressed — 1.4 min into trade (min_hold=10)
2026-07-31 09:23:48 DEBUG    app.services.strategy_ema  [S2-pullback][PLTR] CALL — no pullback: pullback-bar low=122.3100 close=122.4000 EMA9=121.7262 (need low≤EMA9 or close within 0.1217)
2026-07-31 09:23:48 INFO     app.services.scheduler  [energy-gate][UBER] Symbol not in play — true range 38% of its own ATR(14) (min 50%) — blocking entry
2026-07-31 09:23:48 INFO     app.services.scheduler  [vol-ceiling][COIN] Symbol too hot — true range 270% of its own ATR(14) (max 250%) — post-event whip risk, blocking entry
2026-07-31 09:23:49 DEBUG    app.services.strategy_ema  [S2-freshness][FISV] CALL cross 5 bars old — within 40-bar window ✓
2026-07-31 09:23:49 DEBUG    app.services.strategy_ema  [S2-pullback][FISV] CALL — no pullback: pullback-bar low=53.3900 close=53.4500 EMA9=53.3388 (need low≤EMA9 or close within 0.0533)
2026-07-31 09:23:49 INFO     app.services.scheduler  [S2][QCOM] PUT entries disabled (s2_puts_enabled=0) — skip
2026-07-31 09:23:49 DEBUG    app.services.strategy_ema  [S2-freshness][MSFT] CALL cross 10 bars old — within 40-bar window ✓
2026-07-31 09:23:49 DEBUG    app.services.strategy_ema  [S2-pullback][MSFT] CALL — no pullback: pullback-bar low=463.4500 close=463.7500 EMA9=461.1846 (need low≤EMA9 or close within 0.4612)
2026-07-31 09:24:17 INFO     app.services.scheduler  [vol-ceiling][AMZN] Symbol too hot — true range 526% of its own ATR(14) (max 250%) — post-event whip risk, blocking entry
2026-07-31 09:24:17 INFO     app.services.scheduler  [vol-ceiling][AAPL] Symbol too hot — true range 409% of its own ATR(14) (max 250%) — post-event whip risk, blocking entry
2026-07-31 09:24:17 INFO     app.services.strategy_ema  [S2-freshness][GOOGL] No CALL EMA cross found in TODAY's session — trend predates today, blocking
2026-07-31 09:24:18 DEBUG    app.services.strategy_ema  [S2-freshness][PLTR] CALL cross 5 bars old — within 40-bar window ✓
2026-07-31 09:24:18 INFO     app.services.scheduler  [S2][INTC] PUT entries disabled (s2_puts_enabled=0) — skip
2026-07-31 09:24:18 DEBUG    app.services.strategy_ema  [S2-pullback][PLTR] CALL — no pullback: pullback-bar low=122.3929 close=122.4250 EMA9=121.7262 (need low≤EMA9 or close within 0.1217)
2026-07-31 09:24:18 DEBUG    app.services.strategy_ema  [S2-exit] Hard stop suppressed — 1.9 min into trade (min_hold=10)
2026-07-31 09:24:18 INFO     app.services.scheduler  [energy-gate][UBER] Symbol not in play — true range 38% of its own ATR(14) (min 50%) — blocking entry
2026-07-31 09:24:19 INFO     app.services.scheduler  [vol-ceiling][COIN] Symbol too hot — true range 270% of its own ATR(14) (max 250%) — post-event whip risk, blocking entry
2026-07-31 09:24:19 DEBUG    app.services.strategy_ema  [S2-freshness][FISV] CALL cross 5 bars old — within 40-bar window ✓
2026-07-31 09:24:20 INFO     app.services.scheduler  [S2][QCOM] PUT entries disabled (s2_puts_enabled=0) — skip
2026-07-31 09:24:20 DEBUG    app.services.strategy_ema  [S2-pullback][FISV] CALL — no pullback: pullback-bar low=53.4200 close=53.4200 EMA9=53.3388 (need low≤EMA9 or close within 0.0533)
2026-07-31 09:24:20 DEBUG    app.services.strategy_ema  [S2-freshness][MSFT] CALL cross 10 bars old — within 40-bar window ✓
2026-07-31 09:24:20 DEBUG    app.services.strategy_ema  [S2-pullback][MSFT] CALL — no pullback: pullback-bar low=463.5900 close=464.0100 EMA9=461.1846 (need low≤EMA9 or close within 0.4612)
2026-07-31 09:24:47 INFO     app.services.scheduler  [vol-ceiling][AAPL] Symbol too hot — true range 409% of its own ATR(14) (max 250%) — post-event whip risk, blocking entry
2026-07-31 09:24:47 INFO     app.services.scheduler  [vol-ceiling][AMZN] Symbol too hot — true range 526% of its own ATR(14) (max 250%) — post-event whip risk, blocking entry
2026-07-31 09:24:47 INFO     app.services.strategy_ema  [S2-freshness][GOOGL] No CALL EMA cross found in TODAY's session — trend predates today, blocking
2026-07-31 09:24:47 INFO     app.services.scheduler  [S2][INTC] PUT entries disabled (s2_puts_enabled=0) — skip
2026-07-31 09:24:48 DEBUG    app.services.strategy_ema  [S2-freshness][PLTR] CALL cross 5 bars old — within 40-bar window ✓
2026-07-31 09:24:48 DEBUG    app.services.strategy_ema  [S2-exit] Hard stop suppressed — 2.4 min into trade (min_hold=10)
2026-07-31 09:24:48 DEBUG    app.services.strategy_ema  [S2-pullback][PLTR] CALL — no pullback: pullback-bar low=122.3929 close=122.4250 EMA9=121.7262 (need low≤EMA9 or close within 0.1217)
2026-07-31 09:24:49 INFO     app.services.scheduler  [energy-gate][UBER] Symbol not in play — true range 38% of its own ATR(14) (min 50%) — blocking entry
2026-07-31 09:24:49 INFO     app.services.scheduler  [vol-ceiling][COIN] Symbol too hot — true range 270% of its own ATR(14) (max 250%) — post-event whip risk, blocking entry
2026-07-31 09:24:49 DEBUG    app.services.strategy_ema  [S2-freshness][FISV] CALL cross 5 bars old — within 40-bar window ✓
2026-07-31 09:24:49 INFO     app.services.scheduler  [S2][QCOM] PUT entries disabled (s2_puts_enabled=0) — skip
2026-07-31 09:24:49 DEBUG    app.services.strategy_ema  [S2-pullback][FISV] CALL — no pullback: pullback-bar low=53.4200 close=53.4200 EMA9=53.3388 (need low≤EMA9 or close within 0.0533)
2026-07-31 09:24:49 DEBUG    app.services.strategy_ema  [S2-freshness][MSFT] CALL cross 10 bars old — within 40-bar window ✓
2026-07-31 09:24:50 DEBUG    app.services.strategy_ema  [S2-pullback][MSFT] CALL — no pullback: pullback-bar low=463.5900 close=464.0100 EMA9=461.1846 (need low≤EMA9 or close within 0.4612)
2026-07-31 09:25:17 DEBUG    app.services.strategy_ema  [S2-5m-filter][NVDA] CALL OK — EMA9=196.6957 > EMA21=196.6370 close=197.4701 > VWAP=197.3256 slopes both↑
2026-07-31 09:25:17 DEBUG    app.services.strategy_ema  [S2-freshness][NVDA] CALL cross 0 bars old — within 40-bar window ✓
2026-07-31 09:25:18 INFO     app.services.scheduler  [vol-ceiling][AAPL] Symbol too hot — true range 409% of its own ATR(14) (max 250%) — post-event whip risk, blocking entry
2026-07-31 09:25:18 DEBUG    app.services.strategy_ema  [S2-pullback][NVDA] CALL — no pullback: pullback-bar low=197.2200 close=197.3800 EMA9=196.6957 (need low≤EMA9 or close within 0.1967)
2026-07-31 09:25:18 INFO     app.services.scheduler  [vol-ceiling][AMZN] Symbol too hot — true range 526% of its own ATR(14) (max 250%) — post-event whip risk, blocking entry
2026-07-31 09:25:18 INFO     app.services.strategy_ema  [S2-5m-filter][TSLA] PUT blocked — EMA9=307.7059 EMA21=307.3764 close=308.4401 VWAP=307.2291 EMA9_slope=↑ EMA21_slope=↑
2026-07-31 09:25:19 INFO     app.services.strategy_ema  [S2-5m-filter][INTC] CALL blocked — EMA9=92.0019 EMA21=92.2606 close=92.0450 VWAP=93.7351 EMA9_slope=↑ EMA21_slope=↓
2026-07-31 09:25:19 DEBUG    app.services.strategy_ema  [S2-exit] Hard stop suppressed — 2.9 min into trade (min_hold=10)
2026-07-31 09:25:19 DEBUG    app.services.strategy_ema  [S2-5m-filter][GOOGL] CALL OK — EMA9=352.1871 > EMA21=350.3478 close=353.6900 > VWAP=347.6734 slopes both↑
2026-07-31 09:25:19 INFO     app.services.strategy_ema  [S2-freshness][GOOGL] No CALL EMA cross found in TODAY's session — trend predates today, blocking
2026-07-31 09:25:19 DEBUG    app.services.strategy_ema  [S2-5m-filter][PLTR] CALL OK — EMA9=121.8609 > EMA21=121.4316 close=122.4000 > VWAP=121.2775 slopes both↑
2026-07-31 09:25:19 DEBUG    app.services.strategy_ema  [S2-freshness][PLTR] CALL cross 6 bars old — within 40-bar window ✓
2026-07-31 09:25:19 DEBUG    app.services.strategy_ema  [S2-pullback][PLTR] CALL — no pullback: pullback-bar low=122.2700 close=122.2800 EMA9=121.8609 (need low≤EMA9 or close within 0.1219)
2026-07-31 09:25:19 INFO     app.services.strategy_ema  [S2-5m-filter][NFLX] CALL blocked — EMA9=71.6532 EMA21=71.6742 close=71.6650 VWAP=71.7286 EMA9_slope=↑ EMA21_slope=↓
2026-07-31 09:25:20 INFO     app.services.strategy_ema  [S2-5m-filter][SHOP] CALL blocked — EMA9=117.2734 EMA21=117.3808 close=117.5700 VWAP=118.2451 EMA9_slope=↑ EMA21_slope=↑
2026-07-31 09:25:20 INFO     app.services.scheduler  [energy-gate][UBER] Symbol not in play — true range 38% of its own ATR(14) (min 50%) — blocking entry
2026-07-31 09:25:20 INFO     app.services.scheduler  [vol-ceiling][COIN] Symbol too hot — true range 270% of its own ATR(14) (max 250%) — post-event whip risk, blocking entry
2026-07-31 09:25:20 DEBUG    app.services.strategy_ema  [S2-5m-filter][WMT] CALL OK — EMA9=111.5279 > EMA21=111.4478 close=111.5600 > VWAP=111.1633 slopes both↑
2026-07-31 09:25:20 DEBUG    app.services.strategy_ema  [S2-freshness][WMT] CALL cross 30 bars old — within 40-bar window ✓
2026-07-31 09:25:20 DEBUG    app.services.strategy_ema  [S2-5m-filter][FIG] CALL OK — EMA9=24.0955 > EMA21=24.0594 close=24.2100 > VWAP=24.1697 slopes both↑
2026-07-31 09:25:20 DEBUG    app.services.strategy_ema  [S2-freshness][FIG] CALL cross 6 bars old — within 40-bar window ✓
2026-07-31 09:25:21 DEBUG    app.services.strategy_ema  [S2-5m-filter][FISV] CALL OK — EMA9=53.3600 > EMA21=53.2774 close=53.4450 > VWAP=53.1801 slopes both↑
2026-07-31 09:25:21 DEBUG    app.services.strategy_ema  [S2-freshness][FISV] CALL cross 6 bars old — within 40-bar window ✓
2026-07-31 09:25:21 INFO     app.services.strategy_ema  [S2-pullback][WMT] CALL pullback ✓ — pullback-bar low=111.5000 close=111.5800 EMA9=111.5279
2026-07-31 09:25:21 INFO     app.services.strategy_ema  [S2-confirm][WMT] CALL confirmation failed — candle bearish/doji (open=111.5700 close=111.5600) prev_high=111.5800 ema9=111.5279 above_ema9=True
2026-07-31 09:25:21 DEBUG    app.services.strategy_ema  [S2-pullback][FIG] CALL — no pullback: pullback-bar low=24.1900 close=24.2050 EMA9=24.0955 (need low≤EMA9 or close within 0.0241)
2026-07-31 09:25:21 DEBUG    app.services.strategy_ema  [S2-pullback][FISV] CALL — no pullback: pullback-bar low=53.4200 close=53.4500 EMA9=53.3600 (need low≤EMA9 or close within 0.0534)
2026-07-31 09:25:21 DEBUG    app.services.strategy_ema  [S2-5m-filter][MSFT] CALL OK — EMA9=461.8717 > EMA21=459.6667 close=464.6200 > VWAP=457.9812 slopes both↑
2026-07-31 09:25:21 DEBUG    app.services.strategy_ema  [S2-freshness][MSFT] CALL cross 11 bars old — within 40-bar window ✓
2026-07-31 09:25:22 INFO     app.services.strategy_ema  [S2-5m-filter][QCOM] CALL blocked — EMA9=148.2498 EMA21=148.3985 close=148.2500 VWAP=148.6950 EMA9_slope=↑ EMA21_slope=↓
2026-07-31 09:25:22 DEBUG    app.services.strategy_ema  [S2-pullback][MSFT] CALL — no pullback: pullback-bar low=463.8300 close=464.2900 EMA9=461.8717 (need low≤EMA9 or close within 0.4619)
2026-07-31 09:25:22 DEBUG    app.services.strategy_ema  [S2-5m-filter][META] CALL OK — EMA9=547.1664 > EMA21=546.5527 close=548.8199 > VWAP=548.3854 slopes both↑
2026-07-31 09:25:22 DEBUG    app.services.strategy_ema  [S2-freshness][META] CALL cross 4 bars old — within 40-bar window ✓
2026-07-31 09:25:22 DEBUG    app.services.strategy_ema  [S2-pullback][META] CALL — no pullback: pullback-bar low=548.2300 close=548.4700 EMA9=547.1664 (need low≤EMA9 or close within 0.5472)
2026-07-31 09:25:47 DEBUG    app.services.strategy_ema  [S2-freshness][NVDA] CALL cross 0 bars old — within 40-bar window ✓
2026-07-31 09:25:47 INFO     app.services.scheduler  [vol-ceiling][AMZN] Symbol too hot — true range 526% of its own ATR(14) (max 250%) — post-event whip risk, blocking entry
2026-07-31 09:25:47 DEBUG    app.services.strategy_ema  [S2-pullback][NVDA] CALL — no pullback: pullback-bar low=197.2200 close=197.3800 EMA9=196.6957 (need low≤EMA9 or close within 0.1967)
2026-07-31 09:25:47 INFO     app.services.scheduler  [vol-ceiling][AAPL] Symbol too hot — true range 409% of its own ATR(14) (max 250%) — post-event whip risk, blocking entry
2026-07-31 09:25:47 INFO     app.services.strategy_ema  [S2-freshness][GOOGL] No CALL EMA cross found in TODAY's session — trend predates today, blocking
2026-07-31 09:25:48 DEBUG    app.services.strategy_ema  [S2-exit] Hard stop suppressed — 3.4 min into trade (min_hold=10)
2026-07-31 09:25:48 DEBUG    app.services.strategy_ema  [S2-freshness][PLTR] CALL cross 6 bars old — within 40-bar window ✓
2026-07-31 09:25:48 DEBUG    app.services.strategy_ema  [S2-pullback][PLTR] CALL — no pullback: pullback-bar low=122.2700 close=122.2800 EMA9=121.8609 (need low≤EMA9 or close within 0.1219)
2026-07-31 09:25:48 INFO     app.services.scheduler  [energy-gate][UBER] Symbol not in play — true range 38% of its own ATR(14) (min 50%) — blocking entry
2026-07-31 09:25:48 INFO     app.services.scheduler  [vol-ceiling][COIN] Symbol too hot — true range 270% of its own ATR(14) (max 250%) — post-event whip risk, blocking entry
2026-07-31 09:25:48 DEBUG    app.services.strategy_ema  [S2-freshness][WMT] CALL cross 30 bars old — within 40-bar window ✓
2026-07-31 09:25:49 DEBUG    app.services.strategy_ema  [S2-freshness][FIG] CALL cross 6 bars old — within 40-bar window ✓
2026-07-31 09:25:49 INFO     app.services.strategy_ema  [S2-pullback][WMT] CALL pullback ✓ — pullback-bar low=111.5000 close=111.5800 EMA9=111.5279
2026-07-31 09:25:49 INFO     app.services.strategy_ema  [S2-confirm][WMT] CALL confirmation failed — candle bearish/doji (open=111.5700 close=111.5600) prev_high=111.5800 ema9=111.5279 above_ema9=True
2026-07-31 09:25:49 DEBUG    app.services.strategy_ema  [S2-pullback][FIG] CALL — no pullback: pullback-bar low=24.1900 close=24.2050 EMA9=24.0955 (need low≤EMA9 or close within 0.0241)
2026-07-31 09:25:49 DEBUG    app.services.strategy_ema  [S2-freshness][FISV] CALL cross 6 bars old — within 40-bar window ✓
2026-07-31 09:25:49 DEBUG    app.services.strategy_ema  [S2-freshness][MSFT] CALL cross 11 bars old — within 40-bar window ✓
2026-07-31 09:25:49 DEBUG    app.services.strategy_ema  [S2-pullback][FISV] CALL — no pullback: pullback-bar low=53.4200 close=53.4500 EMA9=53.3600 (need low≤EMA9 or close within 0.0534)
2026-07-31 09:25:49 DEBUG    app.services.strategy_ema  [S2-pullback][MSFT] CALL — no pullback: pullback-bar low=463.8300 close=464.2900 EMA9=461.8717 (need low≤EMA9 or close within 0.4619)
2026-07-31 09:25:49 DEBUG    app.services.strategy_ema  [S2-freshness][META] CALL cross 4 bars old — within 40-bar window ✓
2026-07-31 09:25:50 DEBUG    app.services.strategy_ema  [S2-pullback][META] CALL — no pullback: pullback-bar low=548.2300 close=548.4700 EMA9=547.1664 (need low≤EMA9 or close within 0.5472)
2026-07-31 09:26:17 DEBUG    app.services.strategy_ema  [S2-freshness][NVDA] CALL cross 0 bars old — within 40-bar window ✓
2026-07-31 09:26:17 DEBUG    app.services.strategy_ema  [S2-pullback][NVDA] CALL — no pullback: pullback-bar low=197.3700 close=197.4701 EMA9=196.6957 (need low≤EMA9 or close within 0.1967)
2026-07-31 09:26:17 INFO     app.services.scheduler  [vol-ceiling][AMZN] Symbol too hot — true range 526% of its own ATR(14) (max 250%) — post-event whip risk, blocking entry
2026-07-31 09:26:17 INFO     app.services.scheduler  [vol-ceiling][AAPL] Symbol too hot — true range 409% of its own ATR(14) (max 250%) — post-event whip risk, blocking entry
2026-07-31 09:26:17 INFO     app.services.strategy_ema  [S2-freshness][GOOGL] No CALL EMA cross found in TODAY's session — trend predates today, blocking
2026-07-31 09:26:18 DEBUG    app.services.strategy_ema  [S2-freshness][PLTR] CALL cross 6 bars old — within 40-bar window ✓
2026-07-31 09:26:18 DEBUG    app.services.strategy_ema  [S2-exit] Hard stop suppressed — 3.9 min into trade (min_hold=10)
2026-07-31 09:26:18 DEBUG    app.services.strategy_ema  [S2-pullback][PLTR] CALL — no pullback: pullback-bar low=122.2800 close=122.4000 EMA9=121.8609 (need low≤EMA9 or close within 0.1219)
2026-07-31 09:26:18 DEBUG    app.services.strategy_ema  [S2-freshness][WMT] CALL cross 30 bars old — within 40-bar window ✓
2026-07-31 09:26:18 INFO     app.services.scheduler  [energy-gate][UBER] Symbol not in play — true range 38% of its own ATR(14) (min 50%) — blocking entry
2026-07-31 09:26:18 INFO     app.services.scheduler  [vol-ceiling][COIN] Symbol too hot — true range 270% of its own ATR(14) (max 250%) — post-event whip risk, blocking entry
2026-07-31 09:26:18 INFO     app.services.strategy_ema  [S2-pullback][WMT] CALL pullback ✓ — pullback-bar low=111.5200 close=111.5600 EMA9=111.5279
2026-07-31 09:26:18 INFO     app.services.strategy_ema  [S2-confirm][WMT] CALL confirmed ✓ — close=111.6200 > prev_high=111.5800 > ema9=111.5279
2026-07-31 09:26:19 DEBUG    app.services.strategy_ema  [S2-freshness][FIG] CALL cross 6 bars old — within 40-bar window ✓
2026-07-31 09:26:19 DEBUG    app.services.strategy_ema  [S2-freshness][FISV] CALL cross 6 bars old — within 40-bar window ✓
2026-07-31 09:26:19 INFO     app.services.scheduler  [S2][WMT] Structural levels: stop_u=111.39 target_u=111.91 R/R=1.35 → option SL=1.32 (−8%) TP=1.57 | stop 0.22 = 1.18×ATR(0.19)
2026-07-31 09:26:19 DEBUG    app.services.strategy_ema  [S2-pullback][FIG] CALL — no pullback: pullback-bar low=24.1750 close=24.2100 EMA9=24.0955 (need low≤EMA9 or close within 0.0241)
2026-07-31 09:26:19 DEBUG    app.services.strategy_ema  [S2-pullback][FISV] CALL — no pullback: pullback-bar low=53.4300 close=53.4450 EMA9=53.3600 (need low≤EMA9 or close within 0.0534)
2026-07-31 09:26:19 INFO     app.services.scheduler  [S2][WMT] Limit order 139618207 placed: WMT260807C00112000 x4 @ $1.43
2026-07-31 09:26:19 DEBUG    app.services.strategy_ema  [S2-freshness][MSFT] CALL cross 11 bars old — within 40-bar window ✓
2026-07-31 09:26:19 DEBUG    app.services.strategy_ema  [S2-pullback][MSFT] CALL — no pullback: pullback-bar low=463.8900 close=464.6200 EMA9=461.8717 (need low≤EMA9 or close within 0.4619)
2026-07-31 09:26:20 DEBUG    app.services.strategy_ema  [S2-freshness][META] CALL cross 4 bars old — within 40-bar window ✓
2026-07-31 09:26:20 DEBUG    app.services.strategy_ema  [S2-pullback][META] CALL — no pullback: pullback-bar low=548.4200 close=548.8199 EMA9=547.1664 (need low≤EMA9 or close within 0.5472)
2026-07-31 09:26:21 INFO     app.services.scheduler  [S2][WMT] Limit order 139618207 REJECTED — aborting
2026-07-31 09:26:47 INFO     app.services.scheduler  [vol-ceiling][AAPL] Symbol too hot — true range 409% of its own ATR(14) (max 250%) — post-event whip risk, blocking entry
2026-07-31 09:26:47 DEBUG    app.services.strategy_ema  [S2-freshness][NVDA] CALL cross 0 bars old — within 40-bar window ✓
2026-07-31 09:26:47 INFO     app.services.scheduler  [vol-ceiling][AMZN] Symbol too hot — true range 526% of its own ATR(14) (max 250%) — post-event whip risk, blocking entry
2026-07-31 09:26:47 DEBUG    app.services.strategy_ema  [S2-pullback][NVDA] CALL — no pullback: pullback-bar low=197.3700 close=197.4701 EMA9=196.6957 (need low≤EMA9 or close within 0.1967)
2026-07-31 09:26:48 INFO     app.services.strategy_ema  [S2-freshness][GOOGL] No CALL EMA cross found in TODAY's session — trend predates today, blocking
2026-07-31 09:26:48 DEBUG    app.services.strategy_ema  [S2-freshness][PLTR] CALL cross 6 bars old — within 40-bar window ✓
2026-07-31 09:26:48 DEBUG    app.services.strategy_ema  [S2-exit] Hard stop suppressed — 4.4 min into trade (min_hold=10)
2026-07-31 09:26:48 DEBUG    app.services.strategy_ema  [S2-pullback][PLTR] CALL — no pullback: pullback-bar low=122.2800 close=122.4000 EMA9=121.8609 (need low≤EMA9 or close within 0.1219)
2026-07-31 09:26:48 INFO     app.services.scheduler  [energy-gate][UBER] Symbol not in play — true range 38% of its own ATR(14) (min 50%) — blocking entry
2026-07-31 09:26:49 INFO     app.services.scheduler  [vol-ceiling][COIN] Symbol too hot — true range 270% of its own ATR(14) (max 250%) — post-event whip risk, blocking entry
2026-07-31 09:26:49 DEBUG    app.services.strategy_ema  [S2-freshness][FIG] CALL cross 6 bars old — within 40-bar window ✓
2026-07-31 09:26:49 DEBUG    app.services.strategy_ema  [S2-freshness][WMT] CALL cross 30 bars old — within 40-bar window ✓
2026-07-31 09:26:49 DEBUG    app.services.strategy_ema  [S2-pullback][FIG] CALL — no pullback: pullback-bar low=24.1750 close=24.2100 EMA9=24.0955 (need low≤EMA9 or close within 0.0241)
2026-07-31 09:26:49 INFO     app.services.strategy_ema  [S2-pullback][WMT] CALL pullback ✓ — pullback-bar low=111.5200 close=111.5600 EMA9=111.5279
2026-07-31 09:26:49 INFO     app.services.strategy_ema  [S2-confirm][WMT] CALL confirmed ✓ — close=111.6200 > prev_high=111.5800 > ema9=111.5279
2026-07-31 09:26:49 DEBUG    app.services.strategy_ema  [S2-freshness][FISV] CALL cross 6 bars old — within 40-bar window ✓
2026-07-31 09:26:49 DEBUG    app.services.strategy_ema  [S2-pullback][FISV] CALL — no pullback: pullback-bar low=53.4300 close=53.4450 EMA9=53.3600 (need low≤EMA9 or close within 0.0534)
2026-07-31 09:26:49 INFO     app.services.scheduler  [S2][WMT] Structural levels: stop_u=111.37 target_u=111.91 R/R=1.87 → option SL=1.32 (−8%) TP=1.60 | stop 0.19 = 1.00×ATR(0.19) [WIDENED by ATR floor]
2026-07-31 09:26:50 INFO     app.services.scheduler  [S2][WMT] Limit order 139618550 placed: WMT260807C00112000 x4 @ $1.43
2026-07-31 09:26:50 DEBUG    app.services.strategy_ema  [S2-freshness][MSFT] CALL cross 11 bars old — within 40-bar window ✓
2026-07-31 09:26:50 DEBUG    app.services.strategy_ema  [S2-freshness][META] CALL cross 4 bars old — within 40-bar window ✓
2026-07-31 09:26:50 DEBUG    app.services.strategy_ema  [S2-pullback][MSFT] CALL — no pullback: pullback-bar low=463.8900 close=464.6200 EMA9=461.8717 (need low≤EMA9 or close within 0.4619)
2026-07-31 09:26:50 DEBUG    app.services.strategy_ema  [S2-pullback][META] CALL — no pullback: pullback-bar low=548.4200 close=548.8199 EMA9=547.1664 (need low≤EMA9 or close within 0.5472)
2026-07-31 09:26:52 INFO     app.services.scheduler  [S2][WMT] Limit order 139618550 REJECTED — aborting
2026-07-31 09:27:17 INFO     app.services.scheduler  [vol-ceiling][AAPL] Symbol too hot — true range 409% of its own ATR(14) (max 250%) — post-event whip risk, blocking entry
2026-07-31 09:27:17 DEBUG    app.services.strategy_ema  [S2-freshness][NVDA] CALL cross 0 bars old — within 40-bar window ✓
2026-07-31 09:27:17 DEBUG    app.services.strategy_ema  [S2-pullback][NVDA] CALL — no pullback: pullback-bar low=197.3100 close=197.3800 EMA9=196.6957 (need low≤EMA9 or close within 0.1967)
2026-07-31 09:27:17 INFO     app.services.scheduler  [vol-ceiling][AMZN] Symbol too hot — true range 526% of its own ATR(14) (max 250%) — post-event whip risk, blocking entry
2026-07-31 09:27:17 INFO     app.services.strategy_ema  [S2-freshness][GOOGL] No CALL EMA cross found in TODAY's session — trend predates today, blocking
2026-07-31 09:27:18 DEBUG    app.services.strategy_ema  [S2-freshness][PLTR] CALL cross 6 bars old — within 40-bar window ✓
2026-07-31 09:27:18 DEBUG    app.services.strategy_ema  [S2-exit] Hard stop suppressed — 4.9 min into trade (min_hold=10)
2026-07-31 09:27:18 DEBUG    app.services.strategy_ema  [S2-pullback][PLTR] CALL — no pullback: pullback-bar low=122.2000 close=122.2300 EMA9=121.8609 (need low≤EMA9 or close within 0.1219)
2026-07-31 09:27:18 INFO     app.services.scheduler  [vol-ceiling][COIN] Symbol too hot — true range 270% of its own ATR(14) (max 250%) — post-event whip risk, blocking entry
2026-07-31 09:27:18 INFO     app.services.scheduler  [energy-gate][UBER] Symbol not in play — true range 38% of its own ATR(14) (min 50%) — blocking entry
2026-07-31 09:27:18 DEBUG    app.services.strategy_ema  [S2-freshness][WMT] CALL cross 30 bars old — within 40-bar window ✓
2026-07-31 09:27:19 INFO     app.services.strategy_ema  [S2-pullback][WMT] CALL pullback ✓ — pullback-bar low=111.5600 close=111.6200 EMA9=111.5279
2026-07-31 09:27:19 INFO     app.services.strategy_ema  [S2-confirm][WMT] CALL confirmation failed — candle bearish/doji (open=111.6100 close=111.5900) prev_high=111.6200 ema9=111.5279 above_ema9=True
2026-07-31 09:27:19 DEBUG    app.services.strategy_ema  [S2-freshness][FISV] CALL cross 6 bars old — within 40-bar window ✓
2026-07-31 09:27:19 DEBUG    app.services.strategy_ema  [S2-freshness][FIG] CALL cross 6 bars old — within 40-bar window ✓
2026-07-31 09:27:19 DEBUG    app.services.strategy_ema  [S2-pullback][FISV] CALL — no pullback: pullback-bar low=53.4000 close=53.4300 EMA9=53.3600 (need low≤EMA9 or close within 0.0534)
2026-07-31 09:27:19 DEBUG    app.services.strategy_ema  [S2-pullback][FIG] CALL — no pullback: pullback-bar low=24.1801 close=24.1950 EMA9=24.0955 (need low≤EMA9 or close within 0.0241)
2026-07-31 09:27:19 DEBUG    app.services.strategy_ema  [S2-freshness][MSFT] CALL cross 11 bars old — within 40-bar window ✓
2026-07-31 09:27:19 DEBUG    app.services.strategy_ema  [S2-pullback][MSFT] CALL — no pullback: pullback-bar low=463.8231 close=463.9750 EMA9=461.8717 (need low≤EMA9 or close within 0.4619)
2026-07-31 09:27:20 DEBUG    app.services.strategy_ema  [S2-freshness][META] CALL cross 4 bars old — within 40-bar window ✓
2026-07-31 09:27:20 DEBUG    app.services.strategy_ema  [S2-pullback][META] CALL — no pullback: pullback-bar low=548.1000 close=548.1750 EMA9=547.1664 (need low≤EMA9 or close within 0.5472)
2026-07-31 09:27:47 DEBUG    app.services.strategy_ema  [S2-freshness][NVDA] CALL cross 0 bars old — within 40-bar window ✓
2026-07-31 09:27:47 INFO     app.services.scheduler  [vol-ceiling][AAPL] Symbol too hot — true range 409% of its own ATR(14) (max 250%) — post-event whip risk, blocking entry
2026-07-31 09:27:47 INFO     app.services.scheduler  [vol-ceiling][AMZN] Symbol too hot — true range 526% of its own ATR(14) (max 250%) — post-event whip risk, blocking entry
2026-07-31 09:27:47 DEBUG    app.services.strategy_ema  [S2-pullback][NVDA] CALL — no pullback: pullback-bar low=197.3100 close=197.3800 EMA9=196.6957 (need low≤EMA9 or close within 0.1967)
2026-07-31 09:27:47 INFO     app.services.strategy_ema  [S2-freshness][GOOGL] No CALL EMA cross found in TODAY's session — trend predates today, blocking
2026-07-31 09:27:47 DEBUG    app.services.strategy_ema  [S2-freshness][PLTR] CALL cross 6 bars old — within 40-bar window ✓
2026-07-31 09:27:48 DEBUG    app.services.strategy_ema  [S2-pullback][PLTR] CALL — no pullback: pullback-bar low=122.2000 close=122.2300 EMA9=121.8609 (need low≤EMA9 or close within 0.1219)
2026-07-31 09:27:48 DEBUG    app.services.strategy_ema  [S2-exit] Hard stop suppressed — 5.4 min into trade (min_hold=10)
2026-07-31 09:27:48 INFO     app.services.scheduler  [energy-gate][UBER] Symbol not in play — true range 38% of its own ATR(14) (min 50%) — blocking entry
2026-07-31 09:27:48 INFO     app.services.scheduler  [vol-ceiling][COIN] Symbol too hot — true range 270% of its own ATR(14) (max 250%) — post-event whip risk, blocking entry
2026-07-31 09:27:48 DEBUG    app.services.strategy_ema  [S2-freshness][WMT] CALL cross 30 bars old — within 40-bar window ✓
2026-07-31 09:27:48 DEBUG    app.services.strategy_ema  [S2-freshness][FIG] CALL cross 6 bars old — within 40-bar window ✓
2026-07-31 09:27:48 INFO     app.services.strategy_ema  [S2-pullback][WMT] CALL pullback ✓ — pullback-bar low=111.5600 close=111.6200 EMA9=111.5279
2026-07-31 09:27:48 INFO     app.services.strategy_ema  [S2-confirm][WMT] CALL confirmation failed — candle bearish/doji (open=111.6100 close=111.5900) prev_high=111.6200 ema9=111.5279 above_ema9=True
2026-07-31 09:27:49 DEBUG    app.services.strategy_ema  [S2-pullback][FIG] CALL — no pullback: pullback-bar low=24.1801 close=24.1950 EMA9=24.0955 (need low≤EMA9 or close within 0.0241)
2026-07-31 09:27:49 DEBUG    app.services.strategy_ema  [S2-freshness][FISV] CALL cross 6 bars old — within 40-bar window ✓
2026-07-31 09:27:49 DEBUG    app.services.strategy_ema  [S2-pullback][FISV] CALL — no pullback: pullback-bar low=53.4000 close=53.4300 EMA9=53.3600 (need low≤EMA9 or close within 0.0534)
2026-07-31 09:27:49 DEBUG    app.services.strategy_ema  [S2-freshness][MSFT] CALL cross 11 bars old — within 40-bar window ✓
2026-07-31 09:27:49 DEBUG    app.services.strategy_ema  [S2-pullback][MSFT] CALL — no pullback: pullback-bar low=463.8231 close=463.9750 EMA9=461.8717 (need low≤EMA9 or close within 0.4619)
2026-07-31 09:27:49 DEBUG    app.services.strategy_ema  [S2-freshness][META] CALL cross 4 bars old — within 40-bar window ✓
2026-07-31 09:27:49 DEBUG    app.services.strategy_ema  [S2-pullback][META] CALL — no pullback: pullback-bar low=548.1000 close=548.1750 EMA9=547.1664 (need low≤EMA9 or close within 0.5472)
2026-07-31 09:28:17 INFO     app.services.scheduler  [vol-ceiling][AMZN] Symbol too hot — true range 526% of its own ATR(14) (max 250%) — post-event whip risk, blocking entry
2026-07-31 09:28:17 DEBUG    app.services.strategy_ema  [S2-freshness][NVDA] CALL cross 0 bars old — within 40-bar window ✓
2026-07-31 09:28:17 INFO     app.services.scheduler  [vol-ceiling][AAPL] Symbol too hot — true range 409% of its own ATR(14) (max 250%) — post-event whip risk, blocking entry
2026-07-31 09:28:17 DEBUG    app.services.strategy_ema  [S2-pullback][NVDA] CALL — no pullback: pullback-bar low=197.2100 close=197.4100 EMA9=196.6957 (need low≤EMA9 or close within 0.1967)
2026-07-31 09:28:18 INFO     app.services.strategy_ema  [S2-freshness][GOOGL] No CALL EMA cross found in TODAY's session — trend predates today, blocking
2026-07-31 09:28:18 DEBUG    app.services.strategy_ema  [S2-exit] Hard stop suppressed — 5.9 min into trade (min_hold=10)
2026-07-31 09:28:18 DEBUG    app.services.strategy_ema  [S2-freshness][PLTR] CALL cross 6 bars old — within 40-bar window ✓
2026-07-31 09:28:18 DEBUG    app.services.strategy_ema  [S2-pullback][PLTR] CALL — no pullback: pullback-bar low=122.1100 close=122.2800 EMA9=121.8609 (need low≤EMA9 or close within 0.1219)
2026-07-31 09:28:19 INFO     app.services.scheduler  [energy-gate][UBER] Symbol not in play — true range 38% of its own ATR(14) (min 50%) — blocking entry
2026-07-31 09:28:19 INFO     app.services.scheduler  [vol-ceiling][COIN] Symbol too hot — true range 270% of its own ATR(14) (max 250%) — post-event whip risk, blocking entry
2026-07-31 09:28:19 DEBUG    app.services.strategy_ema  [S2-freshness][WMT] CALL cross 30 bars old — within 40-bar window ✓
2026-07-31 09:28:19 INFO     app.services.strategy_ema  [S2-pullback][WMT] CALL pullback ✓ — pullback-bar low=111.5600 close=111.5900 EMA9=111.5279
2026-07-31 09:28:19 INFO     app.services.strategy_ema  [S2-confirm][WMT] CALL confirmation failed — candle bearish/doji (open=111.5700 close=111.5199) prev_high=111.6200 ema9=111.5279 above_ema9=False
2026-07-31 09:28:20 DEBUG    app.services.strategy_ema  [S2-freshness][FIG] CALL cross 6 bars old — within 40-bar window ✓
2026-07-31 09:28:20 DEBUG    app.services.strategy_ema  [S2-freshness][FISV] CALL cross 6 bars old — within 40-bar window ✓
2026-07-31 09:28:20 DEBUG    app.services.strategy_ema  [S2-pullback][FISV] CALL — no pullback: pullback-bar low=53.3900 close=53.4250 EMA9=53.3600 (need low≤EMA9 or close within 0.0534)
2026-07-31 09:28:20 DEBUG    app.services.strategy_ema  [S2-pullback][FIG] CALL — no pullback: pullback-bar low=24.1700 close=24.2100 EMA9=24.0955 (need low≤EMA9 or close within 0.0241)
2026-07-31 09:28:20 DEBUG    app.services.strategy_ema  [S2-freshness][MSFT] CALL cross 11 bars old — within 40-bar window ✓
2026-07-31 09:28:21 DEBUG    app.services.strategy_ema  [S2-freshness][META] CALL cross 4 bars old — within 40-bar window ✓
2026-07-31 09:28:21 DEBUG    app.services.strategy_ema  [S2-pullback][MSFT] CALL — no pullback: pullback-bar low=463.0750 close=463.2100 EMA9=461.8717 (need low≤EMA9 or close within 0.4619)
2026-07-31 09:28:21 DEBUG    app.services.strategy_ema  [S2-pullback][META] CALL — no pullback: pullback-bar low=548.2100 close=548.9600 EMA9=547.1664 (need low≤EMA9 or close within 0.5472)
2026-07-31 09:28:47 INFO     app.services.scheduler  [vol-ceiling][AAPL] Symbol too hot — true range 409% of its own ATR(14) (max 250%) — post-event whip risk, blocking entry
2026-07-31 09:28:47 DEBUG    app.services.strategy_ema  [S2-freshness][NVDA] CALL cross 0 bars old — within 40-bar window ✓
2026-07-31 09:28:47 INFO     app.services.scheduler  [vol-ceiling][AMZN] Symbol too hot — true range 526% of its own ATR(14) (max 250%) — post-event whip risk, blocking entry
2026-07-31 09:28:47 DEBUG    app.services.strategy_ema  [S2-pullback][NVDA] CALL — no pullback: pullback-bar low=197.2100 close=197.4100 EMA9=196.6957 (need low≤EMA9 or close within 0.1967)
2026-07-31 09:28:47 INFO     app.services.strategy_ema  [S2-freshness][GOOGL] No CALL EMA cross found in TODAY's session — trend predates today, blocking
2026-07-31 09:28:47 DEBUG    app.services.strategy_ema  [S2-freshness][PLTR] CALL cross 6 bars old — within 40-bar window ✓
2026-07-31 09:28:48 DEBUG    app.services.strategy_ema  [S2-pullback][PLTR] CALL — no pullback: pullback-bar low=122.1100 close=122.2800 EMA9=121.8609 (need low≤EMA9 or close within 0.1219)
2026-07-31 09:28:48 DEBUG    app.services.strategy_ema  [S2-exit] Hard stop suppressed — 6.4 min into trade (min_hold=10)
2026-07-31 09:28:48 INFO     app.services.scheduler  [vol-ceiling][COIN] Symbol too hot — true range 270% of its own ATR(14) (max 250%) — post-event whip risk, blocking entry
2026-07-31 09:28:48 INFO     app.services.scheduler  [energy-gate][UBER] Symbol not in play — true range 38% of its own ATR(14) (min 50%) — blocking entry
2026-07-31 09:28:48 DEBUG    app.services.strategy_ema  [S2-freshness][WMT] CALL cross 30 bars old — within 40-bar window ✓
2026-07-31 09:28:48 DEBUG    app.services.strategy_ema  [S2-freshness][FIG] CALL cross 6 bars old — within 40-bar window ✓
2026-07-31 09:28:48 DEBUG    app.services.strategy_ema  [S2-pullback][FIG] CALL — no pullback: pullback-bar low=24.1700 close=24.2100 EMA9=24.0955 (need low≤EMA9 or close within 0.0241)
2026-07-31 09:28:48 INFO     app.services.strategy_ema  [S2-pullback][WMT] CALL pullback ✓ — pullback-bar low=111.5600 close=111.5900 EMA9=111.5279
2026-07-31 09:28:48 INFO     app.services.strategy_ema  [S2-confirm][WMT] CALL confirmation failed — candle bearish/doji (open=111.5700 close=111.5199) prev_high=111.6200 ema9=111.5279 above_ema9=False
2026-07-31 09:28:49 DEBUG    app.services.strategy_ema  [S2-freshness][FISV] CALL cross 6 bars old — within 40-bar window ✓
2026-07-31 09:28:49 DEBUG    app.services.strategy_ema  [S2-pullback][FISV] CALL — no pullback: pullback-bar low=53.3900 close=53.4250 EMA9=53.3600 (need low≤EMA9 or close within 0.0534)
2026-07-31 09:28:49 DEBUG    app.services.strategy_ema  [S2-freshness][MSFT] CALL cross 11 bars old — within 40-bar window ✓
2026-07-31 09:28:49 DEBUG    app.services.strategy_ema  [S2-freshness][META] CALL cross 4 bars old — within 40-bar window ✓
2026-07-31 09:28:49 DEBUG    app.services.strategy_ema  [S2-pullback][MSFT] CALL — no pullback: pullback-bar low=463.0750 close=463.2100 EMA9=461.8717 (need low≤EMA9 or close within 0.4619)
2026-07-31 09:28:49 DEBUG    app.services.strategy_ema  [S2-pullback][META] CALL — no pullback: pullback-bar low=548.2100 close=548.9600 EMA9=547.1664 (need low≤EMA9 or close within 0.5472)
2026-07-31 09:29:17 INFO     app.services.scheduler  [vol-ceiling][AMZN] Symbol too hot — true range 526% of its own ATR(14) (max 250%) — post-event whip risk, blocking entry
2026-07-31 09:29:17 INFO     app.services.scheduler  [vol-ceiling][AAPL] Symbol too hot — true range 409% of its own ATR(14) (max 250%) — post-event whip risk, blocking entry
2026-07-31 09:29:17 DEBUG    app.services.strategy_ema  [S2-freshness][NVDA] CALL cross 0 bars old — within 40-bar window ✓
2026-07-31 09:29:17 INFO     app.services.strategy_ema  [S2-freshness][GOOGL] No CALL EMA cross found in TODAY's session — trend predates today, blocking
2026-07-31 09:29:17 DEBUG    app.services.strategy_ema  [S2-pullback][NVDA] CALL — no pullback: pullback-bar low=197.4200 close=197.5500 EMA9=196.6957 (need low≤EMA9 or close within 0.1967)
2026-07-31 09:29:18 DEBUG    app.services.strategy_ema  [S2-freshness][PLTR] CALL cross 6 bars old — within 40-bar window ✓
2026-07-31 09:29:18 DEBUG    app.services.strategy_ema  [S2-pullback][PLTR] CALL — no pullback: pullback-bar low=122.2700 close=122.2700 EMA9=121.8609 (need low≤EMA9 or close within 0.1219)
2026-07-31 09:29:18 DEBUG    app.services.strategy_ema  [S2-exit] Hard stop suppressed — 6.9 min into trade (min_hold=10)
2026-07-31 09:29:18 INFO     app.services.scheduler  [vol-ceiling][COIN] Symbol too hot — true range 270% of its own ATR(14) (max 250%) — post-event whip risk, blocking entry
2026-07-31 09:29:19 INFO     app.services.scheduler  [energy-gate][UBER] Symbol not in play — true range 38% of its own ATR(14) (min 50%) — blocking entry
2026-07-31 09:29:19 DEBUG    app.services.strategy_ema  [S2-freshness][WMT] CALL cross 30 bars old — within 40-bar window ✓
2026-07-31 09:29:19 DEBUG    app.services.strategy_ema  [S2-freshness][FIG] CALL cross 6 bars old — within 40-bar window ✓
2026-07-31 09:29:19 DEBUG    app.services.strategy_ema  [S2-pullback][FIG] CALL — no pullback: pullback-bar low=24.2000 close=24.2000 EMA9=24.0955 (need low≤EMA9 or close within 0.0241)
2026-07-31 09:29:19 INFO     app.services.strategy_ema  [S2-pullback][WMT] CALL pullback ✓ — pullback-bar low=111.5100 close=111.5199 EMA9=111.5279
2026-07-31 09:29:19 INFO     app.services.strategy_ema  [S2-confirm][WMT] CALL confirmation failed — candle bullish (open=111.4950 close=111.5000) prev_high=111.5750 ema9=111.5279 above_ema9=False
2026-07-31 09:29:19 DEBUG    app.services.strategy_ema  [S2-freshness][FISV] CALL cross 6 bars old — within 40-bar window ✓
2026-07-31 09:29:19 INFO     app.services.strategy_ema  [S2-pullback][FISV] CALL pullback ✓ — pullback-bar low=53.3700 close=53.3700 EMA9=53.3600
2026-07-31 09:29:19 INFO     app.services.strategy_ema  [S2-confirm][FISV] CALL confirmation failed — candle bearish/doji (open=53.3600 close=53.3500) prev_high=53.4100 ema9=53.3600 above_ema9=False
2026-07-31 09:29:20 DEBUG    app.services.strategy_ema  [S2-freshness][MSFT] CALL cross 11 bars old — within 40-bar window ✓
2026-07-31 09:29:20 DEBUG    app.services.strategy_ema  [S2-pullback][MSFT] CALL — no pullback: pullback-bar low=463.0000 close=463.2150 EMA9=461.8717 (need low≤EMA9 or close within 0.4619)
2026-07-31 09:29:20 DEBUG    app.services.strategy_ema  [S2-freshness][META] CALL cross 4 bars old — within 40-bar window ✓
2026-07-31 09:29:20 DEBUG    app.services.strategy_ema  [S2-pullback][META] CALL — no pullback: pullback-bar low=548.8400 close=549.2300 EMA9=547.1664 (need low≤EMA9 or close within 0.5472)
2026-07-31 09:29:47 INFO     app.services.scheduler  [vol-ceiling][AAPL] Symbol too hot — true range 409% of its own ATR(14) (max 250%) — post-event whip risk, blocking entry
2026-07-31 09:29:47 DEBUG    app.services.strategy_ema  [S2-freshness][NVDA] CALL cross 0 bars old — within 40-bar window ✓
2026-07-31 09:29:47 INFO     app.services.scheduler  [vol-ceiling][AMZN] Symbol too hot — true range 526% of its own ATR(14) (max 250%) — post-event whip risk, blocking entry
2026-07-31 09:29:47 DEBUG    app.services.strategy_ema  [S2-pullback][NVDA] CALL — no pullback: pullback-bar low=197.4200 close=197.5500 EMA9=196.6957 (need low≤EMA9 or close within 0.1967)
2026-07-31 09:29:48 INFO     app.services.strategy_ema  [S2-freshness][GOOGL] No CALL EMA cross found in TODAY's session — trend predates today, blocking
2026-07-31 09:29:48 DEBUG    app.services.strategy_ema  [S2-freshness][PLTR] CALL cross 6 bars old — within 40-bar window ✓
2026-07-31 09:29:48 DEBUG    app.services.strategy_ema  [S2-pullback][PLTR] CALL — no pullback: pullback-bar low=122.2700 close=122.2700 EMA9=121.8609 (need low≤EMA9 or close within 0.1219)
2026-07-31 09:29:48 DEBUG    app.services.strategy_ema  [S2-exit] Hard stop suppressed — 7.4 min into trade (min_hold=10)
2026-07-31 09:29:48 INFO     app.services.strategy_ema  [S2-exit] Breakeven stop raised to 4.54 (entry 4.20 + 8% lock, gain=16.7%)
2026-07-31 09:29:48 INFO     app.services.scheduler  [S2][TSLA] Trade 211 stop raised: $3.59 → $4.54
2026-07-31 09:29:48 INFO     app.services.scheduler  [energy-gate][UBER] Symbol not in play — true range 38% of its own ATR(14) (min 50%) — blocking entry
2026-07-31 09:29:49 INFO     app.services.scheduler  [vol-ceiling][COIN] Symbol too hot — true range 270% of its own ATR(14) (max 250%) — post-event whip risk, blocking entry
2026-07-31 09:29:49 DEBUG    app.services.strategy_ema  [S2-freshness][WMT] CALL cross 30 bars old — within 40-bar window ✓
2026-07-31 09:29:49 DEBUG    app.services.strategy_ema  [S2-freshness][FIG] CALL cross 6 bars old — within 40-bar window ✓
2026-07-31 09:29:49 INFO     app.services.strategy_ema  [S2-pullback][WMT] CALL pullback ✓ — pullback-bar low=111.5100 close=111.5199 EMA9=111.5279
2026-07-31 09:29:49 INFO     app.services.strategy_ema  [S2-confirm][WMT] CALL confirmation failed — candle bullish (open=111.4950 close=111.5000) prev_high=111.5750 ema9=111.5279 above_ema9=False
2026-07-31 09:29:49 DEBUG    app.services.strategy_ema  [S2-pullback][FIG] CALL — no pullback: pullback-bar low=24.2000 close=24.2000 EMA9=24.0955 (need low≤EMA9 or close within 0.0241)
2026-07-31 09:29:49 DEBUG    app.services.strategy_ema  [S2-freshness][FISV] CALL cross 6 bars old — within 40-bar window ✓
2026-07-31 09:29:49 INFO     app.services.strategy_ema  [S2-pullback][FISV] CALL pullback ✓ — pullback-bar low=53.3700 close=53.3700 EMA9=53.3600
2026-07-31 09:29:49 INFO     app.services.strategy_ema  [S2-confirm][FISV] CALL confirmation failed — candle bearish/doji (open=53.3600 close=53.3500) prev_high=53.4100 ema9=53.3600 above_ema9=False
2026-07-31 09:29:49 DEBUG    app.services.strategy_ema  [S2-freshness][MSFT] CALL cross 11 bars old — within 40-bar window ✓
2026-07-31 09:29:49 DEBUG    app.services.strategy_ema  [S2-pullback][MSFT] CALL — no pullback: pullback-bar low=463.0000 close=463.2150 EMA9=461.8717 (need low≤EMA9 or close within 0.4619)
2026-07-31 09:29:50 DEBUG    app.services.strategy_ema  [S2-freshness][META] CALL cross 4 bars old — within 40-bar window ✓
2026-07-31 09:29:50 DEBUG    app.services.strategy_ema  [S2-pullback][META] CALL — no pullback: pullback-bar low=548.8400 close=549.2300 EMA9=547.1664 (need low≤EMA9 or close within 0.5472)
2026-07-31 09:30:17 DEBUG    app.services.strategy_ema  [S2-5m-filter][NVDA] CALL OK — EMA9=196.9626 > EMA21=196.7636 close=198.0300 > VWAP=197.3333 slopes both↑
2026-07-31 09:30:17 DEBUG    app.services.strategy_ema  [S2-freshness][NVDA] CALL cross 1 bars old — within 40-bar window ✓
2026-07-31 09:30:17 INFO     app.services.scheduler  [vol-ceiling][AAPL] Symbol too hot — true range 409% of its own ATR(14) (max 250%) — post-event whip risk, blocking entry
2026-07-31 09:30:17 INFO     app.services.scheduler  [vol-ceiling][AMZN] Symbol too hot — true range 526% of its own ATR(14) (max 250%) — post-event whip risk, blocking entry
2026-07-31 09:30:18 DEBUG    app.services.strategy_ema  [S2-5m-filter][GOOGL] CALL OK — EMA9=352.6157 > EMA21=350.7098 close=354.3300 > VWAP=347.7830 slopes both↑
2026-07-31 09:30:18 INFO     app.services.strategy_ema  [S2-freshness][GOOGL] No CALL EMA cross found in TODAY's session — trend predates today, blocking
2026-07-31 09:30:18 DEBUG    app.services.strategy_ema  [S2-pullback][NVDA] CALL — no pullback: pullback-bar low=197.5000 close=197.7150 EMA9=196.9626 (need low≤EMA9 or close within 0.1970)
2026-07-31 09:30:18 DEBUG    app.services.strategy_ema  [S2-5m-filter][PLTR] CALL OK — EMA9=121.9587 > EMA21=121.5151 close=122.3500 > VWAP=121.2886 slopes both↑
2026-07-31 09:30:18 DEBUG    app.services.strategy_ema  [S2-freshness][PLTR] CALL cross 7 bars old — within 40-bar window ✓
2026-07-31 09:30:19 INFO     app.services.strategy_ema  [S2-5m-filter][INTC] CALL blocked — EMA9=92.0905 EMA21=92.2774 close=92.4450 VWAP=93.7168 EMA9_slope=↑ EMA21_slope=↑
2026-07-31 09:30:19 INFO     app.services.strategy_ema  [S2-5m-filter][NFLX] CALL blocked — EMA9=71.6517 EMA21=71.6717 close=71.6460 VWAP=71.7278 EMA9_slope=↓ EMA21_slope=↓
2026-07-31 09:30:19 INFO     app.services.scheduler  [S2][NFLX] PUT entries disabled (s2_puts_enabled=0) — skip
2026-07-31 09:30:19 DEBUG    app.services.strategy_ema  [S2-pullback][PLTR] CALL — no pullback: pullback-bar low=122.2001 close=122.3200 EMA9=121.9587 (need low≤EMA9 or close within 0.1220)
2026-07-31 09:30:19 INFO     app.services.strategy_ema  [S2-5m-filter][SHOP] CALL blocked — EMA9=117.2797 EMA21=117.3739 close=117.3050 VWAP=118.2325 EMA9_slope=↑ EMA21_slope=↓
2026-07-31 09:30:20 INFO     app.services.strategy_ema  [S2-5m-filter][TSLA] PUT blocked — EMA9=308.0447 EMA21=307.5604 close=309.4000 VWAP=307.2571 EMA9_slope=↑ EMA21_slope=↑
2026-07-31 09:30:20 INFO     app.services.scheduler  [vol-ceiling][COIN] Symbol too hot — true range 270% of its own ATR(14) (max 250%) — post-event whip risk, blocking entry
2026-07-31 09:30:21 INFO     app.services.strategy_ema  [S2-5m-filter][WMT] CALL blocked — EMA9=111.5183 EMA21=111.4507 close=111.4800 VWAP=111.1659 EMA9_slope=↓ EMA21_slope=↑
2026-07-31 09:30:21 INFO     app.services.scheduler  [energy-gate][UBER] Symbol not in play — true range 38% of its own ATR(14) (min 50%) — blocking entry
2026-07-31 09:30:21 DEBUG    app.services.strategy_ema  [S2-exit] Hard stop suppressed — 7.9 min into trade (min_hold=10)
2026-07-31 09:30:21 DEBUG    app.services.strategy_ema  [S2-exit] Trail raised: 4.54 → 4.74 (gain=22.6%)
2026-07-31 09:30:21 INFO     app.services.scheduler  [S2][TSLA] Trade 211 stop raised: $4.54 → $4.74
2026-07-31 09:30:21 DEBUG    app.services.strategy_ema  [S2-5m-filter][FIG] CALL OK — EMA9=24.1184 > EMA21=24.0731 close=24.2100 > VWAP=24.1702 slopes both↑
2026-07-31 09:30:21 DEBUG    app.services.strategy_ema  [S2-freshness][FIG] CALL cross 7 bars old — within 40-bar window ✓
2026-07-31 09:30:22 INFO     app.services.strategy_ema  [S2-5m-filter][FISV] CALL blocked — EMA9=53.3540 EMA21=53.2822 close=53.3300 VWAP=53.1821 EMA9_slope=↓ EMA21_slope=↑
2026-07-31 09:30:22 INFO     app.services.strategy_ema  [S2-5m-filter][QCOM] CALL blocked — EMA9=148.3059 EMA21=148.4104 close=148.5300 VWAP=148.6904 EMA9_slope=↑ EMA21_slope=↑
2026-07-31 09:30:22 DEBUG    app.services.strategy_ema  [S2-pullback][FIG] CALL — no pullback: pullback-bar low=24.1800 close=24.2200 EMA9=24.1184 (need low≤EMA9 or close within 0.0241)
2026-07-31 09:30:23 DEBUG    app.services.strategy_ema  [S2-5m-filter][MSFT] CALL OK — EMA9=462.2284 > EMA21=460.0293 close=463.6550 > VWAP=458.0774 slopes both↑
2026-07-31 09:30:23 DEBUG    app.services.strategy_ema  [S2-freshness][MSFT] CALL cross 12 bars old — within 40-bar window ✓
2026-07-31 09:30:23 DEBUG    app.services.strategy_ema  [S2-5m-filter][META] CALL OK — EMA9=547.5791 > EMA21=546.7961 close=549.2300 > VWAP=548.3912 slopes both↑
2026-07-31 09:30:23 DEBUG    app.services.strategy_ema  [S2-freshness][META] CALL cross 5 bars old — within 40-bar window ✓
2026-07-31 09:30:23 DEBUG    app.services.strategy_ema  [S2-pullback][MSFT] CALL — no pullback: pullback-bar low=463.2200 close=463.5150 EMA9=462.2284 (need low≤EMA9 or close within 0.4622)
2026-07-31 09:30:24 DEBUG    app.services.strategy_ema  [S2-pullback][META] CALL — no pullback: pullback-bar low=549.0001 close=549.2950 EMA9=547.5791 (need low≤EMA9 or close within 0.5476)
2026-07-31 09:30:47 DEBUG    app.services.strategy_ema  [S2-freshness][NVDA] CALL cross 1 bars old — within 40-bar window ✓
2026-07-31 09:30:47 INFO     app.services.scheduler  [vol-ceiling][AAPL] Symbol too hot — true range 412% of its own ATR(14) (max 250%) — post-event whip risk, blocking entry
2026-07-31 09:30:47 INFO     app.services.scheduler  [vol-ceiling][AMZN] Symbol too hot — true range 526% of its own ATR(14) (max 250%) — post-event whip risk, blocking entry
2026-07-31 09:30:47 DEBUG    app.services.strategy_ema  [S2-pullback][NVDA] CALL — no pullback: pullback-bar low=197.5000 close=197.7150 EMA9=196.9626 (need low≤EMA9 or close within 0.1970)
2026-07-31 09:30:47 DEBUG    app.services.strategy_ema  [S2-freshness][PLTR] CALL cross 7 bars old — within 40-bar window ✓
2026-07-31 09:30:47 INFO     app.services.strategy_ema  [S2-freshness][GOOGL] No CALL EMA cross found in TODAY's session — trend predates today, blocking
2026-07-31 09:30:48 DEBUG    app.services.strategy_ema  [S2-pullback][PLTR] CALL — no pullback: pullback-bar low=122.2001 close=122.3200 EMA9=121.9587 (need low≤EMA9 or close within 0.1220)
2026-07-31 09:30:48 INFO     app.services.scheduler  [S2][NFLX] PUT entries disabled (s2_puts_enabled=0) — skip
2026-07-31 09:30:48 DEBUG    app.services.strategy_ema  [S2-exit] Hard stop suppressed — 8.4 min into trade (min_hold=10)
2026-07-31 09:30:48 INFO     app.services.scheduler  [energy-gate][UBER] Symbol not in play — true range 38% of its own ATR(14) (min 50%) — blocking entry
2026-07-31 09:30:48 INFO     app.services.scheduler  [vol-ceiling][COIN] Symbol too hot — true range 270% of its own ATR(14) (max 250%) — post-event whip risk, blocking entry
2026-07-31 09:30:48 DEBUG    app.services.strategy_ema  [S2-freshness][FIG] CALL cross 7 bars old — within 40-bar window ✓
2026-07-31 09:30:48 DEBUG    app.services.strategy_ema  [S2-pullback][FIG] CALL — no pullback: pullback-bar low=24.1800 close=24.2200 EMA9=24.1184 (need low≤EMA9 or close within 0.0241)
2026-07-31 09:30:49 DEBUG    app.services.strategy_ema  [S2-freshness][META] CALL cross 5 bars old — within 40-bar window ✓
2026-07-31 09:30:49 DEBUG    app.services.strategy_ema  [S2-freshness][MSFT] CALL cross 12 bars old — within 40-bar window ✓
2026-07-31 09:30:49 DEBUG    app.services.strategy_ema  [S2-pullback][MSFT] CALL — no pullback: pullback-bar low=463.2200 close=463.5150 EMA9=462.2284 (need low≤EMA9 or close within 0.4622)
2026-07-31 09:30:49 DEBUG    app.services.strategy_ema  [S2-pullback][META] CALL — no pullback: pullback-bar low=549.0001 close=549.2950 EMA9=547.5791 (need low≤EMA9 or close within 0.5476)
2026-07-31 09:31:17 DEBUG    app.services.strategy_ema  [S2-freshness][NVDA] CALL cross 1 bars old — within 40-bar window ✓
2026-07-31 09:31:17 INFO     app.services.scheduler  [vol-ceiling][AAPL] Symbol too hot — true range 412% of its own ATR(14) (max 250%) — post-event whip risk, blocking entry
2026-07-31 09:31:17 INFO     app.services.scheduler  [vol-ceiling][AMZN] Symbol too hot — true range 526% of its own ATR(14) (max 250%) — post-event whip risk, blocking entry
2026-07-31 09:31:17 DEBUG    app.services.strategy_ema  [S2-pullback][NVDA] CALL — no pullback: pullback-bar low=197.7000 close=198.0300 EMA9=196.9626 (need low≤EMA9 or close within 0.1970)
2026-07-31 09:31:18 INFO     app.services.strategy_ema  [S2-freshness][GOOGL] No CALL EMA cross found in TODAY's session — trend predates today, blocking
2026-07-31 09:31:18 DEBUG    app.services.strategy_ema  [S2-exit] Hard stop suppressed — 8.9 min into trade (min_hold=10)
2026-07-31 09:31:18 DEBUG    app.services.strategy_ema  [S2-freshness][PLTR] CALL cross 7 bars old — within 40-bar window ✓
2026-07-31 09:31:18 INFO     app.services.scheduler  [S2][NFLX] PUT entries disabled (s2_puts_enabled=0) — skip
2026-07-31 09:31:18 DEBUG    app.services.strategy_ema  [S2-pullback][PLTR] CALL — no pullback: pullback-bar low=122.2900 close=122.3500 EMA9=121.9587 (need low≤EMA9 or close within 0.1220)
2026-07-31 09:31:19 INFO     app.services.scheduler  [vol-ceiling][COIN] Symbol too hot — true range 270% of its own ATR(14) (max 250%) — post-event whip risk, blocking entry
2026-07-31 09:31:19 INFO     app.services.scheduler  [energy-gate][UBER] Symbol not in play — true range 38% of its own ATR(14) (min 50%) — blocking entry
2026-07-31 09:31:19 DEBUG    app.services.strategy_ema  [S2-freshness][FIG] CALL cross 7 bars old — within 40-bar window ✓
2026-07-31 09:31:19 DEBUG    app.services.strategy_ema  [S2-pullback][FIG] CALL — no pullback: pullback-bar low=24.1950 close=24.2100 EMA9=24.1184 (need low≤EMA9 or close within 0.0241)
2026-07-31 09:31:20 DEBUG    app.services.strategy_ema  [S2-freshness][MSFT] CALL cross 12 bars old — within 40-bar window ✓
2026-07-31 09:31:20 DEBUG    app.services.strategy_ema  [S2-freshness][META] CALL cross 5 bars old — within 40-bar window ✓
2026-07-31 09:31:20 DEBUG    app.services.strategy_ema  [S2-pullback][MSFT] CALL — no pullback: pullback-bar low=463.5301 close=463.6550 EMA9=462.2284 (need low≤EMA9 or close within 0.4622)
2026-07-31 09:31:20 DEBUG    app.services.strategy_ema  [S2-pullback][META] CALL — no pullback: pullback-bar low=549.1400 close=549.2300 EMA9=547.5791 (need low≤EMA9 or close within 0.5476)
2026-07-31 09:31:47 DEBUG    app.services.strategy_ema  [S2-freshness][NVDA] CALL cross 1 bars old — within 40-bar window ✓
2026-07-31 09:31:47 INFO     app.services.scheduler  [vol-ceiling][AMZN] Symbol too hot — true range 526% of its own ATR(14) (max 250%) — post-event whip risk, blocking entry
2026-07-31 09:31:47 INFO     app.services.scheduler  [vol-ceiling][AAPL] Symbol too hot — true range 412% of its own ATR(14) (max 250%) — post-event whip risk, blocking entry
2026-07-31 09:31:47 DEBUG    app.services.strategy_ema  [S2-pullback][NVDA] CALL — no pullback: pullback-bar low=197.7000 close=198.0300 EMA9=196.9626 (need low≤EMA9 or close within 0.1970)
2026-07-31 09:31:48 INFO     app.services.strategy_ema  [S2-freshness][GOOGL] No CALL EMA cross found in TODAY's session — trend predates today, blocking
2026-07-31 09:31:48 DEBUG    app.services.strategy_ema  [S2-freshness][PLTR] CALL cross 7 bars old — within 40-bar window ✓
2026-07-31 09:31:48 DEBUG    app.services.strategy_ema  [S2-pullback][PLTR] CALL — no pullback: pullback-bar low=122.2900 close=122.3500 EMA9=121.9587 (need low≤EMA9 or close within 0.1220)
2026-07-31 09:31:48 INFO     app.services.scheduler  [S2][NFLX] PUT entries disabled (s2_puts_enabled=0) — skip
2026-07-31 09:31:48 DEBUG    app.services.strategy_ema  [S2-exit] Hard stop suppressed — 9.4 min into trade (min_hold=10)
2026-07-31 09:31:48 INFO     app.services.scheduler  [energy-gate][UBER] Symbol not in play — true range 38% of its own ATR(14) (min 50%) — blocking entry
2026-07-31 09:31:48 INFO     app.services.scheduler  [vol-ceiling][COIN] Symbol too hot — true range 270% of its own ATR(14) (max 250%) — post-event whip risk, blocking entry
2026-07-31 09:31:49 DEBUG    app.services.strategy_ema  [S2-freshness][FIG] CALL cross 7 bars old — within 40-bar window ✓
2026-07-31 09:31:49 DEBUG    app.services.strategy_ema  [S2-pullback][FIG] CALL — no pullback: pullback-bar low=24.1950 close=24.2100 EMA9=24.1184 (need low≤EMA9 or close within 0.0241)
2026-07-31 09:31:50 DEBUG    app.services.strategy_ema  [S2-freshness][META] CALL cross 5 bars old — within 40-bar window ✓
2026-07-31 09:31:50 DEBUG    app.services.strategy_ema  [S2-freshness][MSFT] CALL cross 12 bars old — within 40-bar window ✓
2026-07-31 09:31:50 DEBUG    app.services.strategy_ema  [S2-pullback][META] CALL — no pullback: pullback-bar low=549.1400 close=549.2300 EMA9=547.5791 (need low≤EMA9 or close within 0.5476)
2026-07-31 09:31:50 DEBUG    app.services.strategy_ema  [S2-pullback][MSFT] CALL — no pullback: pullback-bar low=463.5301 close=463.6550 EMA9=462.2284 (need low≤EMA9 or close within 0.4622)
2026-07-31 09:32:17 INFO     app.services.scheduler  [vol-ceiling][AAPL] Symbol too hot — true range 412% of its own ATR(14) (max 250%) — post-event whip risk, blocking entry
2026-07-31 09:32:17 DEBUG    app.services.strategy_ema  [S2-freshness][NVDA] CALL cross 1 bars old — within 40-bar window ✓
2026-07-31 09:32:17 INFO     app.services.strategy_ema  [S2-freshness][GOOGL] No CALL EMA cross found in TODAY's session — trend predates today, blocking
2026-07-31 09:32:17 INFO     app.services.scheduler  [vol-ceiling][AMZN] Symbol too hot — true range 526% of its own ATR(14) (max 250%) — post-event whip risk, blocking entry
2026-07-31 09:32:18 DEBUG    app.services.strategy_ema  [S2-pullback][NVDA] CALL — no pullback: pullback-bar low=197.7500 close=197.7750 EMA9=196.9626 (need low≤EMA9 or close within 0.1970)
2026-07-31 09:32:18 DEBUG    app.services.strategy_ema  [S2-freshness][PLTR] CALL cross 7 bars old — within 40-bar window ✓
2026-07-31 09:32:18 DEBUG    app.services.strategy_ema  [S2-pullback][PLTR] CALL — no pullback: pullback-bar low=122.3450 close=122.3900 EMA9=121.9587 (need low≤EMA9 or close within 0.1220)
2026-07-31 09:32:18 INFO     app.services.scheduler  [S2][NFLX] PUT entries disabled (s2_puts_enabled=0) — skip
2026-07-31 09:32:19 INFO     app.services.scheduler  [energy-gate][UBER] Symbol not in play — true range 38% of its own ATR(14) (min 50%) — blocking entry
2026-07-31 09:32:19 INFO     app.services.scheduler  [vol-ceiling][COIN] Symbol too hot — true range 270% of its own ATR(14) (max 250%) — post-event whip risk, blocking entry
2026-07-31 09:32:19 DEBUG    app.services.strategy_ema  [S2-exit] Hard stop suppressed — 9.9 min into trade (min_hold=10)
2026-07-31 09:32:20 DEBUG    app.services.strategy_ema  [S2-freshness][FIG] CALL cross 7 bars old — within 40-bar window ✓
2026-07-31 09:32:20 DEBUG    app.services.strategy_ema  [S2-freshness][MSFT] CALL cross 12 bars old — within 40-bar window ✓
2026-07-31 09:32:20 DEBUG    app.services.strategy_ema  [S2-pullback][FIG] CALL — no pullback: pullback-bar low=24.2050 close=24.2200 EMA9=24.1184 (need low≤EMA9 or close within 0.0241)
2026-07-31 09:32:20 DEBUG    app.services.strategy_ema  [S2-pullback][MSFT] CALL — no pullback: pullback-bar low=463.1100 close=463.3100 EMA9=462.2284 (need low≤EMA9 or close within 0.4622)
2026-07-31 09:32:21 DEBUG    app.services.strategy_ema  [S2-freshness][META] CALL cross 5 bars old — within 40-bar window ✓
2026-07-31 09:32:21 DEBUG    app.services.strategy_ema  [S2-pullback][META] CALL — no pullback: pullback-bar low=549.1601 close=549.2300 EMA9=547.5791 (need low≤EMA9 or close within 0.5476)
2026-07-31 09:32:47 DEBUG    app.services.strategy_ema  [S2-freshness][NVDA] CALL cross 1 bars old — within 40-bar window ✓
2026-07-31 09:32:47 INFO     app.services.scheduler  [vol-ceiling][AAPL] Symbol too hot — true range 412% of its own ATR(14) (max 250%) — post-event whip risk, blocking entry
2026-07-31 09:32:47 DEBUG    app.services.strategy_ema  [S2-pullback][NVDA] CALL — no pullback: pullback-bar low=197.7500 close=197.7750 EMA9=196.9626 (need low≤EMA9 or close within 0.1970)
2026-07-31 09:32:47 INFO     app.services.scheduler  [vol-ceiling][AMZN] Symbol too hot — true range 526% of its own ATR(14) (max 250%) — post-event whip risk, blocking entry
2026-07-31 09:32:48 DEBUG    app.services.strategy_ema  [S2-freshness][PLTR] CALL cross 7 bars old — within 40-bar window ✓
2026-07-31 09:32:48 INFO     app.services.strategy_ema  [S2-freshness][GOOGL] No CALL EMA cross found in TODAY's session — trend predates today, blocking
2026-07-31 09:32:48 DEBUG    app.services.strategy_ema  [S2-pullback][PLTR] CALL — no pullback: pullback-bar low=122.3450 close=122.3900 EMA9=121.9587 (need low≤EMA9 or close within 0.1220)
2026-07-31 09:32:48 INFO     app.services.scheduler  [S2][NFLX] PUT entries disabled (s2_puts_enabled=0) — skip
2026-07-31 09:32:48 INFO     app.services.scheduler  [energy-gate][UBER] Symbol not in play — true range 38% of its own ATR(14) (min 50%) — blocking entry
2026-07-31 09:32:49 INFO     app.services.scheduler  [vol-ceiling][COIN] Symbol too hot — true range 270% of its own ATR(14) (max 250%) — post-event whip risk, blocking entry
2026-07-31 09:32:49 DEBUG    app.services.strategy_ema  [S2-freshness][FIG] CALL cross 7 bars old — within 40-bar window ✓
2026-07-31 09:32:49 DEBUG    app.services.strategy_ema  [S2-pullback][FIG] CALL — no pullback: pullback-bar low=24.2050 close=24.2200 EMA9=24.1184 (need low≤EMA9 or close within 0.0241)
2026-07-31 09:32:49 DEBUG    app.services.strategy_ema  [S2-freshness][MSFT] CALL cross 12 bars old — within 40-bar window ✓
2026-07-31 09:32:49 DEBUG    app.services.strategy_ema  [S2-pullback][MSFT] CALL — no pullback: pullback-bar low=463.1100 close=463.3100 EMA9=462.2284 (need low≤EMA9 or close within 0.4622)
2026-07-31 09:32:50 DEBUG    app.services.strategy_ema  [S2-freshness][META] CALL cross 5 bars old — within 40-bar window ✓
2026-07-31 09:32:50 DEBUG    app.services.strategy_ema  [S2-pullback][META] CALL — no pullback: pullback-bar low=549.1601 close=549.2300 EMA9=547.5791 (need low≤EMA9 or close within 0.5476)
2026-07-31 09:33:17 INFO     app.services.scheduler  [vol-ceiling][AMZN] Symbol too hot — true range 526% of its own ATR(14) (max 250%) — post-event whip risk, blocking entry
2026-07-31 09:33:17 DEBUG    app.services.strategy_ema  [S2-freshness][NVDA] CALL cross 1 bars old — within 40-bar window ✓
2026-07-31 09:33:17 INFO     app.services.scheduler  [vol-ceiling][AAPL] Symbol too hot — true range 413% of its own ATR(14) (max 250%) — post-event whip risk, blocking entry
2026-07-31 09:33:17 DEBUG    app.services.strategy_ema  [S2-pullback][NVDA] CALL — no pullback: pullback-bar low=197.7100 close=197.9150 EMA9=196.9626 (need low≤EMA9 or close within 0.1970)
2026-07-31 09:33:17 INFO     app.services.strategy_ema  [S2-freshness][GOOGL] No CALL EMA cross found in TODAY's session — trend predates today, blocking
2026-07-31 09:33:18 DEBUG    app.services.strategy_ema  [S2-freshness][PLTR] CALL cross 7 bars old — within 40-bar window ✓
2026-07-31 09:33:18 INFO     app.services.scheduler  [S2][NFLX] PUT entries disabled (s2_puts_enabled=0) — skip
2026-07-31 09:33:18 DEBUG    app.services.strategy_ema  [S2-pullback][PLTR] CALL — no pullback: pullback-bar low=122.3400 close=122.4550 EMA9=121.9587 (need low≤EMA9 or close within 0.1220)
2026-07-31 09:33:18 INFO     app.services.scheduler  [vol-ceiling][COIN] Symbol too hot — true range 270% of its own ATR(14) (max 250%) — post-event whip risk, blocking entry
2026-07-31 09:33:18 INFO     app.services.scheduler  [energy-gate][UBER] Symbol not in play — true range 38% of its own ATR(14) (min 50%) — blocking entry
2026-07-31 09:33:19 DEBUG    app.services.strategy_ema  [S2-freshness][FIG] CALL cross 7 bars old — within 40-bar window ✓
2026-07-31 09:33:19 DEBUG    app.services.strategy_ema  [S2-pullback][FIG] CALL — no pullback: pullback-bar low=24.2200 close=24.2700 EMA9=24.1184 (need low≤EMA9 or close within 0.0241)
2026-07-31 09:33:20 DEBUG    app.services.strategy_ema  [S2-freshness][MSFT] CALL cross 12 bars old — within 40-bar window ✓
2026-07-31 09:33:20 DEBUG    app.services.strategy_ema  [S2-pullback][MSFT] CALL — no pullback: pullback-bar low=463.2500 close=463.9750 EMA9=462.2284 (need low≤EMA9 or close within 0.4622)
2026-07-31 09:33:20 DEBUG    app.services.strategy_ema  [S2-freshness][META] CALL cross 5 bars old — within 40-bar window ✓
2026-07-31 09:33:20 DEBUG    app.services.strategy_ema  [S2-pullback][META] CALL — no pullback: pullback-bar low=549.0400 close=549.7100 EMA9=547.5791 (need low≤EMA9 or close within 0.5476)
2026-07-31 09:33:47 DEBUG    app.services.strategy_ema  [S2-freshness][NVDA] CALL cross 1 bars old — within 40-bar window ✓
2026-07-31 09:33:47 INFO     app.services.scheduler  [vol-ceiling][AAPL] Symbol too hot — true range 413% of its own ATR(14) (max 250%) — post-event whip risk, blocking entry
2026-07-31 09:33:47 INFO     app.services.scheduler  [vol-ceiling][AMZN] Symbol too hot — true range 526% of its own ATR(14) (max 250%) — post-event whip risk, blocking entry
2026-07-31 09:33:47 DEBUG    app.services.strategy_ema  [S2-pullback][NVDA] CALL — no pullback: pullback-bar low=197.7100 close=197.9150 EMA9=196.9626 (need low≤EMA9 or close within 0.1970)
2026-07-31 09:33:47 INFO     app.services.strategy_ema  [S2-freshness][GOOGL] No CALL EMA cross found in TODAY's session — trend predates today, blocking
2026-07-31 09:33:48 DEBUG    app.services.strategy_ema  [S2-freshness][PLTR] CALL cross 7 bars old — within 40-bar window ✓
2026-07-31 09:33:48 DEBUG    app.services.strategy_ema  [S2-pullback][PLTR] CALL — no pullback: pullback-bar low=122.3400 close=122.4550 EMA9=121.9587 (need low≤EMA9 or close within 0.1220)
2026-07-31 09:33:48 INFO     app.services.scheduler  [S2][NFLX] PUT entries disabled (s2_puts_enabled=0) — skip
2026-07-31 09:33:48 INFO     app.services.scheduler  [energy-gate][UBER] Symbol not in play — true range 38% of its own ATR(14) (min 50%) — blocking entry
2026-07-31 09:33:48 INFO     app.services.scheduler  [vol-ceiling][COIN] Symbol too hot — true range 270% of its own ATR(14) (max 250%) — post-event whip risk, blocking entry
2026-07-31 09:33:48 DEBUG    app.services.strategy_ema  [S2-freshness][FIG] CALL cross 7 bars old — within 40-bar window ✓
2026-07-31 09:33:49 DEBUG    app.services.strategy_ema  [S2-pullback][FIG] CALL — no pullback: pullback-bar low=24.2200 close=24.2700 EMA9=24.1184 (need low≤EMA9 or close within 0.0241)
2026-07-31 09:33:49 DEBUG    app.services.strategy_ema  [S2-freshness][MSFT] CALL cross 12 bars old — within 40-bar window ✓
2026-07-31 09:33:49 DEBUG    app.services.strategy_ema  [S2-freshness][META] CALL cross 5 bars old — within 40-bar window ✓
2026-07-31 09:33:49 DEBUG    app.services.strategy_ema  [S2-pullback][MSFT] CALL — no pullback: pullback-bar low=463.2500 close=463.9750 EMA9=462.2284 (need low≤EMA9 or close within 0.4622)
2026-07-31 09:33:49 DEBUG    app.services.strategy_ema  [S2-pullback][META] CALL — no pullback: pullback-bar low=549.0400 close=549.7100 EMA9=547.5791 (need low≤EMA9 or close within 0.5476)
2026-07-31 09:34:17 INFO     app.services.scheduler  [vol-ceiling][AAPL] Symbol too hot — true range 413% of its own ATR(14) (max 250%) — post-event whip risk, blocking entry
2026-07-31 09:34:17 INFO     app.services.scheduler  [vol-ceiling][AMZN] Symbol too hot — true range 526% of its own ATR(14) (max 250%) — post-event whip risk, blocking entry
2026-07-31 09:34:18 DEBUG    app.services.strategy_ema  [S2-freshness][NVDA] CALL cross 1 bars old — within 40-bar window ✓
2026-07-31 09:34:18 INFO     app.services.strategy_ema  [S2-freshness][GOOGL] No CALL EMA cross found in TODAY's session — trend predates today, blocking
2026-07-31 09:34:18 DEBUG    app.services.strategy_ema  [S2-pullback][NVDA] CALL — no pullback: pullback-bar low=197.9200 close=198.0600 EMA9=196.9626 (need low≤EMA9 or close within 0.1970)
2026-07-31 09:34:19 DEBUG    app.services.strategy_ema  [S2-freshness][PLTR] CALL cross 7 bars old — within 40-bar window ✓
2026-07-31 09:34:19 INFO     app.services.scheduler  [S2][NFLX] PUT entries disabled (s2_puts_enabled=0) — skip
2026-07-31 09:34:19 DEBUG    app.services.strategy_ema  [S2-pullback][PLTR] CALL — no pullback: pullback-bar low=122.4150 close=122.4400 EMA9=121.9587 (need low≤EMA9 or close within 0.1220)
2026-07-31 09:34:19 INFO     app.services.scheduler  [vol-ceiling][COIN] Symbol too hot — true range 270% of its own ATR(14) (max 250%) — post-event whip risk, blocking entry
2026-07-31 09:34:19 INFO     app.services.scheduler  [energy-gate][UBER] Symbol not in play — true range 38% of its own ATR(14) (min 50%) — blocking entry
2026-07-31 09:34:20 DEBUG    app.services.strategy_ema  [S2-freshness][FIG] CALL cross 7 bars old — within 40-bar window ✓
2026-07-31 09:34:20 DEBUG    app.services.strategy_ema  [S2-pullback][FIG] CALL — no pullback: pullback-bar low=24.2300 close=24.2300 EMA9=24.1184 (need low≤EMA9 or close within 0.0241)
2026-07-31 09:34:20 DEBUG    app.services.strategy_ema  [S2-freshness][META] CALL cross 5 bars old — within 40-bar window ✓
2026-07-31 09:34:20 DEBUG    app.services.strategy_ema  [S2-freshness][MSFT] CALL cross 12 bars old — within 40-bar window ✓
2026-07-31 09:34:20 DEBUG    app.services.strategy_ema  [S2-pullback][MSFT] CALL — no pullback: pullback-bar low=463.8500 close=464.1500 EMA9=462.2284 (need low≤EMA9 or close within 0.4622)
2026-07-31 09:34:20 DEBUG    app.services.strategy_ema  [S2-pullback][META] CALL — no pullback: pullback-bar low=549.3500 close=549.8500 EMA9=547.5791 (need low≤EMA9 or close within 0.5476)
2026-07-31 09:34:47 INFO     app.services.scheduler  [vol-ceiling][AMZN] Symbol too hot — true range 526% of its own ATR(14) (max 250%) — post-event whip risk, blocking entry
2026-07-31 09:34:47 INFO     app.services.scheduler  [vol-ceiling][AAPL] Symbol too hot — true range 413% of its own ATR(14) (max 250%) — post-event whip risk, blocking entry
2026-07-31 09:34:47 DEBUG    app.services.strategy_ema  [S2-freshness][NVDA] CALL cross 1 bars old — within 40-bar window ✓
2026-07-31 09:34:47 DEBUG    app.services.strategy_ema  [S2-pullback][NVDA] CALL — no pullback: pullback-bar low=197.9200 close=198.0600 EMA9=196.9626 (need low≤EMA9 or close within 0.1970)
2026-07-31 09:34:47 INFO     app.services.strategy_ema  [S2-freshness][GOOGL] No CALL EMA cross found in TODAY's session — trend predates today, blocking
2026-07-31 09:34:48 DEBUG    app.services.strategy_ema  [S2-freshness][PLTR] CALL cross 7 bars old — within 40-bar window ✓
2026-07-31 09:34:48 DEBUG    app.services.strategy_ema  [S2-pullback][PLTR] CALL — no pullback: pullback-bar low=122.4150 close=122.4400 EMA9=121.9587 (need low≤EMA9 or close within 0.1220)
2026-07-31 09:34:48 INFO     app.services.scheduler  [S2][NFLX] PUT entries disabled (s2_puts_enabled=0) — skip
2026-07-31 09:34:48 INFO     app.services.scheduler  [energy-gate][UBER] Symbol not in play — true range 38% of its own ATR(14) (min 50%) — blocking entry
2026-07-31 09:34:48 INFO     app.services.scheduler  [vol-ceiling][COIN] Symbol too hot — true range 270% of its own ATR(14) (max 250%) — post-event whip risk, blocking entry
2026-07-31 09:34:49 DEBUG    app.services.strategy_ema  [S2-freshness][FIG] CALL cross 7 bars old — within 40-bar window ✓
2026-07-31 09:34:49 DEBUG    app.services.strategy_ema  [S2-pullback][FIG] CALL — no pullback: pullback-bar low=24.2300 close=24.2300 EMA9=24.1184 (need low≤EMA9 or close within 0.0241)
2026-07-31 09:34:49 DEBUG    app.services.strategy_ema  [S2-freshness][MSFT] CALL cross 12 bars old — within 40-bar window ✓
2026-07-31 09:34:49 DEBUG    app.services.strategy_ema  [S2-pullback][MSFT] CALL — no pullback: pullback-bar low=463.8500 close=464.1500 EMA9=462.2284 (need low≤EMA9 or close within 0.4622)
2026-07-31 09:34:49 DEBUG    app.services.strategy_ema  [S2-freshness][META] CALL cross 5 bars old — within 40-bar window ✓
2026-07-31 09:34:50 DEBUG    app.services.strategy_ema  [S2-pullback][META] CALL — no pullback: pullback-bar low=549.3500 close=549.8500 EMA9=547.5791 (need low≤EMA9 or close within 0.5476)
2026-07-31 09:35:17 INFO     app.services.scheduler  [vol-ceiling][AAPL] Symbol too hot — true range 413% of its own ATR(14) (max 250%) — post-event whip risk, blocking entry
2026-07-31 09:35:17 DEBUG    app.services.strategy_ema  [S2-5m-filter][NVDA] CALL OK — EMA9=197.1690 > EMA21=196.8756 close=197.9950 > VWAP=197.3481 slopes both↑
2026-07-31 09:35:17 DEBUG    app.services.strategy_ema  [S2-freshness][NVDA] CALL cross 2 bars old — within 40-bar window ✓
2026-07-31 09:35:17 INFO     app.services.scheduler  [vol-ceiling][AMZN] Symbol too hot — true range 526% of its own ATR(14) (max 250%) — post-event whip risk, blocking entry
2026-07-31 09:35:17 DEBUG    app.services.strategy_ema  [S2-pullback][NVDA] CALL — no pullback: pullback-bar low=197.9450 close=198.1000 EMA9=197.1690 (need low≤EMA9 or close within 0.1972)
2026-07-31 09:35:17 DEBUG    app.services.strategy_ema  [S2-5m-filter][GOOGL] CALL OK — EMA9=352.9276 > EMA21=351.0249 close=354.1750 > VWAP=347.8718 slopes both↑
2026-07-31 09:35:17 INFO     app.services.strategy_ema  [S2-freshness][GOOGL] No CALL EMA cross found in TODAY's session — trend predates today, blocking
2026-07-31 09:35:18 INFO     app.services.strategy_ema  [S2-5m-filter][INTC] CALL blocked — EMA9=92.1684 EMA21=92.2958 close=92.4800 VWAP=93.6958 EMA9_slope=↑ EMA21_slope=↑
2026-07-31 09:35:18 INFO     app.services.strategy_ema  [S2-5m-filter][TSLA] PUT blocked — EMA9=308.3118 EMA21=307.7258 close=309.3800 VWAP=307.2887 EMA9_slope=↑ EMA21_slope=↑
2026-07-31 09:35:18 DEBUG    app.services.strategy_ema  [S2-5m-filter][PLTR] CALL OK — EMA9=122.0590 > EMA21=121.6010 close=122.4600 > VWAP=121.3018 slopes both↑
2026-07-31 09:35:18 DEBUG    app.services.strategy_ema  [S2-freshness][PLTR] CALL cross 8 bars old — within 40-bar window ✓
2026-07-31 09:35:18 DEBUG    app.services.strategy_ema  [S2-pullback][PLTR] CALL — no pullback: pullback-bar low=122.4000 close=122.5200 EMA9=122.0590 (need low≤EMA9 or close within 0.1221)
2026-07-31 09:35:18 INFO     app.services.strategy_ema  [S2-5m-filter][SHOP] CALL blocked — EMA9=117.2627 EMA21=117.3576 close=117.1950 VWAP=118.2126 EMA9_slope=↓ EMA21_slope=↓
2026-07-31 09:35:18 INFO     app.services.scheduler  [S2][SHOP] PUT entries disabled (s2_puts_enabled=0) — skip
2026-07-31 09:35:18 INFO     app.services.strategy_ema  [S2-5m-filter][NFLX] CALL blocked — EMA9=71.6274 EMA21=71.6588 close=71.5300 VWAP=71.7253 EMA9_slope=↓ EMA21_slope=↓
2026-07-31 09:35:18 INFO     app.services.scheduler  [S2][NFLX] PUT entries disabled (s2_puts_enabled=0) — skip
2026-07-31 09:35:19 INFO     app.services.scheduler  [energy-gate][UBER] Symbol not in play — true range 38% of its own ATR(14) (min 50%) — blocking entry
2026-07-31 09:35:19 INFO     app.services.strategy_ema  [S2-5m-filter][WMT] CALL blocked — EMA9=111.4876 EMA21=111.4429 close=111.3650 VWAP=111.1687 EMA9_slope=↓ EMA21_slope=↓
2026-07-31 09:35:19 DEBUG    app.services.strategy_ema  [S2-5m-filter][FIG] CALL OK — EMA9=24.1477 > EMA21=24.0905 close=24.2650 > VWAP=24.1710 slopes both↑
2026-07-31 09:35:19 DEBUG    app.services.strategy_ema  [S2-freshness][FIG] CALL cross 8 bars old — within 40-bar window ✓
2026-07-31 09:35:19 DEBUG    app.services.strategy_ema  [S2-5m-filter][FISV] CALL OK — EMA9=53.3702 > EMA21=53.2961 close=53.4350 > VWAP=53.1871 slopes both↑
2026-07-31 09:35:19 DEBUG    app.services.strategy_ema  [S2-freshness][FISV] CALL cross 8 bars old — within 40-bar window ✓
2026-07-31 09:35:19 DEBUG    app.services.strategy_ema  [S2-pullback][FIG] CALL — no pullback: pullback-bar low=24.2300 close=24.2750 EMA9=24.1477 (need low≤EMA9 or close within 0.0241)
2026-07-31 09:35:19 INFO     app.services.scheduler  [vol-ceiling][COIN] Symbol too hot — true range 270% of its own ATR(14) (max 250%) — post-event whip risk, blocking entry
2026-07-31 09:35:20 INFO     app.services.strategy_ema  [S2-pullback][FISV] CALL pullback ✓ — pullback-bar low=53.3600 close=53.4400 EMA9=53.3702
2026-07-31 09:35:20 INFO     app.services.strategy_ema  [S2-confirm][FISV] CALL confirmation failed — candle bearish/doji (open=53.4400 close=53.4350) prev_high=53.4600 ema9=53.3702 above_ema9=True
2026-07-31 09:35:20 DEBUG    app.services.strategy_ema  [S2-5m-filter][MSFT] CALL OK — EMA9=462.4427 > EMA21=460.3266 close=463.3000 > VWAP=458.1615 slopes both↑
2026-07-31 09:35:20 DEBUG    app.services.strategy_ema  [S2-freshness][MSFT] CALL cross 13 bars old — within 40-bar window ✓
2026-07-31 09:35:20 DEBUG    app.services.strategy_ema  [S2-pullback][MSFT] CALL — no pullback: pullback-bar low=463.2700 close=463.3100 EMA9=462.4427 (need low≤EMA9 or close within 0.4624)
2026-07-31 09:35:21 INFO     app.services.strategy_ema  [S2-5m-filter][QCOM] CALL blocked — EMA9=148.3927 EMA21=148.4404 close=148.7400 VWAP=148.6907 EMA9_slope=↑ EMA21_slope=↑
2026-07-31 09:35:21 DEBUG    app.services.strategy_ema  [S2-5m-filter][META] CALL OK — EMA9=548.2933 > EMA21=547.1919 close=551.1500 > VWAP=548.4148 slopes both↑
2026-07-31 09:35:21 DEBUG    app.services.strategy_ema  [S2-freshness][META] CALL cross 6 bars old — within 40-bar window ✓
2026-07-31 09:35:21 DEBUG    app.services.strategy_ema  [S2-pullback][META] CALL — no pullback: pullback-bar low=549.6400 close=550.1000 EMA9=548.2933 (need low≤EMA9 or close within 0.5483)
2026-07-31 09:35:47 INFO     app.services.scheduler  [vol-ceiling][AMZN] Symbol too hot — true range 526% of its own ATR(14) (max 250%) — post-event whip risk, blocking entry
2026-07-31 09:35:47 INFO     app.services.scheduler  [vol-ceiling][AAPL] Symbol too hot — true range 413% of its own ATR(14) (max 250%) — post-event whip risk, blocking entry
2026-07-31 09:35:47 DEBUG    app.services.strategy_ema  [S2-freshness][NVDA] CALL cross 2 bars old — within 40-bar window ✓
2026-07-31 09:35:47 DEBUG    app.services.strategy_ema  [S2-pullback][NVDA] CALL — no pullback: pullback-bar low=197.9450 close=198.1000 EMA9=197.1690 (need low≤EMA9 or close within 0.1972)
2026-07-31 09:35:48 INFO     app.services.strategy_ema  [S2-freshness][GOOGL] No CALL EMA cross found in TODAY's session — trend predates today, blocking
2026-07-31 09:35:48 DEBUG    app.services.strategy_ema  [S2-freshness][PLTR] CALL cross 8 bars old — within 40-bar window ✓
2026-07-31 09:35:48 DEBUG    app.services.strategy_ema  [S2-exit] Trail raised: 4.74 → 4.78 (gain=23.8%)
2026-07-31 09:35:48 DEBUG    app.services.strategy_ema  [S2-pullback][PLTR] CALL — no pullback: pullback-bar low=122.4000 close=122.5200 EMA9=122.0590 (need low≤EMA9 or close within 0.1221)
2026-07-31 09:35:48 INFO     app.services.scheduler  [S2][TSLA] Trade 211 stop raised: $4.74 → $4.78
2026-07-31 09:35:48 INFO     app.services.scheduler  [S2][NFLX] PUT entries disabled (s2_puts_enabled=0) — skip
2026-07-31 09:35:48 INFO     app.services.scheduler  [S2][SHOP] PUT entries disabled (s2_puts_enabled=0) — skip
2026-07-31 09:35:49 INFO     app.services.scheduler  [vol-ceiling][COIN] Symbol too hot — true range 270% of its own ATR(14) (max 250%) — post-event whip risk, blocking entry
2026-07-31 09:35:49 INFO     app.services.scheduler  [energy-gate][UBER] Symbol not in play — true range 38% of its own ATR(14) (min 50%) — blocking entry
2026-07-31 09:35:49 DEBUG    app.services.strategy_ema  [S2-freshness][FIG] CALL cross 8 bars old — within 40-bar window ✓
2026-07-31 09:35:49 DEBUG    app.services.strategy_ema  [S2-freshness][FISV] CALL cross 8 bars old — within 40-bar window ✓
2026-07-31 09:35:49 INFO     app.services.strategy_ema  [S2-pullback][FISV] CALL pullback ✓ — pullback-bar low=53.3600 close=53.4400 EMA9=53.3702
2026-07-31 09:35:49 INFO     app.services.strategy_ema  [S2-confirm][FISV] CALL confirmation failed — candle bearish/doji (open=53.4400 close=53.4350) prev_high=53.4600 ema9=53.3702 above_ema9=True
2026-07-31 09:35:49 DEBUG    app.services.strategy_ema  [S2-pullback][FIG] CALL — no pullback: pullback-bar low=24.2300 close=24.2750 EMA9=24.1477 (need low≤EMA9 or close within 0.0241)
2026-07-31 09:35:50 DEBUG    app.services.strategy_ema  [S2-freshness][META] CALL cross 6 bars old — within 40-bar window ✓
2026-07-31 09:35:50 DEBUG    app.services.strategy_ema  [S2-pullback][META] CALL — no pullback: pullback-bar low=549.6400 close=550.1000 EMA9=548.2933 (need low≤EMA9 or close within 0.5483)
2026-07-31 09:35:50 DEBUG    app.services.strategy_ema  [S2-freshness][MSFT] CALL cross 13 bars old — within 40-bar window ✓
2026-07-31 09:35:51 DEBUG    app.services.strategy_ema  [S2-pullback][MSFT] CALL — no pullback: pullback-bar low=463.2700 close=463.3100 EMA9=462.4427 (need low≤EMA9 or close within 0.4624)
2026-07-31 09:36:17 DEBUG    app.services.strategy_ema  [S2-freshness][NVDA] CALL cross 2 bars old — within 40-bar window ✓
2026-07-31 09:36:17 INFO     app.services.scheduler  [vol-ceiling][AAPL] Symbol too hot — true range 413% of its own ATR(14) (max 250%) — post-event whip risk, blocking entry
2026-07-31 09:36:17 INFO     app.services.scheduler  [vol-ceiling][AMZN] Symbol too hot — true range 526% of its own ATR(14) (max 250%) — post-event whip risk, blocking entry
2026-07-31 09:36:17 DEBUG    app.services.strategy_ema  [S2-pullback][NVDA] CALL — no pullback: pullback-bar low=197.9200 close=197.9950 EMA9=197.1690 (need low≤EMA9 or close within 0.1972)
2026-07-31 09:36:18 DEBUG    app.services.strategy_ema  [S2-freshness][PLTR] CALL cross 8 bars old — within 40-bar window ✓
2026-07-31 09:36:18 INFO     app.services.strategy_ema  [S2-freshness][GOOGL] No CALL EMA cross found in TODAY's session — trend predates today, blocking
2026-07-31 09:36:18 DEBUG    app.services.strategy_ema  [S2-pullback][PLTR] CALL — no pullback: pullback-bar low=122.4300 close=122.4600 EMA9=122.0590 (need low≤EMA9 or close within 0.1221)
2026-07-31 09:36:18 INFO     app.services.scheduler  [S2][NFLX] PUT entries disabled (s2_puts_enabled=0) — skip
2026-07-31 09:36:19 INFO     app.services.scheduler  [S2][SHOP] PUT entries disabled (s2_puts_enabled=0) — skip
2026-07-31 09:36:19 INFO     app.services.scheduler  [energy-gate][UBER] Symbol not in play — true range 38% of its own ATR(14) (min 50%) — blocking entry
2026-07-31 09:36:19 INFO     app.services.scheduler  [vol-ceiling][COIN] Symbol too hot — true range 270% of its own ATR(14) (max 250%) — post-event whip risk, blocking entry
2026-07-31 09:36:19 DEBUG    app.services.strategy_ema  [S2-freshness][FISV] CALL cross 8 bars old — within 40-bar window ✓
2026-07-31 09:36:19 DEBUG    app.services.strategy_ema  [S2-freshness][FIG] CALL cross 8 bars old — within 40-bar window ✓
2026-07-31 09:36:19 DEBUG    app.services.strategy_ema  [S2-pullback][FISV] CALL — no pullback: pullback-bar low=53.4300 close=53.4350 EMA9=53.3702 (need low≤EMA9 or close within 0.0534)
2026-07-31 09:36:19 DEBUG    app.services.strategy_ema  [S2-pullback][FIG] CALL — no pullback: pullback-bar low=24.2600 close=24.2650 EMA9=24.1477 (need low≤EMA9 or close within 0.0241)
2026-07-31 09:36:20 DEBUG    app.services.strategy_ema  [S2-freshness][META] CALL cross 6 bars old — within 40-bar window ✓
2026-07-31 09:36:20 DEBUG    app.services.strategy_ema  [S2-freshness][MSFT] CALL cross 13 bars old — within 40-bar window ✓
2026-07-31 09:36:20 DEBUG    app.services.strategy_ema  [S2-pullback][META] CALL — no pullback: pullback-bar low=549.8300 close=551.1500 EMA9=548.2933 (need low≤EMA9 or close within 0.5483)
2026-07-31 09:36:20 DEBUG    app.services.strategy_ema  [S2-pullback][MSFT] CALL — no pullback: pullback-bar low=463.1300 close=463.3000 EMA9=462.4427 (need low≤EMA9 or close within 0.4624)
2026-07-31 09:36:47 INFO     app.services.scheduler  [vol-ceiling][AAPL] Symbol too hot — true range 413% of its own ATR(14) (max 250%) — post-event whip risk, blocking entry
2026-07-31 09:36:47 DEBUG    app.services.strategy_ema  [S2-freshness][NVDA] CALL cross 2 bars old — within 40-bar window ✓
2026-07-31 09:36:47 INFO     app.services.scheduler  [vol-ceiling][AMZN] Symbol too hot — true range 526% of its own ATR(14) (max 250%) — post-event whip risk, blocking entry
2026-07-31 09:36:47 DEBUG    app.services.strategy_ema  [S2-pullback][NVDA] CALL — no pullback: pullback-bar low=197.9200 close=197.9950 EMA9=197.1690 (need low≤EMA9 or close within 0.1972)
2026-07-31 09:36:47 INFO     app.services.strategy_ema  [S2-freshness][GOOGL] No CALL EMA cross found in TODAY's session — trend predates today, blocking
2026-07-31 09:36:48 DEBUG    app.services.strategy_ema  [S2-freshness][PLTR] CALL cross 8 bars old — within 40-bar window ✓
2026-07-31 09:36:48 DEBUG    app.services.strategy_ema  [S2-pullback][PLTR] CALL — no pullback: pullback-bar low=122.4300 close=122.4600 EMA9=122.0590 (need low≤EMA9 or close within 0.1221)
2026-07-31 09:36:48 INFO     app.services.scheduler  [S2][NFLX] PUT entries disabled (s2_puts_enabled=0) — skip
2026-07-31 09:36:48 INFO     app.services.scheduler  [S2][SHOP] PUT entries disabled (s2_puts_enabled=0) — skip
2026-07-31 09:36:48 INFO     app.services.scheduler  [energy-gate][UBER] Symbol not in play — true range 38% of its own ATR(14) (min 50%) — blocking entry
2026-07-31 09:36:48 INFO     app.services.scheduler  [vol-ceiling][COIN] Symbol too hot — true range 270% of its own ATR(14) (max 250%) — post-event whip risk, blocking entry
2026-07-31 09:36:49 DEBUG    app.services.strategy_ema  [S2-freshness][FIG] CALL cross 8 bars old — within 40-bar window ✓
2026-07-31 09:36:49 DEBUG    app.services.strategy_ema  [S2-freshness][FISV] CALL cross 8 bars old — within 40-bar window ✓
2026-07-31 09:36:49 DEBUG    app.services.strategy_ema  [S2-pullback][FIG] CALL — no pullback: pullback-bar low=24.2600 close=24.2650 EMA9=24.1477 (need low≤EMA9 or close within 0.0241)
2026-07-31 09:36:49 DEBUG    app.services.strategy_ema  [S2-pullback][FISV] CALL — no pullback: pullback-bar low=53.4300 close=53.4350 EMA9=53.3702 (need low≤EMA9 or close within 0.0534)
2026-07-31 09:36:49 DEBUG    app.services.strategy_ema  [S2-freshness][MSFT] CALL cross 13 bars old — within 40-bar window ✓
2026-07-31 09:36:49 DEBUG    app.services.strategy_ema  [S2-freshness][META] CALL cross 6 bars old — within 40-bar window ✓
2026-07-31 09:36:49 DEBUG    app.services.strategy_ema  [S2-pullback][MSFT] CALL — no pullback: pullback-bar low=463.1300 close=463.3000 EMA9=462.4427 (need low≤EMA9 or close within 0.4624)
2026-07-31 09:36:49 DEBUG    app.services.strategy_ema  [S2-pullback][META] CALL — no pullback: pullback-bar low=549.8300 close=551.1500 EMA9=548.2933 (need low≤EMA9 or close within 0.5483)
2026-07-31 09:37:17 INFO     app.services.scheduler  [vol-ceiling][AAPL] Symbol too hot — true range 413% of its own ATR(14) (max 250%) — post-event whip risk, blocking entry
2026-07-31 09:37:17 DEBUG    app.services.strategy_ema  [S2-freshness][NVDA] CALL cross 2 bars old — within 40-bar window ✓
2026-07-31 09:37:17 INFO     app.services.scheduler  [vol-ceiling][AMZN] Symbol too hot — true range 526% of its own ATR(14) (max 250%) — post-event whip risk, blocking entry
2026-07-31 09:37:18 DEBUG    app.services.strategy_ema  [S2-pullback][NVDA] CALL — no pullback: pullback-bar low=197.9950 close=198.1250 EMA9=197.1690 (need low≤EMA9 or close within 0.1972)
2026-07-31 09:37:18 INFO     app.services.strategy_ema  [S2-freshness][GOOGL] No CALL EMA cross found in TODAY's session — trend predates today, blocking
2026-07-31 09:37:18 DEBUG    app.services.strategy_ema  [S2-freshness][PLTR] CALL cross 8 bars old — within 40-bar window ✓
2026-07-31 09:37:18 INFO     app.services.scheduler  [S2][SHOP] PUT entries disabled (s2_puts_enabled=0) — skip
2026-07-31 09:37:18 INFO     app.services.scheduler  [S2][NFLX] PUT entries disabled (s2_puts_enabled=0) — skip
2026-07-31 09:37:18 DEBUG    app.services.strategy_ema  [S2-pullback][PLTR] CALL — no pullback: pullback-bar low=122.4001 close=122.4500 EMA9=122.0590 (need low≤EMA9 or close within 0.1221)
2026-07-31 09:37:19 INFO     app.services.scheduler  [energy-gate][UBER] Symbol not in play — true range 38% of its own ATR(14) (min 50%) — blocking entry
2026-07-31 09:37:19 INFO     app.services.scheduler  [vol-ceiling][COIN] Symbol too hot — true range 270% of its own ATR(14) (max 250%) — post-event whip risk, blocking entry
2026-07-31 09:37:19 DEBUG    app.services.strategy_ema  [S2-freshness][FIG] CALL cross 8 bars old — within 40-bar window ✓
2026-07-31 09:37:19 DEBUG    app.services.strategy_ema  [S2-freshness][FISV] CALL cross 8 bars old — within 40-bar window ✓
2026-07-31 09:37:19 DEBUG    app.services.strategy_ema  [S2-pullback][FIG] CALL — no pullback: pullback-bar low=24.2000 close=24.2050 EMA9=24.1477 (need low≤EMA9 or close within 0.0241)
2026-07-31 09:37:19 INFO     app.services.strategy_ema  [S2-pullback][FISV] CALL pullback ✓ — pullback-bar low=53.4100 close=53.4100 EMA9=53.3702
2026-07-31 09:37:19 INFO     app.services.strategy_ema  [S2-confirm][FISV] CALL confirmation failed — candle bearish/doji (open=53.4200 close=53.4100) prev_high=53.4350 ema9=53.3702 above_ema9=True
2026-07-31 09:37:20 DEBUG    app.services.strategy_ema  [S2-freshness][META] CALL cross 6 bars old — within 40-bar window ✓
2026-07-31 09:37:20 DEBUG    app.services.strategy_ema  [S2-freshness][MSFT] CALL cross 13 bars old — within 40-bar window ✓
2026-07-31 09:37:20 DEBUG    app.services.strategy_ema  [S2-pullback][META] CALL — no pullback: pullback-bar low=551.0000 close=551.0850 EMA9=548.2933 (need low≤EMA9 or close within 0.5483)
2026-07-31 09:37:20 INFO     app.services.strategy_ema  [S2-pullback][MSFT] CALL pullback ✓ — pullback-bar low=462.5000 close=462.6831 EMA9=462.4427
2026-07-31 09:37:20 INFO     app.services.strategy_ema  [S2-confirm][MSFT] CALL confirmation failed — candle bullish (open=462.7200 close=462.9450) prev_high=463.3800 ema9=462.4427 above_ema9=True
2026-07-31 09:37:47 INFO     app.services.scheduler  [vol-ceiling][AAPL] Symbol too hot — true range 413% of its own ATR(14) (max 250%) — post-event whip risk, blocking entry
2026-07-31 09:37:47 INFO     app.services.scheduler  [vol-ceiling][AMZN] Symbol too hot — true range 526% of its own ATR(14) (max 250%) — post-event whip risk, blocking entry
2026-07-31 09:37:47 DEBUG    app.services.strategy_ema  [S2-freshness][NVDA] CALL cross 2 bars old — within 40-bar window ✓
2026-07-31 09:37:47 DEBUG    app.services.strategy_ema  [S2-pullback][NVDA] CALL — no pullback: pullback-bar low=197.9950 close=198.1250 EMA9=197.1690 (need low≤EMA9 or close within 0.1972)
2026-07-31 09:37:47 INFO     app.services.strategy_ema  [S2-freshness][GOOGL] No CALL EMA cross found in TODAY's session — trend predates today, blocking
2026-07-31 09:37:48 DEBUG    app.services.strategy_ema  [S2-freshness][PLTR] CALL cross 8 bars old — within 40-bar window ✓
2026-07-31 09:37:48 INFO     app.services.scheduler  [S2][NFLX] PUT entries disabled (s2_puts_enabled=0) — skip
2026-07-31 09:37:48 INFO     app.services.scheduler  [S2][SHOP] PUT entries disabled (s2_puts_enabled=0) — skip
2026-07-31 09:37:48 DEBUG    app.services.strategy_ema  [S2-pullback][PLTR] CALL — no pullback: pullback-bar low=122.4001 close=122.4500 EMA9=122.0590 (need low≤EMA9 or close within 0.1221)
2026-07-31 09:37:48 INFO     app.services.scheduler  [vol-ceiling][COIN] Symbol too hot — true range 270% of its own ATR(14) (max 250%) — post-event whip risk, blocking entry
2026-07-31 09:37:48 INFO     app.services.scheduler  [energy-gate][UBER] Symbol not in play — true range 38% of its own ATR(14) (min 50%) — blocking entry
2026-07-31 09:37:49 DEBUG    app.services.strategy_ema  [S2-freshness][FIG] CALL cross 8 bars old — within 40-bar window ✓
2026-07-31 09:37:49 DEBUG    app.services.strategy_ema  [S2-pullback][FIG] CALL — no pullback: pullback-bar low=24.2000 close=24.2050 EMA9=24.1477 (need low≤EMA9 or close within 0.0241)
2026-07-31 09:37:49 DEBUG    app.services.strategy_ema  [S2-freshness][MSFT] CALL cross 13 bars old — within 40-bar window ✓
2026-07-31 09:37:50 DEBUG    app.services.strategy_ema  [S2-freshness][FISV] CALL cross 8 bars old — within 40-bar window ✓
2026-07-31 09:37:50 INFO     app.services.strategy_ema  [S2-pullback][MSFT] CALL pullback ✓ — pullback-bar low=462.5000 close=462.6831 EMA9=462.4427
2026-07-31 09:37:50 INFO     app.services.strategy_ema  [S2-confirm][MSFT] CALL confirmation failed — candle bullish (open=462.7200 close=462.9450) prev_high=463.3800 ema9=462.4427 above_ema9=True
2026-07-31 09:37:50 INFO     app.services.strategy_ema  [S2-pullback][FISV] CALL pullback ✓ — pullback-bar low=53.4100 close=53.4100 EMA9=53.3702
2026-07-31 09:37:50 INFO     app.services.strategy_ema  [S2-confirm][FISV] CALL confirmation failed — candle bearish/doji (open=53.4200 close=53.4100) prev_high=53.4350 ema9=53.3702 above_ema9=True
2026-07-31 09:37:50 DEBUG    app.services.strategy_ema  [S2-freshness][META] CALL cross 6 bars old — within 40-bar window ✓
2026-07-31 09:37:50 DEBUG    app.services.strategy_ema  [S2-pullback][META] CALL — no pullback: pullback-bar low=551.0000 close=551.0850 EMA9=548.2933 (need low≤EMA9 or close within 0.5483)
2026-07-31 09:38:17 INFO     app.services.scheduler  [vol-ceiling][AMZN] Symbol too hot — true range 526% of its own ATR(14) (max 250%) — post-event whip risk, blocking entry
2026-07-31 09:38:17 INFO     app.services.scheduler  [vol-ceiling][AAPL] Symbol too hot — true range 413% of its own ATR(14) (max 250%) — post-event whip risk, blocking entry
2026-07-31 09:38:17 DEBUG    app.services.strategy_ema  [S2-freshness][NVDA] CALL cross 2 bars old — within 40-bar window ✓
2026-07-31 09:38:17 DEBUG    app.services.strategy_ema  [S2-pullback][NVDA] CALL — no pullback: pullback-bar low=197.9600 close=198.0100 EMA9=197.1690 (need low≤EMA9 or close within 0.1972)
2026-07-31 09:38:17 INFO     app.services.strategy_ema  [S2-freshness][GOOGL] No CALL EMA cross found in TODAY's session — trend predates today, blocking
2026-07-31 09:38:18 DEBUG    app.services.strategy_ema  [S2-freshness][PLTR] CALL cross 8 bars old — within 40-bar window ✓
2026-07-31 09:38:18 INFO     app.services.scheduler  [S2][NFLX] PUT entries disabled (s2_puts_enabled=0) — skip
2026-07-31 09:38:18 DEBUG    app.services.strategy_ema  [S2-pullback][PLTR] CALL — no pullback: pullback-bar low=122.3800 close=122.3800 EMA9=122.0590 (need low≤EMA9 or close within 0.1221)
2026-07-31 09:38:18 INFO     app.services.scheduler  [energy-gate][UBER] Symbol not in play — true range 38% of its own ATR(14) (min 50%) — blocking entry
2026-07-31 09:38:18 INFO     app.services.scheduler  [vol-ceiling][COIN] Symbol too hot — true range 270% of its own ATR(14) (max 250%) — post-event whip risk, blocking entry
2026-07-31 09:38:18 INFO     app.services.scheduler  [S2][SHOP] PUT entries disabled (s2_puts_enabled=0) — skip
2026-07-31 09:38:19 DEBUG    app.services.strategy_ema  [S2-freshness][FISV] CALL cross 8 bars old — within 40-bar window ✓
2026-07-31 09:38:19 DEBUG    app.services.strategy_ema  [S2-freshness][FIG] CALL cross 8 bars old — within 40-bar window ✓
2026-07-31 09:38:19 INFO     app.services.strategy_ema  [S2-pullback][FISV] CALL pullback ✓ — pullback-bar low=53.4100 close=53.4100 EMA9=53.3702
2026-07-31 09:38:19 INFO     app.services.strategy_ema  [S2-confirm][FISV] CALL confirmed ✓ — close=53.4250 > prev_high=53.4200 > ema9=53.3702
2026-07-31 09:38:19 DEBUG    app.services.strategy_ema  [S2-pullback][FIG] CALL — no pullback: pullback-bar low=24.1950 close=24.2100 EMA9=24.1477 (need low≤EMA9 or close within 0.0241)
2026-07-31 09:38:19 INFO     app.services.scheduler  [S2][FISV] Structural levels: stop_u=53.29 target_u=53.77 R/R=2.71 → option SL=2.07 (−8%) TP=2.42 | stop 0.13 = 1.00×ATR(0.13) [WIDENED by ATR floor]
2026-07-31 09:38:20 INFO     app.services.scheduler  [S2][FISV] Limit order 139624928 placed: FISV260807C00054000 x2 @ $2.25
2026-07-31 09:38:20 DEBUG    app.services.strategy_ema  [S2-freshness][MSFT] CALL cross 13 bars old — within 40-bar window ✓
2026-07-31 09:38:20 DEBUG    app.services.strategy_ema  [S2-pullback][MSFT] CALL — no pullback: pullback-bar low=462.5900 close=462.9450 EMA9=462.4427 (need low≤EMA9 or close within 0.4624)
2026-07-31 09:38:20 DEBUG    app.services.strategy_ema  [S2-freshness][META] CALL cross 6 bars old — within 40-bar window ✓
2026-07-31 09:38:21 DEBUG    app.services.strategy_ema  [S2-pullback][META] CALL — no pullback: pullback-bar low=550.5600 close=550.8100 EMA9=548.2933 (need low≤EMA9 or close within 0.5483)
2026-07-31 09:38:22 INFO     app.services.scheduler  [S2][FISV] Limit order 139624928 REJECTED — aborting
2026-07-31 09:38:47 DEBUG    app.services.strategy_ema  [S2-freshness][NVDA] CALL cross 2 bars old — within 40-bar window ✓
2026-07-31 09:38:47 INFO     app.services.scheduler  [vol-ceiling][AMZN] Symbol too hot — true range 526% of its own ATR(14) (max 250%) — post-event whip risk, blocking entry
2026-07-31 09:38:47 DEBUG    app.services.strategy_ema  [S2-pullback][NVDA] CALL — no pullback: pullback-bar low=197.9600 close=198.0100 EMA9=197.1690 (need low≤EMA9 or close within 0.1972)
2026-07-31 09:38:47 INFO     app.services.scheduler  [vol-ceiling][AAPL] Symbol too hot — true range 413% of its own ATR(14) (max 250%) — post-event whip risk, blocking entry
2026-07-31 09:38:48 INFO     app.services.strategy_ema  [S2-freshness][GOOGL] No CALL EMA cross found in TODAY's session — trend predates today, blocking
2026-07-31 09:38:48 DEBUG    app.services.strategy_ema  [S2-freshness][PLTR] CALL cross 8 bars old — within 40-bar window ✓
2026-07-31 09:38:48 INFO     app.services.scheduler  [S2][NFLX] PUT entries disabled (s2_puts_enabled=0) — skip
2026-07-31 09:38:48 INFO     app.services.scheduler  [S2][SHOP] PUT entries disabled (s2_puts_enabled=0) — skip
2026-07-31 09:38:48 DEBUG    app.services.strategy_ema  [S2-pullback][PLTR] CALL — no pullback: pullback-bar low=122.3800 close=122.3800 EMA9=122.0590 (need low≤EMA9 or close within 0.1221)
2026-07-31 09:38:49 INFO     app.services.scheduler  [vol-ceiling][COIN] Symbol too hot — true range 270% of its own ATR(14) (max 250%) — post-event whip risk, blocking entry
2026-07-31 09:38:49 INFO     app.services.scheduler  [energy-gate][UBER] Symbol not in play — true range 38% of its own ATR(14) (min 50%) — blocking entry
2026-07-31 09:38:49 DEBUG    app.services.strategy_ema  [S2-freshness][FIG] CALL cross 8 bars old — within 40-bar window ✓
2026-07-31 09:38:49 DEBUG    app.services.strategy_ema  [S2-freshness][FISV] CALL cross 8 bars old — within 40-bar window ✓
2026-07-31 09:38:49 DEBUG    app.services.strategy_ema  [S2-pullback][FIG] CALL — no pullback: pullback-bar low=24.1950 close=24.2100 EMA9=24.1477 (need low≤EMA9 or close within 0.0241)
2026-07-31 09:38:49 INFO     app.services.strategy_ema  [S2-pullback][FISV] CALL pullback ✓ — pullback-bar low=53.4100 close=53.4100 EMA9=53.3702
2026-07-31 09:38:49 INFO     app.services.strategy_ema  [S2-confirm][FISV] CALL confirmed ✓ — close=53.4250 > prev_high=53.4200 > ema9=53.3702
2026-07-31 09:38:50 DEBUG    app.services.strategy_ema  [S2-freshness][MSFT] CALL cross 13 bars old — within 40-bar window ✓
2026-07-31 09:38:50 INFO     app.services.scheduler  [S2][FISV] Structural levels: stop_u=53.32 target_u=53.77 R/R=2.37 → option SL=2.07 (−8%) TP=2.40 | stop 0.13 = 1.04×ATR(0.13)
2026-07-31 09:38:50 DEBUG    app.services.strategy_ema  [S2-freshness][META] CALL cross 6 bars old — within 40-bar window ✓
2026-07-31 09:38:50 DEBUG    app.services.strategy_ema  [S2-pullback][MSFT] CALL — no pullback: pullback-bar low=462.5900 close=462.9450 EMA9=462.4427 (need low≤EMA9 or close within 0.4624)
2026-07-31 09:38:50 INFO     app.services.scheduler  [S2][FISV] Limit order 139625168 placed: FISV260807C00054000 x2 @ $2.25
2026-07-31 09:38:50 DEBUG    app.services.strategy_ema  [S2-pullback][META] CALL — no pullback: pullback-bar low=550.5600 close=550.8100 EMA9=548.2933 (need low≤EMA9 or close within 0.5483)
2026-07-31 09:38:52 INFO     app.services.scheduler  [S2][FISV] Limit order 139625168 REJECTED — aborting
2026-07-31 09:39:17 INFO     app.services.scheduler  [vol-ceiling][AMZN] Symbol too hot — true range 526% of its own ATR(14) (max 250%) — post-event whip risk, blocking entry
2026-07-31 09:39:17 INFO     app.services.scheduler  [vol-ceiling][AAPL] Symbol too hot — true range 413% of its own ATR(14) (max 250%) — post-event whip risk, blocking entry
2026-07-31 09:39:17 DEBUG    app.services.strategy_ema  [S2-freshness][NVDA] CALL cross 2 bars old — within 40-bar window ✓
2026-07-31 09:39:17 DEBUG    app.services.strategy_ema  [S2-pullback][NVDA] CALL — no pullback: pullback-bar low=197.9500 close=198.0600 EMA9=197.1690 (need low≤EMA9 or close within 0.1972)
2026-07-31 09:39:18 INFO     app.services.strategy_ema  [S2-freshness][GOOGL] No CALL EMA cross found in TODAY's session — trend predates today, blocking
2026-07-31 09:39:18 DEBUG    app.services.strategy_ema  [S2-freshness][PLTR] CALL cross 8 bars old — within 40-bar window ✓
2026-07-31 09:39:18 DEBUG    app.services.strategy_ema  [S2-pullback][PLTR] CALL — no pullback: pullback-bar low=122.3650 close=122.4250 EMA9=122.0590 (need low≤EMA9 or close within 0.1221)
2026-07-31 09:39:18 INFO     app.services.scheduler  [S2][NFLX] PUT entries disabled (s2_puts_enabled=0) — skip
2026-07-31 09:39:18 INFO     app.services.scheduler  [S2][SHOP] PUT entries disabled (s2_puts_enabled=0) — skip
2026-07-31 09:39:18 INFO     app.services.scheduler  [energy-gate][UBER] Symbol not in play — true range 38% of its own ATR(14) (min 50%) — blocking entry
2026-07-31 09:39:18 INFO     app.services.scheduler  [vol-ceiling][COIN] Symbol too hot — true range 270% of its own ATR(14) (max 250%) — post-event whip risk, blocking entry
2026-07-31 09:39:19 DEBUG    app.services.strategy_ema  [S2-freshness][FIG] CALL cross 8 bars old — within 40-bar window ✓
2026-07-31 09:39:19 DEBUG    app.services.strategy_ema  [S2-pullback][FIG] CALL — no pullback: pullback-bar low=24.1900 close=24.2050 EMA9=24.1477 (need low≤EMA9 or close within 0.0241)
2026-07-31 09:39:19 DEBUG    app.services.strategy_ema  [S2-freshness][FISV] CALL cross 8 bars old — within 40-bar window ✓
2026-07-31 09:39:19 DEBUG    app.services.strategy_ema  [S2-pullback][FISV] CALL — no pullback: pullback-bar low=53.4000 close=53.4250 EMA9=53.3702 (need low≤EMA9 or close within 0.0534)
2026-07-31 09:39:19 DEBUG    app.services.strategy_ema  [S2-freshness][MSFT] CALL cross 13 bars old — within 40-bar window ✓
2026-07-31 09:39:19 DEBUG    app.services.strategy_ema  [S2-freshness][META] CALL cross 6 bars old — within 40-bar window ✓
2026-07-31 09:39:19 DEBUG    app.services.strategy_ema  [S2-pullback][MSFT] CALL — no pullback: pullback-bar low=462.7700 close=463.0300 EMA9=462.4427 (need low≤EMA9 or close within 0.4624)
2026-07-31 09:39:19 DEBUG    app.services.strategy_ema  [S2-pullback][META] CALL — no pullback: pullback-bar low=550.6601 close=552.0000 EMA9=548.2933 (need low≤EMA9 or close within 0.5483)
2026-07-31 09:39:47 INFO     app.services.scheduler  [vol-ceiling][AMZN] Symbol too hot — true range 526% of its own ATR(14) (max 250%) — post-event whip risk, blocking entry
2026-07-31 09:39:47 DEBUG    app.services.strategy_ema  [S2-freshness][NVDA] CALL cross 2 bars old — within 40-bar window ✓
2026-07-31 09:39:47 INFO     app.services.scheduler  [vol-ceiling][AAPL] Symbol too hot — true range 413% of its own ATR(14) (max 250%) — post-event whip risk, blocking entry
2026-07-31 09:39:47 DEBUG    app.services.strategy_ema  [S2-pullback][NVDA] CALL — no pullback: pullback-bar low=197.9500 close=198.0600 EMA9=197.1690 (need low≤EMA9 or close within 0.1972)
2026-07-31 09:39:47 INFO     app.services.strategy_ema  [S2-freshness][GOOGL] No CALL EMA cross found in TODAY's session — trend predates today, blocking
2026-07-31 09:39:47 DEBUG    app.services.strategy_ema  [S2-freshness][PLTR] CALL cross 8 bars old — within 40-bar window ✓
2026-07-31 09:39:48 DEBUG    app.services.strategy_ema  [S2-pullback][PLTR] CALL — no pullback: pullback-bar low=122.3650 close=122.4250 EMA9=122.0590 (need low≤EMA9 or close within 0.1221)
2026-07-31 09:39:48 INFO     app.services.scheduler  [S2][NFLX] PUT entries disabled (s2_puts_enabled=0) — skip
2026-07-31 09:39:48 INFO     app.services.scheduler  [S2][SHOP] PUT entries disabled (s2_puts_enabled=0) — skip
2026-07-31 09:39:48 INFO     app.services.scheduler  [energy-gate][UBER] Symbol not in play — true range 38% of its own ATR(14) (min 50%) — blocking entry
2026-07-31 09:39:48 INFO     app.services.scheduler  [vol-ceiling][COIN] Symbol too hot — true range 270% of its own ATR(14) (max 250%) — post-event whip risk, blocking entry
2026-07-31 09:39:48 DEBUG    app.services.strategy_ema  [S2-freshness][FISV] CALL cross 8 bars old — within 40-bar window ✓
2026-07-31 09:39:48 DEBUG    app.services.strategy_ema  [S2-freshness][FIG] CALL cross 8 bars old — within 40-bar window ✓
2026-07-31 09:39:49 DEBUG    app.services.strategy_ema  [S2-pullback][FISV] CALL — no pullback: pullback-bar low=53.4000 close=53.4250 EMA9=53.3702 (need low≤EMA9 or close within 0.0534)
2026-07-31 09:39:49 DEBUG    app.services.strategy_ema  [S2-pullback][FIG] CALL — no pullback: pullback-bar low=24.1900 close=24.2050 EMA9=24.1477 (need low≤EMA9 or close within 0.0241)
2026-07-31 09:39:49 DEBUG    app.services.strategy_ema  [S2-freshness][MSFT] CALL cross 13 bars old — within 40-bar window ✓
2026-07-31 09:39:49 DEBUG    app.services.strategy_ema  [S2-pullback][MSFT] CALL — no pullback: pullback-bar low=462.7700 close=463.0300 EMA9=462.4427 (need low≤EMA9 or close within 0.4624)
2026-07-31 09:39:49 DEBUG    app.services.strategy_ema  [S2-freshness][META] CALL cross 6 bars old — within 40-bar window ✓
2026-07-31 09:39:50 DEBUG    app.services.strategy_ema  [S2-pullback][META] CALL — no pullback: pullback-bar low=550.6601 close=552.0000 EMA9=548.2933 (need low≤EMA9 or close within 0.5483)
2026-07-31 09:40:17 INFO     app.services.scheduler  [vol-ceiling][AAPL] Symbol too hot — true range 413% of its own ATR(14) (max 250%) — post-event whip risk, blocking entry
2026-07-31 09:40:18 INFO     app.services.scheduler  [vol-ceiling][AMZN] Symbol too hot — true range 526% of its own ATR(14) (max 250%) — post-event whip risk, blocking entry
2026-07-31 09:40:18 INFO     app.services.strategy_ema  [S2-5m-filter][TSLA] PUT blocked — EMA9=308.5164 EMA21=307.8721 close=309.3350 VWAP=307.3182 EMA9_slope=↑ EMA21_slope=↑
2026-07-31 09:40:18 DEBUG    app.services.strategy_ema  [S2-5m-filter][NVDA] CALL OK — EMA9=197.3312 > EMA21=196.9760 close=197.9800 > VWAP=197.3567 slopes both↑
2026-07-31 09:40:18 DEBUG    app.services.strategy_ema  [S2-freshness][NVDA] CALL cross 3 bars old — within 40-bar window ✓
2026-07-31 09:40:18 DEBUG    app.services.strategy_ema  [S2-pullback][NVDA] CALL — no pullback: pullback-bar low=197.8300 close=197.8750 EMA9=197.3312 (need low≤EMA9 or close within 0.1973)
2026-07-31 09:40:18 DEBUG    app.services.strategy_ema  [S2-5m-filter][GOOGL] CALL OK — EMA9=353.0200 > EMA21=351.2399 close=353.3899 > VWAP=347.9458 slopes both↑
2026-07-31 09:40:18 INFO     app.services.strategy_ema  [S2-freshness][GOOGL] No CALL EMA cross found in TODAY's session — trend predates today, blocking
2026-07-31 09:40:18 DEBUG    app.services.strategy_ema  [S2-5m-filter][PLTR] CALL OK — EMA9=122.1412 > EMA21=121.6800 close=122.4700 > VWAP=121.3118 slopes both↑
2026-07-31 09:40:18 DEBUG    app.services.strategy_ema  [S2-freshness][PLTR] CALL cross 9 bars old — within 40-bar window ✓
2026-07-31 09:40:18 INFO     app.services.strategy_ema  [S2-5m-filter][INTC] CALL blocked — EMA9=92.2287 EMA21=92.3116 close=92.4700 VWAP=93.6817 EMA9_slope=↑ EMA21_slope=↑
2026-07-31 09:40:19 DEBUG    app.services.strategy_ema  [S2-pullback][PLTR] CALL — no pullback: pullback-bar low=122.4000 close=122.4101 EMA9=122.1412 (need low≤EMA9 or close within 0.1221)
2026-07-31 09:40:19 INFO     app.services.strategy_ema  [S2-5m-filter][NFLX] CALL blocked — EMA9=71.5989 EMA21=71.6430 close=71.4850 VWAP=71.7219 EMA9_slope=↓ EMA21_slope=↓
2026-07-31 09:40:19 INFO     app.services.scheduler  [S2][NFLX] PUT entries disabled (s2_puts_enabled=0) — skip
2026-07-31 09:40:19 INFO     app.services.strategy_ema  [S2-5m-filter][SHOP] CALL blocked — EMA9=117.2342 EMA21=117.3360 close=117.1200 VWAP=118.1945 EMA9_slope=↓ EMA21_slope=↓
2026-07-31 09:40:19 INFO     app.services.scheduler  [S2][SHOP] PUT entries disabled (s2_puts_enabled=0) — skip
2026-07-31 09:40:19 INFO     app.services.scheduler  [energy-gate][UBER] Symbol not in play — true range 38% of its own ATR(14) (min 50%) — blocking entry
2026-07-31 09:40:20 INFO     app.services.scheduler  [vol-ceiling][COIN] Symbol too hot — true range 270% of its own ATR(14) (max 250%) — post-event whip risk, blocking entry
2026-07-31 09:40:20 DEBUG    app.services.strategy_ema  [S2-5m-filter][WMT] CALL OK — EMA9=111.4932 > EMA21=111.4495 close=111.5155 > VWAP=111.1717 slopes both↑
2026-07-31 09:40:20 DEBUG    app.services.strategy_ema  [S2-freshness][WMT] CALL cross 33 bars old — within 40-bar window ✓
2026-07-31 09:40:20 DEBUG    app.services.strategy_ema  [S2-5m-filter][FIG] CALL OK — EMA9=24.1712 > EMA21=24.1064 close=24.2650 > VWAP=24.1717 slopes both↑
2026-07-31 09:40:20 DEBUG    app.services.strategy_ema  [S2-freshness][FIG] CALL cross 9 bars old — within 40-bar window ✓
2026-07-31 09:40:20 DEBUG    app.services.strategy_ema  [S2-pullback][FIG] CALL — no pullback: pullback-bar low=24.1900 close=24.2650 EMA9=24.1712 (need low≤EMA9 or close within 0.0242)
2026-07-31 09:40:20 INFO     app.services.strategy_ema  [S2-pullback][WMT] CALL pullback ✓ — pullback-bar low=111.3750 close=111.4650 EMA9=111.4932
2026-07-31 09:40:20 INFO     app.services.strategy_ema  [S2-confirm][WMT] CALL confirmed ✓ — close=111.5155 > prev_high=111.4700 > ema9=111.4932
2026-07-31 09:40:20 INFO     app.services.scheduler  [S2][WMT] Structural gate blocked CALL entry — reward/risk 1.12 < 1.20 (stop 0.33 vs target 0.37 in underlying)
2026-07-31 09:40:21 DEBUG    app.services.strategy_ema  [S2-5m-filter][QCOM] CALL OK — EMA9=148.4822 > EMA21=148.4767 close=148.8400 > VWAP=148.6921 slopes both↑
2026-07-31 09:40:21 DEBUG    app.services.strategy_ema  [S2-freshness][QCOM] CALL cross 0 bars old — within 40-bar window ✓
2026-07-31 09:40:21 DEBUG    app.services.strategy_ema  [S2-5m-filter][FISV] CALL OK — EMA9=53.3982 > EMA21=53.3155 close=53.5100 > VWAP=53.1952 slopes both↑
2026-07-31 09:40:21 DEBUG    app.services.strategy_ema  [S2-freshness][FISV] CALL cross 9 bars old — within 40-bar window ✓
2026-07-31 09:40:21 DEBUG    app.services.strategy_ema  [S2-5m-filter][MSFT] CALL OK — EMA9=462.5422 > EMA21=460.5642 close=462.9401 > VWAP=458.2131 slopes both↑
2026-07-31 09:40:21 DEBUG    app.services.strategy_ema  [S2-freshness][MSFT] CALL cross 14 bars old — within 40-bar window ✓
2026-07-31 09:40:21 DEBUG    app.services.strategy_ema  [S2-pullback][QCOM] CALL — no pullback: pullback-bar low=148.6900 close=148.7500 EMA9=148.4822 (need low≤EMA9 or close within 0.1485)
2026-07-31 09:40:22 INFO     app.services.strategy_ema  [S2-pullback][MSFT] CALL pullback ✓ — pullback-bar low=462.7600 close=462.7600 EMA9=462.5422
2026-07-31 09:40:22 INFO     app.services.strategy_ema  [S2-confirm][MSFT] CALL confirmation failed — candle bullish (open=462.7850 close=462.9401) prev_high=463.0400 ema9=462.5422 above_ema9=True
2026-07-31 09:40:22 DEBUG    app.services.strategy_ema  [S2-pullback][FISV] CALL — no pullback: pullback-bar low=53.4200 close=53.4700 EMA9=53.3982 (need low≤EMA9 or close within 0.0534)
2026-07-31 09:40:22 DEBUG    app.services.strategy_ema  [S2-5m-filter][META] CALL OK — EMA9=548.7446 > EMA21=547.4972 close=550.5500 > VWAP=548.4585 slopes both↑
2026-07-31 09:40:22 DEBUG    app.services.strategy_ema  [S2-freshness][META] CALL cross 7 bars old — within 40-bar window ✓
2026-07-31 09:40:23 DEBUG    app.services.strategy_ema  [S2-pullback][META] CALL — no pullback: pullback-bar low=551.4900 close=551.5000 EMA9=548.7446 (need low≤EMA9 or close within 0.5487)
2026-07-31 09:40:47 INFO     app.services.scheduler  [vol-ceiling][AAPL] Symbol too hot — true range 413% of its own ATR(14) (max 250%) — post-event whip risk, blocking entry
2026-07-31 09:40:47 INFO     app.services.scheduler  [vol-ceiling][AMZN] Symbol too hot — true range 526% of its own ATR(14) (max 250%) — post-event whip risk, blocking entry
2026-07-31 09:40:47 DEBUG    app.services.strategy_ema  [S2-freshness][NVDA] CALL cross 3 bars old — within 40-bar window ✓
2026-07-31 09:40:48 DEBUG    app.services.strategy_ema  [S2-pullback][NVDA] CALL — no pullback: pullback-bar low=197.8300 close=197.8750 EMA9=197.3312 (need low≤EMA9 or close within 0.1973)
2026-07-31 09:40:48 DEBUG    app.services.strategy_ema  [S2-freshness][PLTR] CALL cross 9 bars old — within 40-bar window ✓
2026-07-31 09:40:48 INFO     app.services.strategy_ema  [S2-freshness][GOOGL] No CALL EMA cross found in TODAY's session — trend predates today, blocking
2026-07-31 09:40:48 DEBUG    app.services.strategy_ema  [S2-pullback][PLTR] CALL — no pullback: pullback-bar low=122.4000 close=122.4101 EMA9=122.1412 (need low≤EMA9 or close within 0.1221)
2026-07-31 09:40:49 INFO     app.services.scheduler  [S2][NFLX] PUT entries disabled (s2_puts_enabled=0) — skip
2026-07-31 09:40:49 INFO     app.services.scheduler  [S2][SHOP] PUT entries disabled (s2_puts_enabled=0) — skip
2026-07-31 09:40:49 INFO     app.services.scheduler  [vol-ceiling][COIN] Symbol too hot — true range 270% of its own ATR(14) (max 250%) — post-event whip risk, blocking entry
2026-07-31 09:40:49 INFO     app.services.scheduler  [energy-gate][UBER] Symbol not in play — true range 38% of its own ATR(14) (min 50%) — blocking entry
2026-07-31 09:40:49 DEBUG    app.services.strategy_ema  [S2-freshness][WMT] CALL cross 33 bars old — within 40-bar window ✓
2026-07-31 09:40:49 INFO     app.services.strategy_ema  [S2-pullback][WMT] CALL pullback ✓ — pullback-bar low=111.3750 close=111.4650 EMA9=111.4932
2026-07-31 09:40:49 INFO     app.services.strategy_ema  [S2-confirm][WMT] CALL confirmed ✓ — close=111.5155 > prev_high=111.4700 > ema9=111.4932
2026-07-31 09:40:50 DEBUG    app.services.strategy_ema  [S2-freshness][FISV] CALL cross 9 bars old — within 40-bar window ✓
2026-07-31 09:40:50 DEBUG    app.services.strategy_ema  [S2-freshness][FIG] CALL cross 9 bars old — within 40-bar window ✓
2026-07-31 09:40:50 DEBUG    app.services.strategy_ema  [S2-pullback][FISV] CALL — no pullback: pullback-bar low=53.4200 close=53.4700 EMA9=53.3982 (need low≤EMA9 or close within 0.0534)
2026-07-31 09:40:50 INFO     app.services.scheduler  [S2][WMT] Structural levels: stop_u=111.21 target_u=111.91 R/R=1.39 → option SL=1.24 (−10%) TP=1.57 | stop 0.29 = 1.69×ATR(0.17)
2026-07-31 09:40:50 DEBUG    app.services.strategy_ema  [S2-pullback][FIG] CALL — no pullback: pullback-bar low=24.1900 close=24.2650 EMA9=24.1712 (need low≤EMA9 or close within 0.0242)
2026-07-31 09:40:50 INFO     app.services.scheduler  [S2][WMT] Limit order 139626091 placed: WMT260807C00112000 x4 @ $1.38
2026-07-31 09:40:50 DEBUG    app.services.strategy_ema  [S2-freshness][QCOM] CALL cross 0 bars old — within 40-bar window ✓
2026-07-31 09:40:50 DEBUG    app.services.strategy_ema  [S2-freshness][MSFT] CALL cross 14 bars old — within 40-bar window ✓
2026-07-31 09:40:50 DEBUG    app.services.strategy_ema  [S2-pullback][QCOM] CALL — no pullback: pullback-bar low=148.6900 close=148.7500 EMA9=148.4822 (need low≤EMA9 or close within 0.1485)
2026-07-31 09:40:51 INFO     app.services.strategy_ema  [S2-pullback][MSFT] CALL pullback ✓ — pullback-bar low=462.7600 close=462.7600 EMA9=462.5422
2026-07-31 09:40:51 INFO     app.services.strategy_ema  [S2-confirm][MSFT] CALL confirmation failed — candle bullish (open=462.7850 close=462.9401) prev_high=463.0400 ema9=462.5422 above_ema9=True
2026-07-31 09:40:51 DEBUG    app.services.strategy_ema  [S2-freshness][META] CALL cross 7 bars old — within 40-bar window ✓
2026-07-31 09:40:51 DEBUG    app.services.strategy_ema  [S2-pullback][META] CALL — no pullback: pullback-bar low=551.4900 close=551.5000 EMA9=548.7446 (need low≤EMA9 or close within 0.5487)
2026-07-31 09:40:52 INFO     app.services.scheduler  [S2][WMT] Limit order 139626091 REJECTED — aborting
2026-07-31 09:41:17 INFO     app.services.scheduler  [vol-ceiling][AMZN] Symbol too hot — true range 526% of its own ATR(14) (max 250%) — post-event whip risk, blocking entry
2026-07-31 09:41:17 INFO     app.services.scheduler  [vol-ceiling][AAPL] Symbol too hot — true range 413% of its own ATR(14) (max 250%) — post-event whip risk, blocking entry
2026-07-31 09:41:17 DEBUG    app.services.strategy_ema  [S2-freshness][NVDA] CALL cross 3 bars old — within 40-bar window ✓
2026-07-31 09:41:17 DEBUG    app.services.strategy_ema  [S2-pullback][NVDA] CALL — no pullback: pullback-bar low=197.8500 close=197.9800 EMA9=197.3312 (need low≤EMA9 or close within 0.1973)
2026-07-31 09:41:17 INFO     app.services.strategy_ema  [S2-freshness][GOOGL] No CALL EMA cross found in TODAY's session — trend predates today, blocking
2026-07-31 09:41:18 INFO     app.services.scheduler  [S2][SHOP] PUT entries disabled (s2_puts_enabled=0) — skip
2026-07-31 09:41:18 INFO     app.services.scheduler  [S2][NFLX] PUT entries disabled (s2_puts_enabled=0) — skip
2026-07-31 09:41:18 DEBUG    app.services.strategy_ema  [S2-freshness][PLTR] CALL cross 9 bars old — within 40-bar window ✓
2026-07-31 09:41:18 DEBUG    app.services.strategy_ema  [S2-pullback][PLTR] CALL — no pullback: pullback-bar low=122.4200 close=122.4700 EMA9=122.1412 (need low≤EMA9 or close within 0.1221)
2026-07-31 09:41:18 INFO     app.services.scheduler  [energy-gate][UBER] Symbol not in play — true range 38% of its own ATR(14) (min 50%) — blocking entry
2026-07-31 09:41:18 INFO     app.services.scheduler  [vol-ceiling][COIN] Symbol too hot — true range 270% of its own ATR(14) (max 250%) — post-event whip risk, blocking entry
2026-07-31 09:41:18 DEBUG    app.services.strategy_ema  [S2-freshness][WMT] CALL cross 33 bars old — within 40-bar window ✓
2026-07-31 09:41:19 DEBUG    app.services.strategy_ema  [S2-freshness][FIG] CALL cross 9 bars old — within 40-bar window ✓
2026-07-31 09:41:19 INFO     app.services.strategy_ema  [S2-pullback][WMT] CALL pullback ✓ — pullback-bar low=111.4431 close=111.5155 EMA9=111.4932
2026-07-31 09:41:19 INFO     app.services.strategy_ema  [S2-confirm][WMT] CALL confirmation failed — candle bearish/doji (open=111.5250 close=111.5000) prev_high=111.5155 ema9=111.4932 above_ema9=True
2026-07-31 09:41:19 DEBUG    app.services.strategy_ema  [S2-freshness][FISV] CALL cross 9 bars old — within 40-bar window ✓
2026-07-31 09:41:19 DEBUG    app.services.strategy_ema  [S2-pullback][FIG] CALL — no pullback: pullback-bar low=24.2500 close=24.2650 EMA9=24.1712 (need low≤EMA9 or close within 0.0242)
2026-07-31 09:41:19 DEBUG    app.services.strategy_ema  [S2-pullback][FISV] CALL — no pullback: pullback-bar low=53.4700 close=53.5100 EMA9=53.3982 (need low≤EMA9 or close within 0.0534)
2026-07-31 09:41:19 DEBUG    app.services.strategy_ema  [S2-freshness][QCOM] CALL cross 0 bars old — within 40-bar window ✓
2026-07-31 09:41:19 DEBUG    app.services.strategy_ema  [S2-pullback][QCOM] CALL — no pullback: pullback-bar low=148.7300 close=148.8400 EMA9=148.4822 (need low≤EMA9 or close within 0.1485)
2026-07-31 09:41:19 DEBUG    app.services.strategy_ema  [S2-freshness][MSFT] CALL cross 14 bars old — within 40-bar window ✓
2026-07-31 09:41:19 DEBUG    app.services.strategy_ema  [S2-freshness][META] CALL cross 7 bars old — within 40-bar window ✓
2026-07-31 09:41:19 INFO     app.services.strategy_ema  [S2-pullback][MSFT] CALL pullback ✓ — pullback-bar low=462.5900 close=462.9401 EMA9=462.5422
2026-07-31 09:41:19 INFO     app.services.strategy_ema  [S2-confirm][MSFT] CALL confirmation failed — candle bearish/doji (open=463.1500 close=463.0651) prev_high=463.4400 ema9=462.5422 above_ema9=True
2026-07-31 09:41:19 DEBUG    app.services.strategy_ema  [S2-pullback][META] CALL — no pullback: pullback-bar low=550.4250 close=550.5500 EMA9=548.7446 (need low≤EMA9 or close within 0.5487)
2026-07-31 09:41:47 INFO     app.services.scheduler  [vol-ceiling][AAPL] Symbol too hot — true range 413% of its own ATR(14) (max 250%) — post-event whip risk, blocking entry
2026-07-31 09:41:47 INFO     app.services.scheduler  [vol-ceiling][AMZN] Symbol too hot — true range 526% of its own ATR(14) (max 250%) — post-event whip risk, blocking entry
2026-07-31 09:41:47 DEBUG    app.services.strategy_ema  [S2-freshness][NVDA] CALL cross 3 bars old — within 40-bar window ✓
2026-07-31 09:41:48 DEBUG    app.services.strategy_ema  [S2-pullback][NVDA] CALL — no pullback: pullback-bar low=197.8500 close=197.9800 EMA9=197.3312 (need low≤EMA9 or close within 0.1973)
2026-07-31 09:41:48 INFO     app.services.strategy_ema  [S2-freshness][GOOGL] No CALL EMA cross found in TODAY's session — trend predates today, blocking
2026-07-31 09:41:48 DEBUG    app.services.strategy_ema  [S2-freshness][PLTR] CALL cross 9 bars old — within 40-bar window ✓
2026-07-31 09:41:48 INFO     app.services.scheduler  [S2][SHOP] PUT entries disabled (s2_puts_enabled=0) — skip
2026-07-31 09:41:48 INFO     app.services.scheduler  [S2][NFLX] PUT entries disabled (s2_puts_enabled=0) — skip
2026-07-31 09:41:48 DEBUG    app.services.strategy_ema  [S2-pullback][PLTR] CALL — no pullback: pullback-bar low=122.4200 close=122.4700 EMA9=122.1412 (need low≤EMA9 or close within 0.1221)
2026-07-31 09:41:49 INFO     app.services.scheduler  [vol-ceiling][COIN] Symbol too hot — true range 270% of its own ATR(14) (max 250%) — post-event whip risk, blocking entry
2026-07-31 09:41:49 DEBUG    app.services.strategy_ema  [S2-freshness][WMT] CALL cross 33 bars old — within 40-bar window ✓
2026-07-31 09:41:49 INFO     app.services.scheduler  [energy-gate][UBER] Symbol not in play — true range 38% of its own ATR(14) (min 50%) — blocking entry
2026-07-31 09:41:49 INFO     app.services.strategy_ema  [S2-pullback][WMT] CALL pullback ✓ — pullback-bar low=111.4431 close=111.5155 EMA9=111.4932
2026-07-31 09:41:49 INFO     app.services.strategy_ema  [S2-confirm][WMT] CALL confirmation failed — candle bearish/doji (open=111.5250 close=111.5000) prev_high=111.5155 ema9=111.4932 above_ema9=True
2026-07-31 09:41:49 DEBUG    app.services.strategy_ema  [S2-freshness][FIG] CALL cross 9 bars old — within 40-bar window ✓
2026-07-31 09:41:49 DEBUG    app.services.strategy_ema  [S2-freshness][QCOM] CALL cross 0 bars old — within 40-bar window ✓
2026-07-31 09:41:50 DEBUG    app.services.strategy_ema  [S2-freshness][FISV] CALL cross 9 bars old — within 40-bar window ✓
2026-07-31 09:41:50 DEBUG    app.services.strategy_ema  [S2-pullback][QCOM] CALL — no pullback: pullback-bar low=148.7300 close=148.8400 EMA9=148.4822 (need low≤EMA9 or close within 0.1485)
2026-07-31 09:41:50 DEBUG    app.services.strategy_ema  [S2-pullback][FIG] CALL — no pullback: pullback-bar low=24.2500 close=24.2650 EMA9=24.1712 (need low≤EMA9 or close within 0.0242)
2026-07-31 09:41:50 DEBUG    app.services.strategy_ema  [S2-pullback][FISV] CALL — no pullback: pullback-bar low=53.4700 close=53.5100 EMA9=53.3982 (need low≤EMA9 or close within 0.0534)
2026-07-31 09:41:50 DEBUG    app.services.strategy_ema  [S2-freshness][MSFT] CALL cross 14 bars old — within 40-bar window ✓
2026-07-31 09:41:51 DEBUG    app.services.strategy_ema  [S2-freshness][META] CALL cross 7 bars old — within 40-bar window ✓
2026-07-31 09:41:51 INFO     app.services.strategy_ema  [S2-pullback][MSFT] CALL pullback ✓ — pullback-bar low=462.5900 close=462.9401 EMA9=462.5422
2026-07-31 09:41:51 INFO     app.services.strategy_ema  [S2-confirm][MSFT] CALL confirmation failed — candle bearish/doji (open=463.1500 close=463.0651) prev_high=463.4400 ema9=462.5422 above_ema9=True
2026-07-31 09:41:51 DEBUG    app.services.strategy_ema  [S2-pullback][META] CALL — no pullback: pullback-bar low=550.4250 close=550.5500 EMA9=548.7446 (need low≤EMA9 or close within 0.5487)
2026-07-31 09:42:17 INFO     app.services.scheduler  [vol-ceiling][AAPL] Symbol too hot — true range 413% of its own ATR(14) (max 250%) — post-event whip risk, blocking entry
2026-07-31 09:42:17 DEBUG    app.services.strategy_ema  [S2-freshness][NVDA] CALL cross 3 bars old — within 40-bar window ✓
2026-07-31 09:42:17 DEBUG    app.services.strategy_ema  [S2-pullback][NVDA] CALL — no pullback: pullback-bar low=197.9200 close=197.9400 EMA9=197.3312 (need low≤EMA9 or close within 0.1973)
2026-07-31 09:42:17 INFO     app.services.scheduler  [vol-ceiling][AMZN] Symbol too hot — true range 526% of its own ATR(14) (max 250%) — post-event whip risk, blocking entry
2026-07-31 09:42:17 INFO     app.services.strategy_ema  [S2-freshness][GOOGL] No CALL EMA cross found in TODAY's session — trend predates today, blocking
2026-07-31 09:42:18 INFO     app.services.scheduler  [S2][NFLX] PUT entries disabled (s2_puts_enabled=0) — skip
2026-07-31 09:42:18 DEBUG    app.services.strategy_ema  [S2-freshness][PLTR] CALL cross 9 bars old — within 40-bar window ✓
2026-07-31 09:42:18 DEBUG    app.services.strategy_ema  [S2-pullback][PLTR] CALL — no pullback: pullback-bar low=122.4600 close=122.5150 EMA9=122.1412 (need low≤EMA9 or close within 0.1221)
2026-07-31 09:42:19 INFO     app.services.scheduler  [energy-gate][UBER] Symbol not in play — true range 38% of its own ATR(14) (min 50%) — blocking entry
2026-07-31 09:42:19 INFO     app.services.scheduler  [S2][SHOP] PUT entries disabled (s2_puts_enabled=0) — skip
2026-07-31 09:42:19 INFO     app.services.scheduler  [vol-ceiling][COIN] Symbol too hot — true range 270% of its own ATR(14) (max 250%) — post-event whip risk, blocking entry
2026-07-31 09:42:19 DEBUG    app.services.strategy_ema  [S2-freshness][WMT] CALL cross 33 bars old — within 40-bar window ✓
2026-07-31 09:42:19 INFO     app.services.strategy_ema  [S2-pullback][WMT] CALL pullback ✓ — pullback-bar low=111.5000 close=111.5000 EMA9=111.4932
2026-07-31 09:42:19 INFO     app.services.strategy_ema  [S2-confirm][WMT] CALL confirmed ✓ — close=111.5900 > prev_high=111.5400 > ema9=111.4932
2026-07-31 09:42:19 DEBUG    app.services.strategy_ema  [S2-freshness][FIG] CALL cross 9 bars old — within 40-bar window ✓
2026-07-31 09:42:19 DEBUG    app.services.strategy_ema  [S2-freshness][FISV] CALL cross 9 bars old — within 40-bar window ✓
2026-07-31 09:42:20 INFO     app.services.scheduler  [S2][WMT] Structural gate blocked CALL entry — reward/risk 0.82 < 1.20 (stop 0.32 vs target 0.26 in underlying)
2026-07-31 09:42:20 DEBUG    app.services.strategy_ema  [S2-pullback][FISV] CALL — no pullback: pullback-bar low=53.5000 close=53.5700 EMA9=53.3982 (need low≤EMA9 or close within 0.0534)
2026-07-31 09:42:20 DEBUG    app.services.strategy_ema  [S2-pullback][FIG] CALL — no pullback: pullback-bar low=24.2600 close=24.2901 EMA9=24.1712 (need low≤EMA9 or close within 0.0242)
2026-07-31 09:42:20 DEBUG    app.services.strategy_ema  [S2-freshness][QCOM] CALL cross 0 bars old — within 40-bar window ✓
2026-07-31 09:42:20 DEBUG    app.services.strategy_ema  [S2-freshness][MSFT] CALL cross 14 bars old — within 40-bar window ✓
2026-07-31 09:42:20 INFO     app.services.strategy_ema  [S2-pullback][QCOM] CALL pullback ✓ — pullback-bar low=148.4501 close=148.5000 EMA9=148.4822
2026-07-31 09:42:20 INFO     app.services.strategy_ema  [S2-confirm][QCOM] CALL confirmation failed — candle bearish/doji (open=148.5000 close=148.1600) prev_high=148.7700 ema9=148.4822 above_ema9=False
2026-07-31 09:42:20 DEBUG    app.services.strategy_ema  [S2-pullback][MSFT] CALL — no pullback: pullback-bar low=462.9401 close=463.0651 EMA9=462.5422 (need low≤EMA9 or close within 0.4625)
2026-07-31 09:42:20 DEBUG    app.services.strategy_ema  [S2-freshness][META] CALL cross 7 bars old — within 40-bar window ✓
2026-07-31 09:42:20 DEBUG    app.services.strategy_ema  [S2-pullback][META] CALL — no pullback: pullback-bar low=550.4501 close=551.3900 EMA9=548.7446 (need low≤EMA9 or close within 0.5487)
2026-07-31 09:42:47 INFO     app.services.scheduler  [vol-ceiling][AAPL] Symbol too hot — true range 413% of its own ATR(14) (max 250%) — post-event whip risk, blocking entry
2026-07-31 09:42:47 DEBUG    app.services.strategy_ema  [S2-freshness][NVDA] CALL cross 3 bars old — within 40-bar window ✓
2026-07-31 09:42:47 INFO     app.services.scheduler  [vol-ceiling][AMZN] Symbol too hot — true range 526% of its own ATR(14) (max 250%) — post-event whip risk, blocking entry
2026-07-31 09:42:47 DEBUG    app.services.strategy_ema  [S2-pullback][NVDA] CALL — no pullback: pullback-bar low=197.9200 close=197.9400 EMA9=197.3312 (need low≤EMA9 or close within 0.1973)
2026-07-31 09:42:47 INFO     app.services.strategy_ema  [S2-freshness][GOOGL] No CALL EMA cross found in TODAY's session — trend predates today, blocking
2026-07-31 09:42:48 DEBUG    app.services.strategy_ema  [S2-freshness][PLTR] CALL cross 9 bars old — within 40-bar window ✓
2026-07-31 09:42:48 DEBUG    app.services.strategy_ema  [S2-pullback][PLTR] CALL — no pullback: pullback-bar low=122.4600 close=122.5150 EMA9=122.1412 (need low≤EMA9 or close within 0.1221)
2026-07-31 09:42:48 INFO     app.services.scheduler  [S2][NFLX] PUT entries disabled (s2_puts_enabled=0) — skip
2026-07-31 09:42:48 INFO     app.services.scheduler  [S2][SHOP] PUT entries disabled (s2_puts_enabled=0) — skip
2026-07-31 09:42:48 INFO     app.services.strategy_ema  [S2-exit] TRAILING_STOP — bid 4.75 ≤ stop 4.78 (entry 4.20, mid 4.83)
2026-07-31 09:42:48 INFO     app.services.scheduler  [energy-gate][UBER] Symbol not in play — true range 38% of its own ATR(14) (min 50%) — blocking entry
2026-07-31 09:42:48 INFO     app.services.scheduler  [vol-ceiling][COIN] Symbol too hot — true range 270% of its own ATR(14) (max 250%) — post-event whip risk, blocking entry
2026-07-31 09:42:48 DEBUG    app.services.strategy_ema  [S2-freshness][WMT] CALL cross 33 bars old — within 40-bar window ✓
2026-07-31 09:42:48 INFO     app.services.scheduler  [TSLA] Trade 211: exit limit placed at $4.83 (TRAILING_STOP, mid) — waiting up to 12s
2026-07-31 09:42:48 DEBUG    app.services.strategy_ema  [S2-freshness][FIG] CALL cross 9 bars old — within 40-bar window ✓
2026-07-31 09:42:48 INFO     app.services.strategy_ema  [S2-pullback][WMT] CALL pullback ✓ — pullback-bar low=111.5000 close=111.5000 EMA9=111.4932
2026-07-31 09:42:48 INFO     app.services.strategy_ema  [S2-confirm][WMT] CALL confirmed ✓ — close=111.5900 > prev_high=111.5400 > ema9=111.4932
2026-07-31 09:42:49 DEBUG    app.services.strategy_ema  [S2-freshness][FISV] CALL cross 9 bars old — within 40-bar window ✓
2026-07-31 09:42:49 DEBUG    app.services.strategy_ema  [S2-pullback][FIG] CALL — no pullback: pullback-bar low=24.2600 close=24.2901 EMA9=24.1712 (need low≤EMA9 or close within 0.0242)
2026-07-31 09:42:49 DEBUG    app.services.strategy_ema  [S2-pullback][FISV] CALL — no pullback: pullback-bar low=53.5000 close=53.5700 EMA9=53.3982 (need low≤EMA9 or close within 0.0534)
2026-07-31 09:42:49 INFO     app.services.scheduler  [S2][WMT] Structural gate blocked CALL entry — reward/risk 0.76 < 1.20 (stop 0.33 vs target 0.25 in underlying)
2026-07-31 09:42:49 DEBUG    app.services.strategy_ema  [S2-freshness][MSFT] CALL cross 14 bars old — within 40-bar window ✓
2026-07-31 09:42:49 DEBUG    app.services.strategy_ema  [S2-freshness][META] CALL cross 7 bars old — within 40-bar window ✓
2026-07-31 09:42:49 DEBUG    app.services.strategy_ema  [S2-pullback][MSFT] CALL — no pullback: pullback-bar low=462.9401 close=463.0651 EMA9=462.5422 (need low≤EMA9 or close within 0.4625)
2026-07-31 09:42:49 DEBUG    app.services.strategy_ema  [S2-freshness][QCOM] CALL cross 0 bars old — within 40-bar window ✓
2026-07-31 09:42:49 DEBUG    app.services.strategy_ema  [S2-pullback][META] CALL — no pullback: pullback-bar low=550.4501 close=551.3900 EMA9=548.7446 (need low≤EMA9 or close within 0.5487)
2026-07-31 09:42:49 INFO     app.services.strategy_ema  [S2-pullback][QCOM] CALL pullback ✓ — pullback-bar low=148.4501 close=148.5000 EMA9=148.4822
2026-07-31 09:42:49 INFO     app.services.strategy_ema  [S2-confirm][QCOM] CALL confirmation failed — candle bearish/doji (open=148.5000 close=148.1600) prev_high=148.7700 ema9=148.4822 above_ema9=False
2026-07-31 09:42:51 INFO     app.services.scheduler  [TSLA] Trade 211: exit limit 139627137 filled
2026-07-31 09:42:51 INFO     app.services.scheduler  [TSLA] Trade 211 exit: actual fill $4.84 vs trigger quote $4.75 (diff +0.09 — using fill price for P&L)
2026-07-31 09:42:51 INFO     app.services.scheduler  [TSLA] Trade 211 CLOSED via TRAILING_STOP @ $4.84  PnL=$64.00
2026-07-31 09:43:17 INFO     app.services.scheduler  [vol-ceiling][AMZN] Symbol too hot — true range 526% of its own ATR(14) (max 250%) — post-event whip risk, blocking entry
2026-07-31 09:43:17 INFO     app.services.scheduler  [vol-ceiling][AAPL] Symbol too hot — true range 413% of its own ATR(14) (max 250%) — post-event whip risk, blocking entry
2026-07-31 09:43:17 DEBUG    app.services.strategy_ema  [S2-freshness][NVDA] CALL cross 3 bars old — within 40-bar window ✓
2026-07-31 09:43:17 DEBUG    app.services.strategy_ema  [S2-pullback][NVDA] CALL — no pullback: pullback-bar low=197.5900 close=197.5900 EMA9=197.3312 (need low≤EMA9 or close within 0.1973)
2026-07-31 09:43:17 INFO     app.services.strategy_ema  [S2-freshness][GOOGL] No CALL EMA cross found in TODAY's session — trend predates today, blocking
2026-07-31 09:43:18 DEBUG    app.services.strategy_ema  [S2-freshness][PLTR] CALL cross 9 bars old — within 40-bar window ✓
2026-07-31 09:43:18 DEBUG    app.services.strategy_ema  [S2-pullback][PLTR] CALL — no pullback: pullback-bar low=122.4599 close=122.4600 EMA9=122.1412 (need low≤EMA9 or close within 0.1221)
2026-07-31 09:43:18 INFO     app.services.scheduler  [S2][NFLX] PUT entries disabled (s2_puts_enabled=0) — skip
2026-07-31 09:43:18 INFO     app.services.scheduler  [S2][SHOP] PUT entries disabled (s2_puts_enabled=0) — skip
2026-07-31 09:43:18 INFO     app.services.scheduler  [vol-ceiling][COIN] Symbol too hot — true range 270% of its own ATR(14) (max 250%) — post-event whip risk, blocking entry
2026-07-31 09:43:19 DEBUG    app.services.strategy_ema  [S2-freshness][WMT] CALL cross 33 bars old — within 40-bar window ✓
2026-07-31 09:43:19 DEBUG    app.services.strategy_ema  [S2-freshness][FIG] CALL cross 9 bars old — within 40-bar window ✓
2026-07-31 09:43:19 INFO     app.services.scheduler  [energy-gate][UBER] Symbol not in play — true range 38% of its own ATR(14) (min 50%) — blocking entry
2026-07-31 09:43:19 INFO     app.services.strategy_ema  [S2-pullback][WMT] CALL pullback ✓ — pullback-bar low=111.4800 close=111.5900 EMA9=111.4932
2026-07-31 09:43:19 INFO     app.services.strategy_ema  [S2-confirm][WMT] CALL confirmed ✓ — close=111.6100 > prev_high=111.5900 > ema9=111.4932
2026-07-31 09:43:19 DEBUG    app.services.strategy_ema  [S2-pullback][FIG] CALL — no pullback: pullback-bar low=24.2800 close=24.2950 EMA9=24.1712 (need low≤EMA9 or close within 0.0242)
2026-07-31 09:43:19 DEBUG    app.services.strategy_ema  [S2-freshness][FISV] CALL cross 9 bars old — within 40-bar window ✓
2026-07-31 09:43:19 DEBUG    app.services.strategy_ema  [S2-pullback][FISV] CALL — no pullback: pullback-bar low=53.5600 close=53.5900 EMA9=53.3982 (need low≤EMA9 or close within 0.0534)
2026-07-31 09:43:19 INFO     app.services.scheduler  [S2][TSLA] Cooldown active — last TRAILING_STOP exit at 16:42 UTC (20-min window)
2026-07-31 09:43:19 INFO     app.services.scheduler  [S2][WMT] Structural gate blocked CALL entry — reward/risk 1.20 < 1.20 (stop 0.25 vs target 0.30 in underlying)
2026-07-31 09:43:19 DEBUG    app.services.strategy_ema  [S2-freshness][QCOM] CALL cross 0 bars old — within 40-bar window ✓
2026-07-31 09:43:20 INFO     app.services.strategy_ema  [S2-pullback][QCOM] CALL pullback ✓ — pullback-bar low=148.1600 close=148.1600 EMA9=148.4822
2026-07-31 09:43:20 INFO     app.services.strategy_ema  [S2-confirm][QCOM] CALL confirmation failed — candle bullish (open=148.1700 close=148.2500) prev_high=148.5200 ema9=148.4822 above_ema9=False
2026-07-31 09:43:20 DEBUG    app.services.strategy_ema  [S2-freshness][MSFT] CALL cross 14 bars old — within 40-bar window ✓
2026-07-31 09:43:20 DEBUG    app.services.strategy_ema  [S2-freshness][META] CALL cross 7 bars old — within 40-bar window ✓
2026-07-31 09:43:20 INFO     app.services.strategy_ema  [S2-pullback][MSFT] CALL pullback ✓ — pullback-bar low=462.5800 close=462.6250 EMA9=462.5422
2026-07-31 09:43:20 INFO     app.services.strategy_ema  [S2-confirm][MSFT] CALL confirmation failed — candle bullish (open=462.6250 close=463.1200) prev_high=463.1600 ema9=462.5422 above_ema9=True
2026-07-31 09:43:20 DEBUG    app.services.strategy_ema  [S2-pullback][META] CALL — no pullback: pullback-bar low=551.0901 close=551.3000 EMA9=548.7446 (need low≤EMA9 or close within 0.5487)
2026-07-31 09:43:47 INFO     app.services.scheduler  [vol-ceiling][AAPL] Symbol too hot — true range 413% of its own ATR(14) (max 250%) — post-event whip risk, blocking entry
2026-07-31 09:43:47 INFO     app.services.scheduler  [vol-ceiling][AMZN] Symbol too hot — true range 526% of its own ATR(14) (max 250%) — post-event whip risk, blocking entry
2026-07-31 09:43:47 DEBUG    app.services.strategy_ema  [S2-freshness][NVDA] CALL cross 3 bars old — within 40-bar window ✓
2026-07-31 09:43:47 DEBUG    app.services.strategy_ema  [S2-pullback][NVDA] CALL — no pullback: pullback-bar low=197.5900 close=197.5900 EMA9=197.3312 (need low≤EMA9 or close within 0.1973)
2026-07-31 09:43:47 INFO     app.services.strategy_ema  [S2-freshness][GOOGL] No CALL EMA cross found in TODAY's session — trend predates today, blocking
2026-07-31 09:43:48 DEBUG    app.services.strategy_ema  [S2-freshness][PLTR] CALL cross 9 bars old — within 40-bar window ✓
2026-07-31 09:43:48 INFO     app.services.scheduler  [S2][NFLX] PUT entries disabled (s2_puts_enabled=0) — skip
2026-07-31 09:43:48 INFO     app.services.scheduler  [S2][SHOP] PUT entries disabled (s2_puts_enabled=0) — skip
2026-07-31 09:43:48 DEBUG    app.services.strategy_ema  [S2-pullback][PLTR] CALL — no pullback: pullback-bar low=122.4599 close=122.4600 EMA9=122.1412 (need low≤EMA9 or close within 0.1221)
2026-07-31 09:43:48 INFO     app.services.scheduler  [energy-gate][UBER] Symbol not in play — true range 38% of its own ATR(14) (min 50%) — blocking entry
2026-07-31 09:43:48 INFO     app.services.scheduler  [vol-ceiling][COIN] Symbol too hot — true range 270% of its own ATR(14) (max 250%) — post-event whip risk, blocking entry
2026-07-31 09:43:48 DEBUG    app.services.strategy_ema  [S2-freshness][WMT] CALL cross 33 bars old — within 40-bar window ✓
2026-07-31 09:43:48 INFO     app.services.strategy_ema  [S2-pullback][WMT] CALL pullback ✓ — pullback-bar low=111.4800 close=111.5900 EMA9=111.4932
2026-07-31 09:43:48 INFO     app.services.strategy_ema  [S2-confirm][WMT] CALL confirmed ✓ — close=111.6100 > prev_high=111.5900 > ema9=111.4932
2026-07-31 09:43:49 DEBUG    app.services.strategy_ema  [S2-freshness][FIG] CALL cross 9 bars old — within 40-bar window ✓
2026-07-31 09:43:49 DEBUG    app.services.strategy_ema  [S2-freshness][FISV] CALL cross 9 bars old — within 40-bar window ✓
2026-07-31 09:43:49 INFO     app.services.scheduler  [S2][WMT] Structural gate blocked CALL entry — reward/risk 0.96 < 1.20 (stop 0.28 vs target 0.27 in underlying)
2026-07-31 09:43:49 DEBUG    app.services.strategy_ema  [S2-pullback][FIG] CALL — no pullback: pullback-bar low=24.2800 close=24.2950 EMA9=24.1712 (need low≤EMA9 or close within 0.0242)
2026-07-31 09:43:49 INFO     app.services.scheduler  [S2][TSLA] Cooldown active — last TRAILING_STOP exit at 16:42 UTC (20-min window)
2026-07-31 09:43:49 DEBUG    app.services.strategy_ema  [S2-pullback][FISV] CALL — no pullback: pullback-bar low=53.5600 close=53.5900 EMA9=53.3982 (need low≤EMA9 or close within 0.0534)
2026-07-31 09:43:49 DEBUG    app.services.strategy_ema  [S2-freshness][MSFT] CALL cross 14 bars old — within 40-bar window ✓
2026-07-31 09:43:49 DEBUG    app.services.strategy_ema  [S2-freshness][QCOM] CALL cross 0 bars old — within 40-bar window ✓
2026-07-31 09:43:49 INFO     app.services.strategy_ema  [S2-pullback][MSFT] CALL pullback ✓ — pullback-bar low=462.5800 close=462.6250 EMA9=462.5422
2026-07-31 09:43:49 INFO     app.services.strategy_ema  [S2-confirm][MSFT] CALL confirmation failed — candle bullish (open=462.6250 close=463.1200) prev_high=463.1600 ema9=462.5422 above_ema9=True
2026-07-31 09:43:49 INFO     app.services.strategy_ema  [S2-pullback][QCOM] CALL pullback ✓ — pullback-bar low=148.1600 close=148.1600 EMA9=148.4822
2026-07-31 09:43:49 INFO     app.services.strategy_ema  [S2-confirm][QCOM] CALL confirmation failed — candle bullish (open=148.1700 close=148.2500) prev_high=148.5200 ema9=148.4822 above_ema9=False
2026-07-31 09:43:50 DEBUG    app.services.strategy_ema  [S2-freshness][META] CALL cross 7 bars old — within 40-bar window ✓
2026-07-31 09:43:50 DEBUG    app.services.strategy_ema  [S2-pullback][META] CALL — no pullback: pullback-bar low=551.0901 close=551.3000 EMA9=548.7446 (need low≤EMA9 or close within 0.5487)
2026-07-31 09:44:17 DEBUG    app.services.strategy_ema  [S2-freshness][NVDA] CALL cross 3 bars old — within 40-bar window ✓
2026-07-31 09:44:17 INFO     app.services.scheduler  [vol-ceiling][AAPL] Symbol too hot — true range 413% of its own ATR(14) (max 250%) — post-event whip risk, blocking entry
2026-07-31 09:44:17 DEBUG    app.services.strategy_ema  [S2-pullback][NVDA] CALL — no pullback: pullback-bar low=197.5000 close=197.7300 EMA9=197.3312 (need low≤EMA9 or close within 0.1973)
2026-07-31 09:44:17 INFO     app.services.scheduler  [vol-ceiling][AMZN] Symbol too hot — true range 526% of its own ATR(14) (max 250%) — post-event whip risk, blocking entry
2026-07-31 09:44:17 INFO     app.services.strategy_ema  [S2-freshness][GOOGL] No CALL EMA cross found in TODAY's session — trend predates today, blocking
2026-07-31 09:44:17 DEBUG    app.services.strategy_ema  [S2-freshness][PLTR] CALL cross 9 bars old — within 40-bar window ✓
2026-07-31 09:44:18 DEBUG    app.services.strategy_ema  [S2-pullback][PLTR] CALL — no pullback: pullback-bar low=122.4200 close=122.5050 EMA9=122.1412 (need low≤EMA9 or close within 0.1221)
2026-07-31 09:44:18 INFO     app.services.scheduler  [S2][NFLX] PUT entries disabled (s2_puts_enabled=0) — skip
2026-07-31 09:44:18 INFO     app.services.scheduler  [S2][SHOP] PUT entries disabled (s2_puts_enabled=0) — skip
2026-07-31 09:44:18 INFO     app.services.scheduler  [vol-ceiling][COIN] Symbol too hot — true range 270% of its own ATR(14) (max 250%) — post-event whip risk, blocking entry
2026-07-31 09:44:18 INFO     app.services.scheduler  [energy-gate][UBER] Symbol not in play — true range 38% of its own ATR(14) (min 50%) — blocking entry
2026-07-31 09:44:18 DEBUG    app.services.strategy_ema  [S2-freshness][WMT] CALL cross 33 bars old — within 40-bar window ✓
2026-07-31 09:44:18 DEBUG    app.services.strategy_ema  [S2-pullback][WMT] CALL — no pullback: pullback-bar low=111.5900 close=111.6100 EMA9=111.4932 (need low≤EMA9 or close within 0.1115)
2026-07-31 09:44:19 DEBUG    app.services.strategy_ema  [S2-freshness][FIG] CALL cross 9 bars old — within 40-bar window ✓
2026-07-31 09:44:19 DEBUG    app.services.strategy_ema  [S2-freshness][FISV] CALL cross 9 bars old — within 40-bar window ✓
2026-07-31 09:44:19 DEBUG    app.services.strategy_ema  [S2-pullback][FIG] CALL — no pullback: pullback-bar low=24.2800 close=24.3150 EMA9=24.1712 (need low≤EMA9 or close within 0.0242)
2026-07-31 09:44:19 INFO     app.services.scheduler  [S2][TSLA] Cooldown active — last TRAILING_STOP exit at 16:42 UTC (20-min window)
2026-07-31 09:44:19 DEBUG    app.services.strategy_ema  [S2-freshness][QCOM] CALL cross 0 bars old — within 40-bar window ✓
2026-07-31 09:44:19 DEBUG    app.services.strategy_ema  [S2-pullback][FISV] CALL — no pullback: pullback-bar low=53.5700 close=53.5700 EMA9=53.3982 (need low≤EMA9 or close within 0.0534)
2026-07-31 09:44:19 INFO     app.services.strategy_ema  [S2-pullback][QCOM] CALL pullback ✓ — pullback-bar low=148.1300 close=148.2500 EMA9=148.4822
2026-07-31 09:44:19 INFO     app.services.strategy_ema  [S2-confirm][QCOM] CALL confirmation failed — candle bearish/doji (open=148.2500 close=148.1300) prev_high=148.2800 ema9=148.4822 above_ema9=False
2026-07-31 09:44:19 DEBUG    app.services.strategy_ema  [S2-freshness][MSFT] CALL cross 14 bars old — within 40-bar window ✓
2026-07-31 09:44:19 DEBUG    app.services.strategy_ema  [S2-freshness][META] CALL cross 7 bars old — within 40-bar window ✓
2026-07-31 09:44:19 DEBUG    app.services.strategy_ema  [S2-pullback][MSFT] CALL — no pullback: pullback-bar low=462.5700 close=463.1200 EMA9=462.5422 (need low≤EMA9 or close within 0.4625)
2026-07-31 09:44:20 DEBUG    app.services.strategy_ema  [S2-pullback][META] CALL — no pullback: pullback-bar low=550.4000 close=550.8800 EMA9=548.7446 (need low≤EMA9 or close within 0.5487)
2026-07-31 09:44:47 INFO     app.services.scheduler  [vol-ceiling][AAPL] Symbol too hot — true range 413% of its own ATR(14) (max 250%) — post-event whip risk, blocking entry
2026-07-31 09:44:47 INFO     app.services.scheduler  [vol-ceiling][AMZN] Symbol too hot — true range 526% of its own ATR(14) (max 250%) — post-event whip risk, blocking entry
2026-07-31 09:44:47 DEBUG    app.services.strategy_ema  [S2-freshness][NVDA] CALL cross 3 bars old — within 40-bar window ✓
2026-07-31 09:44:47 DEBUG    app.services.strategy_ema  [S2-pullback][NVDA] CALL — no pullback: pullback-bar low=197.5000 close=197.7300 EMA9=197.3312 (need low≤EMA9 or close within 0.1973)
2026-07-31 09:44:48 DEBUG    app.services.strategy_ema  [S2-freshness][PLTR] CALL cross 9 bars old — within 40-bar window ✓
2026-07-31 09:44:48 INFO     app.services.strategy_ema  [S2-freshness][GOOGL] No CALL EMA cross found in TODAY's session — trend predates today, blocking
2026-07-31 09:44:48 DEBUG    app.services.strategy_ema  [S2-pullback][PLTR] CALL — no pullback: pullback-bar low=122.4200 close=122.5050 EMA9=122.1412 (need low≤EMA9 or close within 0.1221)
2026-07-31 09:44:48 INFO     app.services.scheduler  [S2][NFLX] PUT entries disabled (s2_puts_enabled=0) — skip
2026-07-31 09:44:48 INFO     app.services.scheduler  [S2][SHOP] PUT entries disabled (s2_puts_enabled=0) — skip
2026-07-31 09:44:48 INFO     app.services.scheduler  [energy-gate][UBER] Symbol not in play — true range 38% of its own ATR(14) (min 50%) — blocking entry
2026-07-31 09:44:48 INFO     app.services.scheduler  [vol-ceiling][COIN] Symbol too hot — true range 270% of its own ATR(14) (max 250%) — post-event whip risk, blocking entry
2026-07-31 09:44:49 DEBUG    app.services.strategy_ema  [S2-freshness][WMT] CALL cross 33 bars old — within 40-bar window ✓
2026-07-31 09:44:49 DEBUG    app.services.strategy_ema  [S2-freshness][FIG] CALL cross 9 bars old — within 40-bar window ✓
2026-07-31 09:44:49 DEBUG    app.services.strategy_ema  [S2-pullback][FIG] CALL — no pullback: pullback-bar low=24.2800 close=24.3150 EMA9=24.1712 (need low≤EMA9 or close within 0.0242)
2026-07-31 09:44:49 DEBUG    app.services.strategy_ema  [S2-pullback][WMT] CALL — no pullback: pullback-bar low=111.5900 close=111.6100 EMA9=111.4932 (need low≤EMA9 or close within 0.1115)
2026-07-31 09:44:49 INFO     app.services.scheduler  [S2][TSLA] Cooldown active — last TRAILING_STOP exit at 16:42 UTC (20-min window)
2026-07-31 09:44:49 DEBUG    app.services.strategy_ema  [S2-freshness][FISV] CALL cross 9 bars old — within 40-bar window ✓
2026-07-31 09:44:49 DEBUG    app.services.strategy_ema  [S2-pullback][FISV] CALL — no pullback: pullback-bar low=53.5700 close=53.5700 EMA9=53.3982 (need low≤EMA9 or close within 0.0534)
2026-07-31 09:44:49 DEBUG    app.services.strategy_ema  [S2-freshness][QCOM] CALL cross 0 bars old — within 40-bar window ✓
2026-07-31 09:44:49 DEBUG    app.services.strategy_ema  [S2-freshness][MSFT] CALL cross 14 bars old — within 40-bar window ✓
2026-07-31 09:44:49 INFO     app.services.strategy_ema  [S2-pullback][QCOM] CALL pullback ✓ — pullback-bar low=148.1300 close=148.2500 EMA9=148.4822
2026-07-31 09:44:49 INFO     app.services.strategy_ema  [S2-confirm][QCOM] CALL confirmation failed — candle bearish/doji (open=148.2500 close=148.1300) prev_high=148.2800 ema9=148.4822 above_ema9=False
2026-07-31 09:44:50 DEBUG    app.services.strategy_ema  [S2-pullback][MSFT] CALL — no pullback: pullback-bar low=462.5700 close=463.1200 EMA9=462.5422 (need low≤EMA9 or close within 0.4625)
2026-07-31 09:44:50 DEBUG    app.services.strategy_ema  [S2-freshness][META] CALL cross 7 bars old — within 40-bar window ✓
2026-07-31 09:44:50 DEBUG    app.services.strategy_ema  [S2-pullback][META] CALL — no pullback: pullback-bar low=550.4000 close=550.8800 EMA9=548.7446 (need low≤EMA9 or close within 0.5487)
2026-07-31 09:45:17 INFO     app.services.scheduler  [vol-ceiling][AMZN] Symbol too hot — true range 526% of its own ATR(14) (max 250%) — post-event whip risk, blocking entry
2026-07-31 09:45:17 DEBUG    app.services.strategy_ema  [S2-5m-filter][NVDA] CALL OK — EMA9=197.4030 > EMA21=197.0409 close=197.6900 > VWAP=197.3614 slopes both↑
2026-07-31 09:45:17 DEBUG    app.services.strategy_ema  [S2-freshness][NVDA] CALL cross 4 bars old — within 40-bar window ✓
2026-07-31 09:45:17 DEBUG    app.services.strategy_ema  [S2-pullback][NVDA] CALL — no pullback: pullback-bar low=197.6700 close=197.7250 EMA9=197.4030 (need low≤EMA9 or close within 0.1974)
2026-07-31 09:45:18 INFO     app.services.scheduler  [vol-ceiling][AAPL] Symbol too hot — true range 413% of its own ATR(14) (max 250%) — post-event whip risk, blocking entry
2026-07-31 09:45:18 DEBUG    app.services.strategy_ema  [S2-5m-filter][GOOGL] CALL OK — EMA9=353.0410 > EMA21=351.4112 close=353.1250 > VWAP=348.0279 slopes both↑
2026-07-31 09:45:18 INFO     app.services.strategy_ema  [S2-freshness][GOOGL] No CALL EMA cross found in TODAY's session — trend predates today, blocking
2026-07-31 09:45:18 INFO     app.services.strategy_ema  [S2-5m-filter][NFLX] CALL blocked — EMA9=71.5791 EMA21=71.6300 close=71.5000 VWAP=71.7191 EMA9_slope=↓ EMA21_slope=↓
2026-07-31 09:45:18 INFO     app.services.scheduler  [S2][NFLX] PUT entries disabled (s2_puts_enabled=0) — skip
2026-07-31 09:45:19 INFO     app.services.strategy_ema  [S2-5m-filter][INTC] CALL blocked — EMA9=92.1460 EMA21=92.2665 close=91.8150 VWAP=93.6584 EMA9_slope=↓ EMA21_slope=↓
2026-07-31 09:45:19 INFO     app.services.scheduler  [S2][INTC] PUT entries disabled (s2_puts_enabled=0) — skip
2026-07-31 09:45:19 DEBUG    app.services.strategy_ema  [S2-5m-filter][PLTR] CALL OK — EMA9=122.2160 > EMA21=121.7559 close=122.5150 > VWAP=121.3237 slopes both↑
2026-07-31 09:45:19 DEBUG    app.services.strategy_ema  [S2-freshness][PLTR] CALL cross 10 bars old — within 40-bar window ✓
2026-07-31 09:45:19 DEBUG    app.services.strategy_ema  [S2-pullback][PLTR] CALL — no pullback: pullback-bar low=122.4500 close=122.4600 EMA9=122.2160 (need low≤EMA9 or close within 0.1222)
2026-07-31 09:45:19 INFO     app.services.strategy_ema  [S2-5m-filter][SHOP] CALL blocked — EMA9=117.1884 EMA21=117.3059 close=117.0050 VWAP=118.1808 EMA9_slope=↓ EMA21_slope=↓
2026-07-31 09:45:19 INFO     app.services.scheduler  [S2][SHOP] PUT entries disabled (s2_puts_enabled=0) — skip
2026-07-31 09:45:19 INFO     app.services.scheduler  [energy-gate][UBER] Symbol not in play — true range 38% of its own ATR(14) (min 50%) — blocking entry
2026-07-31 09:45:20 DEBUG    app.services.strategy_ema  [S2-5m-filter][WMT] CALL OK — EMA9=111.5316 > EMA21=111.4709 close=111.6850 > VWAP=111.1759 slopes both↑
2026-07-31 09:45:20 DEBUG    app.services.strategy_ema  [S2-freshness][WMT] CALL cross 34 bars old — within 40-bar window ✓
2026-07-31 09:45:20 INFO     app.services.scheduler  [vol-ceiling][COIN] Symbol too hot — true range 270% of its own ATR(14) (max 250%) — post-event whip risk, blocking entry
2026-07-31 09:45:20 DEBUG    app.services.strategy_ema  [S2-5m-filter][FIG] CALL OK — EMA9=24.1950 > EMA21=24.1231 close=24.2900 > VWAP=24.1729 slopes both↑
2026-07-31 09:45:20 DEBUG    app.services.strategy_ema  [S2-freshness][FIG] CALL cross 10 bars old — within 40-bar window ✓
2026-07-31 09:45:20 INFO     app.services.strategy_ema  [S2-pullback][WMT] CALL pullback ✓ — pullback-bar low=111.5600 close=111.6400 EMA9=111.5316
2026-07-31 09:45:20 INFO     app.services.strategy_ema  [S2-confirm][WMT] CALL confirmed ✓ — close=111.6850 > prev_high=111.6450 > ema9=111.5316
2026-07-31 09:45:20 DEBUG    app.services.strategy_ema  [S2-5m-filter][FISV] CALL OK — EMA9=53.4285 > EMA21=53.3368 close=53.5500 > VWAP=53.2031 slopes both↑
2026-07-31 09:45:20 DEBUG    app.services.strategy_ema  [S2-freshness][FISV] CALL cross 10 bars old — within 40-bar window ✓
2026-07-31 09:45:21 DEBUG    app.services.strategy_ema  [S2-pullback][FIG] CALL — no pullback: pullback-bar low=24.2950 close=24.2950 EMA9=24.1950 (need low≤EMA9 or close within 0.0242)
2026-07-31 09:45:21 INFO     app.services.scheduler  [S2][WMT] Structural gate blocked CALL entry — reward/risk 0.96 < 1.20 (stop 0.25 vs target 0.24 in underlying)
2026-07-31 09:45:21 INFO     app.services.scheduler  [S2][TSLA] Cooldown active — last TRAILING_STOP exit at 16:42 UTC (20-min window)
2026-07-31 09:45:21 DEBUG    app.services.strategy_ema  [S2-pullback][FISV] CALL — no pullback: pullback-bar low=53.5500 close=53.5600 EMA9=53.4285 (need low≤EMA9 or close within 0.0534)
2026-07-31 09:45:21 INFO     app.services.strategy_ema  [S2-5m-filter][QCOM] CALL blocked — EMA9=148.3987 EMA21=148.4393 close=148.0650 VWAP=148.6875 EMA9_slope=↓ EMA21_slope=↓
2026-07-31 09:45:21 INFO     app.services.scheduler  [S2][QCOM] PUT entries disabled (s2_puts_enabled=0) — skip
2026-07-31 09:45:22 DEBUG    app.services.strategy_ema  [S2-5m-filter][META] CALL OK — EMA9=548.9761 > EMA21=547.7158 close=549.9020 > VWAP=548.4910 slopes both↑
2026-07-31 09:45:22 DEBUG    app.services.strategy_ema  [S2-freshness][META] CALL cross 8 bars old — within 40-bar window ✓
2026-07-31 09:45:22 DEBUG    app.services.strategy_ema  [S2-5m-filter][MSFT] CALL OK — EMA9=462.7457 > EMA21=460.8365 close=463.5600 > VWAP=458.2610 slopes both↑
2026-07-31 09:45:22 DEBUG    app.services.strategy_ema  [S2-freshness][MSFT] CALL cross 15 bars old — within 40-bar window ✓
2026-07-31 09:45:22 INFO     app.services.strategy_ema  [S2-pullback][META] CALL pullback ✓ — pullback-bar low=548.9900 close=549.3201 EMA9=548.9761
2026-07-31 09:45:22 INFO     app.services.strategy_ema  [S2-confirm][META] CALL confirmation failed — candle bullish (open=549.2681 close=549.9020) prev_high=550.7400 ema9=548.9761 above_ema9=True
2026-07-31 09:45:22 DEBUG    app.services.strategy_ema  [S2-pullback][MSFT] CALL — no pullback: pullback-bar low=463.0000 close=463.2800 EMA9=462.7457 (need low≤EMA9 or close within 0.4627)
2026-07-31 09:45:47 INFO     app.services.scheduler  [vol-ceiling][AAPL] Symbol too hot — true range 413% of its own ATR(14) (max 250%) — post-event whip risk, blocking entry
2026-07-31 09:45:47 DEBUG    app.services.strategy_ema  [S2-freshness][NVDA] CALL cross 4 bars old — within 40-bar window ✓
2026-07-31 09:45:47 INFO     app.services.scheduler  [vol-ceiling][AMZN] Symbol too hot — true range 526% of its own ATR(14) (max 250%) — post-event whip risk, blocking entry
2026-07-31 09:45:47 DEBUG    app.services.strategy_ema  [S2-pullback][NVDA] CALL — no pullback: pullback-bar low=197.6700 close=197.7250 EMA9=197.4030 (need low≤EMA9 or close within 0.1974)
2026-07-31 09:45:47 INFO     app.services.strategy_ema  [S2-freshness][GOOGL] No CALL EMA cross found in TODAY's session — trend predates today, blocking
2026-07-31 09:45:47 DEBUG    app.services.strategy_ema  [S2-freshness][PLTR] CALL cross 10 bars old — within 40-bar window ✓
2026-07-31 09:45:47 INFO     app.services.scheduler  [S2][INTC] PUT entries disabled (s2_puts_enabled=0) — skip
2026-07-31 09:45:47 DEBUG    app.services.strategy_ema  [S2-pullback][PLTR] CALL — no pullback: pullback-bar low=122.4500 close=122.4600 EMA9=122.2160 (need low≤EMA9 or close within 0.1222)
2026-07-31 09:45:48 INFO     app.services.scheduler  [S2][NFLX] PUT entries disabled (s2_puts_enabled=0) — skip
2026-07-31 09:45:48 INFO     app.services.scheduler  [S2][SHOP] PUT entries disabled (s2_puts_enabled=0) — skip
2026-07-31 09:45:48 INFO     app.services.scheduler  [energy-gate][UBER] Symbol not in play — true range 38% of its own ATR(14) (min 50%) — blocking entry
2026-07-31 09:45:48 INFO     app.services.scheduler  [vol-ceiling][COIN] Symbol too hot — true range 270% of its own ATR(14) (max 250%) — post-event whip risk, blocking entry
2026-07-31 09:45:48 DEBUG    app.services.strategy_ema  [S2-freshness][WMT] CALL cross 34 bars old — within 40-bar window ✓
2026-07-31 09:45:48 DEBUG    app.services.strategy_ema  [S2-freshness][FIG] CALL cross 10 bars old — within 40-bar window ✓
2026-07-31 09:45:48 INFO     app.services.strategy_ema  [S2-pullback][WMT] CALL pullback ✓ — pullback-bar low=111.5600 close=111.6400 EMA9=111.5316
2026-07-31 09:45:48 INFO     app.services.strategy_ema  [S2-confirm][WMT] CALL confirmed ✓ — close=111.6850 > prev_high=111.6450 > ema9=111.5316
2026-07-31 09:45:49 DEBUG    app.services.strategy_ema  [S2-pullback][FIG] CALL — no pullback: pullback-bar low=24.2950 close=24.2950 EMA9=24.1950 (need low≤EMA9 or close within 0.0242)
2026-07-31 09:45:49 DEBUG    app.services.strategy_ema  [S2-freshness][FISV] CALL cross 10 bars old — within 40-bar window ✓
2026-07-31 09:45:49 INFO     app.services.scheduler  [S2][WMT] Structural levels: stop_u=111.42 target_u=111.91 R/R=1.58 → option SL=1.32 (−8%) TP=1.58 | stop 0.19 = 1.12×ATR(0.17)
2026-07-31 09:45:49 DEBUG    app.services.strategy_ema  [S2-pullback][FISV] CALL — no pullback: pullback-bar low=53.5500 close=53.5600 EMA9=53.4285 (need low≤EMA9 or close within 0.0534)
2026-07-31 09:45:49 INFO     app.services.scheduler  [S2][TSLA] Cooldown active — last TRAILING_STOP exit at 16:42 UTC (20-min window)
2026-07-31 09:45:49 INFO     app.services.scheduler  [S2][WMT] Limit order 139628856 placed: WMT260807C00112000 x4 @ $1.44
2026-07-31 09:45:49 INFO     app.services.scheduler  [S2][QCOM] PUT entries disabled (s2_puts_enabled=0) — skip
2026-07-31 09:45:49 DEBUG    app.services.strategy_ema  [S2-freshness][MSFT] CALL cross 15 bars old — within 40-bar window ✓
2026-07-31 09:45:49 DEBUG    app.services.strategy_ema  [S2-pullback][MSFT] CALL — no pullback: pullback-bar low=463.0000 close=463.2800 EMA9=462.7457 (need low≤EMA9 or close within 0.4627)
2026-07-31 09:45:50 DEBUG    app.services.strategy_ema  [S2-freshness][META] CALL cross 8 bars old — within 40-bar window ✓
2026-07-31 09:45:50 INFO     app.services.strategy_ema  [S2-pullback][META] CALL pullback ✓ — pullback-bar low=548.9900 close=549.3201 EMA9=548.9761
2026-07-31 09:45:50 INFO     app.services.strategy_ema  [S2-confirm][META] CALL confirmation failed — candle bullish (open=549.2681 close=549.9020) prev_high=550.7400 ema9=548.9761 above_ema9=True
2026-07-31 09:46:16 WARNING  apscheduler.scheduler  Execution of job "scan_for_entries_s2 (trigger: interval[0:00:30], next run at: 2026-07-31 12:46:16 EDT)" skipped: maximum number of running instances reached (1)
2026-07-31 09:52:21 INFO     app.routers.trades  [NOW] Trade 210 broker disaster stop modified to $3.06 (bot stop $3.26 − 6% buffer) (order 139610065)
2026-07-31 09:52:21 INFO     app.routers.trades  [NOW] Trade 210: broker TP skipped — resting stop 139610065 reserves the contracts (bot-side TP enforces the new target)
2026-07-31 09:52:21 INFO     app.routers.trades  [NOW] Trade 210 levels updated — stop=$3.26  tp=$4.03
2026-07-31 10:05:10 INFO     app.routers.trades  [NOW] Trade 210 broker disaster stop modified to $3.06 (bot stop $3.26 − 6% buffer) (order 139610065)
2026-07-31 10:05:10 INFO     app.routers.trades  [NOW] Trade 210: broker TP skipped — resting stop 139610065 reserves the contracts (bot-side TP enforces the new target)
2026-07-31 10:05:10 INFO     app.routers.trades  [NOW] Trade 210 levels updated — stop=$3.26  tp=$3.92
2026-07-31 10:30:57 INFO     app.routers.trades  [NOW] Trade 210 broker disaster stop modified to $3.06 (bot stop $3.26 − 6% buffer) (order 139610065)
2026-07-31 10:30:57 INFO     app.routers.trades  [NOW] Trade 210: broker TP skipped — resting stop 139610065 reserves the contracts (bot-side TP enforces the new target)
2026-07-31 10:30:57 INFO     app.routers.trades  [NOW] Trade 210 levels updated — stop=$3.26  tp=$3.96
2026-07-31 10:33:18 INFO     app.services.scheduler  [NOW] Trade 210: exit limit placed at $4.10 (TP2, mid) — waiting up to 12s
2026-07-31 10:33:20 INFO     app.services.scheduler  [NOW] Trade 210: exit limit 139654992 filled
2026-07-31 10:33:20 INFO     app.services.scheduler  [NOW] Trade 210 exit: actual fill $4.10 vs trigger quote $4.00 (diff +0.10 — using fill price for P&L)
2026-07-31 10:33:20 INFO     app.services.scheduler  [NOW] Trade 210 CLOSED via TP2 @ $4.10  PnL=$40.00
